Attraction_ID,Attraction_Name,OSM_Image_URL,Success,Old_Image_URL,New_Image_URL,Old_Source,New_Source,Error
"50bcf940-a77a-41dc-ae6d-17cf9df7c12c","Igreja Matriz Nossa Senhora da Purificação","https://upload.wikimedia.org/wikipedia/commons/4/44/Igreja_Matriz_Nossa_Senhora_da_Purifica%C3%A7%C3%A3o.jpg","true","https://upload.wikimedia.org/wikipedia/commons/4/44/Igreja_Matriz_Nossa_Senhora_da_Purifica%C3%A7%C3%A3o.jpg","https://tysnkzmljlmmqpbotkxv.supabase.co/storage/v1/object/public/travel-app-images/osm-50bcf940/igreja-matriz-nossa-senhora-da-purificao-igrejamatriznossasenhoradapuri-1757534833294-1.jpg","unknown","osm",""
"04b400d0-cfa8-4880-948d-320a2535f711","Projeto - Dê o seu melhor","http://backend-mapabem.rhcloud.com/static/media/None/9551acc0cbb845bda5c2e0d679c5f44c.png","false","http://backend-mapabem.rhcloud.com/static/media/None/9551acc0cbb845bda5c2e0d679c5f44c.png","","unknown","","Edge function error: 500 Internal Server Error - {"error":"Failed to extract OSM image","details":"error sending request for url (http://backend-mapabem.rhcloud.com/static/media/None/9551acc0cbb845bda5c2e0d679c5f44c.png): client error (Connect): dns error: failed to lookup address information: Name or service not known: failed to lookup address information: Name or service not known"}"
"f75bf88b-0796-42fe-8eae-6375798cd94b","Cruz de Ferro","File:Cruzeiro_da_Real_Fábrica.jpg","false","","","unknown","","Edge function error: 500 Internal Server Error - {"error":"Failed to extract OSM image","details":"NetworkError when attempting to fetch resource"}"
"c3be8a90-0675-4d1e-ba17-92ac23b63713","Projeto Jiu-Jitsu Lutando como Davi","http://backend-mapabem.rhcloud.com/static/media/None/4ad8235e199d45f59037debb78424ad3.jpg","false","http://backend-mapabem.rhcloud.com/static/media/None/4ad8235e199d45f59037debb78424ad3.jpg","","unknown","","Edge function error: 500 Internal Server Error - {"error":"Failed to extract OSM image","details":"error sending request for url (http://backend-mapabem.rhcloud.com/static/media/None/4ad8235e199d45f59037debb78424ad3.jpg): client error (Connect): dns error: failed to lookup address information: Name or service not known: failed to lookup address information: Name or service not known"}"
"c52eb499-e437-4e1e-8ae7-684fdf1395d4","Museu do Ipiranga","File:Webysther 20190304150324 - Parque da Independência.jpg","false","https://tysnkzmljlmmqpbotkxv.supabase.co/storage/v1/object/public/travel-app-images/wikidata-c52eb499/museu-do-ipiranga-filemuseuipiranga1jp-1757531721594-1.jpg","","wikidata","","Edge function error: 500 Internal Server Error - {"error":"Failed to extract OSM image","details":"NetworkError when attempting to fetch resource"}"
"ba5b0848-671b-4056-bdb0-4cf59cb48b97","Busto do Mosenhor Alfredo de Arruda Câmara","https://www.flickr.com/photos/139355051@N08/38743715404/in/dateposted-public/","true","https://www.flickr.com/photos/139355051@N08/38743715404/in/dateposted-public/","https://tysnkzmljlmmqpbotkxv.supabase.co/storage/v1/object/public/travel-app-images/osm-ba5b0848/busto-do-mosenhor-alfredo-de-arruda-cmara-osm-image-1757534846352-1.jpg","unknown","osm",""
"700b692a-0b87-46d6-93e1-ffb404fefa27","Morro do Chapéu (Morro das Cabras)","https://www.researchgate.net/figure/Figura-1-Mapa-de-localizacao-do-Morro-do-Chapeu-2949-2829-S-e-51-4-2916-O_fig1_268515217","false","https://www.researchgate.net/figure/Figura-1-Mapa-de-localizacao-do-Morro-do-Chapeu-2949-2829-S-e-51-4-2916-O_fig1_268515217","","unknown","","Edge function error: 500 Internal Server Error - {"error":"Failed to extract OSM image","details":"Failed to download image: 403 Forbidden"}"
"8a00588c-f9cd-4fb2-b924-c56552953d95","Cork City Gaol","http://commons.wikimedia.org/wiki/File:Gatehouse,_Cork_City_Gaol,_Cork_City_-_geograph.org.uk_-_1239790.jpg","true","https://tysnkzmljlmmqpbotkxv.supabase.co/storage/v1/object/public/travel-app-images/wikidata-8a00588c/cork-city-gaol-filecork-city-jailjp-1757531900158-1.jpg","https://tysnkzmljlmmqpbotkxv.supabase.co/storage/v1/object/public/travel-app-images/osm-8a00588c/cork-city-gaol-filegatehousecorkcitygaolcorkc-1757534853311-1.jpg","wikidata","osm",""
"4185cc81-905d-44cf-88ca-ed918c7cbce9","São Paulo, Vida Nova","File:Totem São Paulo Vida Nova, trevo km 174 da Rodovia SP-300.jpg","false","","","unknown","","Edge function error: 500 Internal Server Error - {"error":"Failed to extract OSM image","details":"NetworkError when attempting to fetch resource"}"
"87d5b2ba-c1ac-404f-804d-d577d61dcabd","Museu Histórico do Tocantins (Palacinho)","https://upload.wikimedia.org/wikipedia/commons/thumb/b/b3/Museu_Hist%C3%B3rico_do_Tocantins_-_Palacinho_30.jpg/300px-Museu_Hist%C3%B3rico_do_Tocantins_-_Palacinho_30.jpg","true","https://upload.wikimedia.org/wikipedia/commons/thumb/b/b3/Museu_Hist%C3%B3rico_do_Tocantins_-_Palacinho_30.jpg/300px-Museu_Hist%C3%B3rico_do_Tocantins_-_Palacinho_30.jpg","https://tysnkzmljlmmqpbotkxv.supabase.co/storage/v1/object/public/travel-app-images/osm-87d5b2ba/museu-histrico-do-tocantins-palacinho-300px-museuhistc3b3ricodotocan-1757534859316-1.jpg","unknown","osm",""
"ef08dcd5-d286-4895-9b45-1d3e29936372","RMS Titanic Memorial","https://en.wikipedia.org/wiki/Cobh#/media/File:Titanic_Memorial_Cobh_Ireland.jpg","true","https://tysnkzmljlmmqpbotkxv.supabase.co/storage/v1/object/public/travel-app-images/ChIJkYffPKSDREgRslUbJi-FD1c/ChIJkYffPKSDREgRslUbJi-FD1c_1753986630989_1.jpg","https://tysnkzmljlmmqpbotkxv.supabase.co/storage/v1/object/public/travel-app-images/osm-ef08dcd5/rms-titanic-memorial-filetitanicmemorialcobhireland-1757534863028-1.jpg","unknown","osm",""
"55b9a73d-36f6-44e7-bbb0-e38d11949e3b","The Titanic Trail","https://en.wikipedia.org/wiki/Cobh#/media/File:Titanic_Memorial_Cobh_Ireland.jpg","true","https://tysnkzmljlmmqpbotkxv.supabase.co/storage/v1/object/public/travel-app-images/ChIJmcNF9aODREgREkcYn6_NAcA/ChIJmcNF9aODREgREkcYn6_NAcA_1753986564402_1.jpg","https://tysnkzmljlmmqpbotkxv.supabase.co/storage/v1/object/public/travel-app-images/osm-55b9a73d/the-titanic-trail-filetitanicmemorialcobhireland-1757534866809-1.jpg","unknown","osm",""
"ff9bafcf-59c0-44ca-97f1-5058d245abe8","Cork City Library","https://www.corkcitylibraries.ie/media/vdjboneq/grand_parade_exterior_.jpg","true","https://tysnkzmljlmmqpbotkxv.supabase.co/storage/v1/object/public/travel-app-images/ChIJp68pkhCQREgRmxEvoe-Bcdk/ChIJp68pkhCQREgRmxEvoe-Bcdk_1753986193518_1.jpg","https://tysnkzmljlmmqpbotkxv.supabase.co/storage/v1/object/public/travel-app-images/osm-ff9bafcf/cork-city-library-grandparadeexterior.jpg-1757534873344-1.jpg","unknown","osm",""
"59735951-a10f-4b50-bcaa-5d0cd29ca47d","Serra da Ibituruna","http://www.minasgerais.com.br/imagens/atracoes/1506553554HGx7ejPME8.jpg","true","http://www.minasgerais.com.br/imagens/atracoes/1506553554HGx7ejPME8.jpg","https://tysnkzmljlmmqpbotkxv.supabase.co/storage/v1/object/public/travel-app-images/osm-59735951/serra-da-ibituruna-1506553554hgx7ejpme8.jpg-1757534877131-1.jpg","unknown","osm",""
"7692dc8d-7735-4df2-b3c4-bd9b93ca191b","Zalén","http://backend-mapabem.rhcloud.com/static/media/None/8050ae456731419fb618373d6f6b825c.jpg","false","http://backend-mapabem.rhcloud.com/static/media/None/8050ae456731419fb618373d6f6b825c.jpg","","unknown","","Edge function error: 500 Internal Server Error - {"error":"Failed to extract OSM image","details":"error sending request for url (http://backend-mapabem.rhcloud.com/static/media/None/8050ae456731419fb618373d6f6b825c.jpg): client error (Connect): dns error: failed to lookup address information: Name or service not known: failed to lookup address information: Name or service not known"}"
"798cc054-99d2-4787-839b-aeba57031a43","Obra Coletiva São Benedito","http://backend-mapabem.rhcloud.com/static/media/None/cf2cf7842f7548769afd5e0dd21fe2ca.JPG","false","http://backend-mapabem.rhcloud.com/static/media/None/cf2cf7842f7548769afd5e0dd21fe2ca.JPG","","unknown","","Edge function error: 500 Internal Server Error - {"error":"Failed to extract OSM image","details":"error sending request for url (http://backend-mapabem.rhcloud.com/static/media/None/cf2cf7842f7548769afd5e0dd21fe2ca.JPG): client error (Connect): dns error: failed to lookup address information: Name or service not known: failed to lookup address information: Name or service not known"}"
"6b9aea3c-056d-439a-a314-f80269324c8a","Monumento a Suzana Dias","File:Wiki Takes Santana de Parnaíba (Jul 2019) 08.jpg","false","https://commons.wikimedia.org/wiki/Category:Suzana Dias (sculpture)","","wikimedia_commons","","Edge function error: 500 Internal Server Error - {"error":"Failed to extract OSM image","details":"NetworkError when attempting to fetch resource"}"
"17085148-374d-4359-a7bf-a3e6ddd4bbf9","O Jardineiro","File:Vista frontal do jardineiro.jpg","false","","","unknown","","Edge function error: 500 Internal Server Error - {"error":"Failed to extract OSM image","details":"NetworkError when attempting to fetch resource"}"
"71a1695c-c7f8-4feb-b931-b63d4a1878b3","Cachoeira do Tobogã - Cachoeira da Penha","https://photos.app.goo.gl/WVtX3WYtQ41HzmfWA","true","https://photos.app.goo.gl/WVtX3WYtQ41HzmfWA","https://tysnkzmljlmmqpbotkxv.supabase.co/storage/v1/object/public/travel-app-images/osm-71a1695c/cachoeira-do-tobog-cachoeira-da-penha-wvtx3wytq41hzmfwa-1757534891578-1.jpg","unknown","osm",""
"2f3697c3-05ae-417a-81d7-454978bb6daa","Santuário do Caraça","https://pt.wikipedia.org/wiki/Ficheiro:Vista_Santuário_do_Caraça_MG.JPG","true","https://pt.wikipedia.org/wiki/Ficheiro:Vista_Santuário_do_Caraça_MG.JPG","https://tysnkzmljlmmqpbotkxv.supabase.co/storage/v1/object/public/travel-app-images/osm-2f3697c3/santurio-do-caraa-ficheirovistasanturiodocaraamg-1757534896535-1.jpg","unknown","osm",""
"c672f4b6-aaf9-4872-b6ba-0711faf8d76c","Nossa Senhora Aparecida","https://www.google.com.br/url?sa=i&url=https%3A%2F%2Fwww.facebook.com%2Fparoquiaitaipulandia%2F&psig=AOvVaw3Iaqok8rIQ1bU1zAlfWoWg&ust=1698766943069000&source=images&cd=vfe&opi=89978449&ved=0CBEQjRxqFwoTCPi705OOnoIDFQAAAAAdAAAAABAQ","true","https://www.google.com.br/url?sa=i&url=https%3A%2F%2Fwww.facebook.com%2Fparoquiaitaipulandia%2F&psig=AOvVaw3Iaqok8rIQ1bU1zAlfWoWg&ust=1698766943069000&source=images&cd=vfe&opi=89978449&ved=0CBEQjRxqFwoTCPi705OOnoIDFQAAAAAdAAAAABAQ","https://tysnkzmljlmmqpbotkxv.supabase.co/storage/v1/object/public/travel-app-images/osm-c672f4b6/nossa-senhora-aparecida-urlsaiurlhttps3a2f2fwww.facebo-1757534900268-1.jpg","unknown","osm",""
"42b7025f-f904-48cb-a6c9-ac715ae7b6f9","Mirante do Roncador","https://upload.wikimedia.org/wikipedia/commons/3/3c/Mirante_do_Roncador%2C_Rio_de_Janeiro.jpg","true","https://upload.wikimedia.org/wikipedia/commons/3/3c/Mirante_do_Roncador%2C_Rio_de_Janeiro.jpg","https://tysnkzmljlmmqpbotkxv.supabase.co/storage/v1/object/public/travel-app-images/osm-42b7025f/mirante-do-roncador-mirantedoroncador2criodejaneir-1757534904659-1.jpg","unknown","osm",""
"34364c83-23e3-4729-bcce-8ef350398d65","Maior Cajueiro do Mundo","https://www.wikidata.org/wiki/Q911662#/media/File:Maior_cajueiro_do_mundo_3.jpg","true","https://www.wikidata.org/wiki/Q911662#/media/File:Maior_cajueiro_do_mundo_3.jpg","https://tysnkzmljlmmqpbotkxv.supabase.co/storage/v1/object/public/travel-app-images/osm-34364c83/maior-cajueiro-do-mundo-filemaiorcajueirodomundo3.jpg-1757534912471-1.jpg","unknown","osm",""
"d4f3e1cf-9831-41c2-b003-d216c1d069a2","Igreja Matriz de Santo Antônio","https://www.google.com/search?sca_esv=561082500&q=igreja+da+villa+ara%C3%A7ua%C3%AD&tbm=isch&source=lnms&sa=X&ved=2ahUKEwjw-r6sy4KBAxXGFrkGHdjfBlYQ0pQJegQIDRAB&biw=1600&bih=735&dpr=1#imgrc=o6A6A8g3DThdrM","true","https://www.google.com/search?sca_esv=561082500&q=igreja+da+villa+ara%C3%A7ua%C3%AD&tbm=isch&source=lnms&sa=X&ved=2ahUKEwjw-r6sy4KBAxXGFrkGHdjfBlYQ0pQJegQIDRAB&biw=1600&bih=735&dpr=1#imgrc=o6A6A8g3DThdrM","https://tysnkzmljlmmqpbotkxv.supabase.co/storage/v1/object/public/travel-app-images/osm-d4f3e1cf/igreja-matriz-de-santo-antnio-searchscaesv561082500qigrejada-1757534916135-1.jpg","unknown","osm",""
"e7361f2d-f6f6-419b-8ac9-9a626fe88682","Centro Cultural do Surf","http://baixorecreio.com/wp-content/uploads/2014/03/centro.jpg","false","http://baixorecreio.com/wp-content/uploads/2014/03/centro.jpg","","unknown","","Edge function error: 500 Internal Server Error - {"error":"Failed to extract OSM image","details":"Failed to download image: 404 Not Found"}"
"4454254b-1af8-4e2e-b14b-2d2496357e9a","Obelisco Militar de Brasília","https://commons.wikimedia.org/wiki/File:Army_Headquarters_Brasilia.jpg","true","https://commons.wikimedia.org/wiki/File:Army_Headquarters_Brasilia.jpg","https://tysnkzmljlmmqpbotkxv.supabase.co/storage/v1/object/public/travel-app-images/osm-4454254b/obelisco-militar-de-braslia-filearmyheadquartersbrasilia.j-1757534929216-1.jpg","wikimedia_commons","osm",""
"9e154c39-4575-42f6-97d8-09d7d95bba21","Jacks's","http://backend-mapabem.rhcloud.com/static/media/None/c7ed852ff92b4ba998864645c132eafe.JPG","false","http://backend-mapabem.rhcloud.com/static/media/None/c7ed852ff92b4ba998864645c132eafe.JPG","","unknown","","Edge function error: 500 Internal Server Error - {"error":"Failed to extract OSM image","details":"error sending request for url (http://backend-mapabem.rhcloud.com/static/media/None/c7ed852ff92b4ba998864645c132eafe.JPG): client error (Connect): dns error: failed to lookup address information: Name or service not known: failed to lookup address information: Name or service not known"}"
"5e1f728e-c302-48bc-a496-b6919493bbeb","Levi Casado Crew","http://backend-mapabem.rhcloud.com/static/media/None/7de047cf3f3d451684f927bc2ba77476.JPG","false","http://backend-mapabem.rhcloud.com/static/media/None/7de047cf3f3d451684f927bc2ba77476.JPG","","unknown","","Edge function error: 500 Internal Server Error - {"error":"Failed to extract OSM image","details":"error sending request for url (http://backend-mapabem.rhcloud.com/static/media/None/7de047cf3f3d451684f927bc2ba77476.JPG): client error (Connect): dns error: failed to lookup address information: Name or service not known: failed to lookup address information: Name or service not known"}"
"8387cea0-bc25-4fdf-add1-4ca38f9b5da4","Bombs","http://backend-mapabem.rhcloud.com/static/media/None/efa2638e2c07483187a8344014a8cfc4.jpg","false","http://backend-mapabem.rhcloud.com/static/media/None/efa2638e2c07483187a8344014a8cfc4.jpg","","unknown","","Edge function error: 500 Internal Server Error - {"error":"Failed to extract OSM image","details":"error sending request for url (http://backend-mapabem.rhcloud.com/static/media/None/efa2638e2c07483187a8344014a8cfc4.jpg): client error (Connect): dns error: failed to lookup address information: Name or service not known: failed to lookup address information: Name or service not known"}"
"5412c093-705b-4b78-b525-546a977a2de9","V15","http://backend-mapabem.rhcloud.com/static/media/None/b1bb4ed01fd24282ad11f3a7a79d8ac1.jpg","false","http://backend-mapabem.rhcloud.com/static/media/None/b1bb4ed01fd24282ad11f3a7a79d8ac1.jpg","","unknown","","Edge function error: 500 Internal Server Error - {"error":"Failed to extract OSM image","details":"error sending request for url (http://backend-mapabem.rhcloud.com/static/media/None/b1bb4ed01fd24282ad11f3a7a79d8ac1.jpg): client error (Connect): dns error: failed to lookup address information: Name or service not known: failed to lookup address information: Name or service not known"}"
"c3fb9dba-0735-457e-9521-f89a8d99096e","G.R.E.S Pega no Samba","http://backend-mapabem.rhcloud.com/static/media/None/1fb714a8cb304aadbb84d3d9938bf918.jpg","false","http://backend-mapabem.rhcloud.com/static/media/None/1fb714a8cb304aadbb84d3d9938bf918.jpg","","unknown","","Edge function error: 500 Internal Server Error - {"error":"Failed to extract OSM image","details":"error sending request for url (http://backend-mapabem.rhcloud.com/static/media/None/1fb714a8cb304aadbb84d3d9938bf918.jpg): client error (Connect): dns error: failed to lookup address information: Name or service not known: failed to lookup address information: Name or service not known"}"
"46b8b9b5-dc67-4ebb-a18d-1df430811666","Obra Coletiva Jaburu","http://backend-mapabem.rhcloud.com/static/media/None/24b867f2a1484fcb9595f6ad6e3a1e5d.jpg","false","http://backend-mapabem.rhcloud.com/static/media/None/24b867f2a1484fcb9595f6ad6e3a1e5d.jpg","","unknown","","Edge function error: 500 Internal Server Error - {"error":"Failed to extract OSM image","details":"error sending request for url (http://backend-mapabem.rhcloud.com/static/media/None/24b867f2a1484fcb9595f6ad6e3a1e5d.jpg): client error (Connect): dns error: failed to lookup address information: Name or service not known: failed to lookup address information: Name or service not known"}"
"beab32e3-06f2-458e-8749-495694ac4cde","Pracinha das Casinhas","http://backend-mapabem.rhcloud.com/static/media/None/a76b6be680594726b32796446c7f70a7.jpg","false","http://backend-mapabem.rhcloud.com/static/media/None/a76b6be680594726b32796446c7f70a7.jpg","","unknown","","Edge function error: 500 Internal Server Error - {"error":"Failed to extract OSM image","details":"error sending request for url (http://backend-mapabem.rhcloud.com/static/media/None/a76b6be680594726b32796446c7f70a7.jpg): client error (Connect): dns error: failed to lookup address information: Name or service not known: failed to lookup address information: Name or service not known"}"
"71019459-39c7-44cc-bcdb-f717665cb876","Mirante do Jaburu","http://backend-mapabem.rhcloud.com/static/media/None/19b53482172a411abd7f14a5e2aa0a0f.jpg","false","http://backend-mapabem.rhcloud.com/static/media/None/19b53482172a411abd7f14a5e2aa0a0f.jpg","","unknown","","Edge function error: 500 Internal Server Error - {"error":"Failed to extract OSM image","details":"error sending request for url (http://backend-mapabem.rhcloud.com/static/media/None/19b53482172a411abd7f14a5e2aa0a0f.jpg): client error (Connect): dns error: failed to lookup address information: Name or service not known: failed to lookup address information: Name or service not known"}"
"f66b8189-2353-42d4-8cd8-a71aa4c6a5e6","Oásis - Espaço de Lazer","http://backend-mapabem.rhcloud.com/static/media/None/e6e333709a5246358e7f6b386a3689e4.jpg","false","http://backend-mapabem.rhcloud.com/static/media/None/e6e333709a5246358e7f6b386a3689e4.jpg","","unknown","","Edge function error: 500 Internal Server Error - {"error":"Failed to extract OSM image","details":"error sending request for url (http://backend-mapabem.rhcloud.com/static/media/None/e6e333709a5246358e7f6b386a3689e4.jpg): client error (Connect): dns error: failed to lookup address information: Name or service not known: failed to lookup address information: Name or service not known"}"
"769743f4-3a8b-484d-89fc-49e434a7be28","Chafariz de Três Andares","https://ibb.co/rsnqrgb","true","https://ibb.co/rsnqrgb","https://tysnkzmljlmmqpbotkxv.supabase.co/storage/v1/object/public/travel-app-images/osm-769743f4/chafariz-de-trs-andares-rsnqrgb-1757534954421-1.jpg","unknown","osm",""
"2e7c85d6-f4c0-4ef3-9ebf-18816db4878b","arte de rua","http://backend-mapabem.rhcloud.com/static/media/None/a325966db28e46bc8b44cadbf6f7b11c.JPG","false","http://backend-mapabem.rhcloud.com/static/media/None/a325966db28e46bc8b44cadbf6f7b11c.JPG","","unknown","","Edge function error: 500 Internal Server Error - {"error":"Failed to extract OSM image","details":"error sending request for url (http://backend-mapabem.rhcloud.com/static/media/None/a325966db28e46bc8b44cadbf6f7b11c.JPG): client error (Connect): dns error: failed to lookup address information: Name or service not known: failed to lookup address information: Name or service not known"}"
"14aa6228-afe9-4427-b533-ae96e8b7d780","Grafite da Neoenergia","https://www.flickr.com/photos/139355051@N08/39972481392","true","https://www.flickr.com/photos/139355051@N08/39972481392","https://tysnkzmljlmmqpbotkxv.supabase.co/storage/v1/object/public/travel-app-images/osm-14aa6228/grafite-da-neoenergia-39972481392-1757534959951-1.jpg","unknown","osm",""
"756d7beb-45e8-47e4-9dd1-99bb0f857c09","Monumento Rotary Club Internacional","https://www.flickr.com/photos/139355051@N08/24585512947/in/dateposted-public/","false","https://www.flickr.com/photos/139355051@N08/24585512947/in/dateposted-public/","","unknown","","Edge function error: 500 Internal Server Error - {"error":"Failed to extract OSM image","details":"Failed to download image: 500 Internal Server Error"}"
"4f53e06b-4bcb-43b5-aff9-994623b88033","Cruz do Jubileu","https://www.flickr.com/photos/139355051@N08/27674186329/in/dateposted-public/","true","https://www.flickr.com/photos/139355051@N08/27674186329/in/dateposted-public/","https://tysnkzmljlmmqpbotkxv.supabase.co/storage/v1/object/public/travel-app-images/osm-4f53e06b/cruz-do-jubileu-osm-image-1757534966892-1.jpg","unknown","osm",""
"99615d73-fa27-4e8f-8516-b536bb3f41f2","Marco do Brasil 500 Anos","https://www.google.com/maps/@0,0,3a,75y,90t/data=!3m8!1e2!3m6!1sAF1QipMD_kAWJ28SmO09Hfoy_UX2b8T2hgLgCjCCO0TC!2e10!3e12!6shttps:%2F%2Flh5.googleusercontent.com%2Fp%2FAF1QipMD_kAWJ28SmO09Hfoy_UX2b8T2hgLgCjCCO0TC%3Dw462-h260-k-no!7i4160!8i2340?hl=pt-BR","true","https://www.google.com/maps/@0,0,3a,75y,90t/data=!3m8!1e2!3m6!1sAF1QipMD_kAWJ28SmO09Hfoy_UX2b8T2hgLgCjCCO0TC!2e10!3e12!6shttps:%2F%2Flh5.googleusercontent.com%2Fp%2FAF1QipMD_kAWJ28SmO09Hfoy_UX2b8T2hgLgCjCCO0TC%3Dw462-h260-k-no!7i4160!8i2340?hl=pt-BR","https://tysnkzmljlmmqpbotkxv.supabase.co/storage/v1/object/public/travel-app-images/osm-99615d73/marco-do-brasil-500-anos-data3m81e23m61saf1qipmdkawj28s-1757534970786-1.jpg","unknown","osm",""
"352056cf-94c9-44b6-8a7b-3cf1b33fec99","Bomba de Gasolina","https://www.flickr.com/photos/139355051@N08/25206045257/","true","https://www.flickr.com/photos/139355051@N08/25206045257/","https://tysnkzmljlmmqpbotkxv.supabase.co/storage/v1/object/public/travel-app-images/osm-352056cf/bomba-de-gasolina-osm-image-1757534975559-1.jpg","unknown","osm",""
"deb3da62-5b83-4030-b57d-aaf2eeed8f7d","Anita Garibaldi","http://www.cidadedoslagos.com.br/historia.html","false","http://www.cidadedoslagos.com.br/historia.html","","unknown","","Edge function error: 500 Internal Server Error - {"error":"Failed to extract OSM image","details":"error sending request for url (http://www.cidadedoslagos.com.br/historia.html): client error (Connect): dns error: failed to lookup address information: Name or service not known: failed to lookup address information: Name or service not known"}"
"f27773cf-9c20-42a2-9d34-b0d9b17e018c","Memorial Tio Beija","http://www.cidadedoslagos.com.br/images/p015_1_01.png","false","http://www.cidadedoslagos.com.br/images/p015_1_01.png","","unknown","","Edge function error: 500 Internal Server Error - {"error":"Failed to extract OSM image","details":"error sending request for url (http://www.cidadedoslagos.com.br/images/p015_1_01.png): client error (Connect): dns error: failed to lookup address information: Name or service not known: failed to lookup address information: Name or service not known"}"
"cf01cd07-d85e-4353-a592-77e509fcfcd2","Mural Feira da Troca","https://www.flickr.com/photos/139355051@N08/39067206065","true","https://www.flickr.com/photos/139355051@N08/39067206065","https://tysnkzmljlmmqpbotkxv.supabase.co/storage/v1/object/public/travel-app-images/osm-cf01cd07/mural-feira-da-troca-39067206065-1757534983481-1.jpg","unknown","osm",""
"9d40b467-3504-41d3-9215-9926738c31c1","Escultura Violonista","https://www.flickr.com/photos/139355051@N08/39068032295/","true","https://www.flickr.com/photos/139355051@N08/39068032295/","https://tysnkzmljlmmqpbotkxv.supabase.co/storage/v1/object/public/travel-app-images/osm-9d40b467/escultura-violonista-osm-image-1757534987676-1.jpg","unknown","osm",""
"97135857-b06b-43c9-a97b-9e58aac4a740","Museu Do Rádio","https://www.flickr.com/photos/139355051@N08/26149681858/","true","https://www.flickr.com/photos/139355051@N08/26149681858/","https://tysnkzmljlmmqpbotkxv.supabase.co/storage/v1/object/public/travel-app-images/osm-97135857/museu-do-rdio-osm-image-1757534991741-1.jpg","unknown","osm",""
"cb349a8b-fea9-475e-b017-2a3ef6baa084","Escultura do Rádio","https://www.flickr.com/photos/139355051@N08/28244020879","true","https://www.flickr.com/photos/139355051@N08/28244020879","https://tysnkzmljlmmqpbotkxv.supabase.co/storage/v1/object/public/travel-app-images/osm-cb349a8b/escultura-do-rdio-28244020879-1757534996116-1.jpg","unknown","osm",""
"b8dd5469-cd66-45dc-8e16-0edb2cb2595e","Mural Global UNESCO (Brasil)","https://www.flickr.com/photos/139355051@N08/39182652545","true","https://www.flickr.com/photos/139355051@N08/39182652545","https://tysnkzmljlmmqpbotkxv.supabase.co/storage/v1/object/public/travel-app-images/osm-b8dd5469/mural-global-unesco-brasil-39182652545-1757535000036-1.jpg","unknown","osm",""
"ee0d20c8-01b6-4346-8ec2-e147e99c65cc","Pelourinho de Alcântara","https://upload.wikimedia.org/wikipedia/commons/1/18/Alc%C3%A2ntara_-_01.jpg","true","https://upload.wikimedia.org/wikipedia/commons/1/18/Alc%C3%A2ntara_-_01.jpg","https://tysnkzmljlmmqpbotkxv.supabase.co/storage/v1/object/public/travel-app-images/osm-ee0d20c8/pelourinho-de-alcntara-alcc3a2ntara-01.jpg-1757535003881-1.jpg","unknown","osm",""
"7aae1469-7e66-49e0-a3f1-4a817c0d8600","Projeto Albatroz - Cabo Frio","https://projetoalbatroz.org.br/upload/paginainfo/2024/9/3161/big/5-dicas-de-atividades-3-.jpg","true","https://projetoalbatroz.org.br/upload/paginainfo/2024/9/3161/big/5-dicas-de-atividades-3-.jpg","https://tysnkzmljlmmqpbotkxv.supabase.co/storage/v1/object/public/travel-app-images/osm-7aae1469/projeto-albatroz-cabo-frio-5-dicas-de-atividades-3-.jpg-1757535008852-1.jpg","unknown","osm",""
"3491d6c1-9520-4722-bca5-1b4915d8eb42","Biblioteca Ábia Ferreira Francisco","File:At Paranapiacaba 2018 111.jpg","false","","","unknown","","Edge function error: 500 Internal Server Error - {"error":"Failed to extract OSM image","details":"NetworkError when attempting to fetch resource"}"
"cea50760-23e1-4089-80cb-ad489e6ea35b","Estátua Roberto Marinho","http://s.glbimg.com/og/rg/f/original/2010/02/12/roberto_606.jpg","true","http://s.glbimg.com/og/rg/f/original/2010/02/12/roberto_606.jpg","https://tysnkzmljlmmqpbotkxv.supabase.co/storage/v1/object/public/travel-app-images/osm-cea50760/esttua-roberto-marinho-roberto606.jpg-1757535015091-1.jpg","unknown","osm",""
"bcceb6d4-1cd6-48da-9992-6cbca7be8d03","Renato Russo","https://i.pinimg.com/originals/d8/bf/a9/d8bfa95115a5fc887dcb0241a35414da.jpg","true","https://i.pinimg.com/originals/d8/bf/a9/d8bfa95115a5fc887dcb0241a35414da.jpg","https://tysnkzmljlmmqpbotkxv.supabase.co/storage/v1/object/public/travel-app-images/osm-bcceb6d4/renato-russo-d8bfa95115a5fc887dcb0241a35414-1757535018950-1.jpg","unknown","osm",""
"86431348-40b9-4263-9614-3393d40c6849","Museu de Santo André - Dr. Octaviano Armando Gaiarsa","File:Museu de Santo André Dr. Octaviano Armando Gaiarsa 05.jpg","false","","","unknown","","Edge function error: 500 Internal Server Error - {"error":"Failed to extract OSM image","details":"NetworkError when attempting to fetch resource"}"
"5b2ed3f9-995a-483c-a511-d992b41e905b","Menina do Sol","https://lh3.googleusercontent.com/5VhACYADzAorKtK918txMeGhXoX4I3AX_b5PYiy6kvjOzoTA2shFlT5puFEJ6umzeiM1xMLgK9t7PZcuM9LAwA","true","https://lh3.googleusercontent.com/5VhACYADzAorKtK918txMeGhXoX4I3AX_b5PYiy6kvjOzoTA2shFlT5puFEJ6umzeiM1xMLgK9t7PZcuM9LAwA","https://tysnkzmljlmmqpbotkxv.supabase.co/storage/v1/object/public/travel-app-images/osm-5b2ed3f9/menina-do-sol-5vhacyadzaorktk918txmeghxox4i3-1757535024400-1.jpg","unknown","osm",""
"8ec74e97-694c-4886-98e5-ffe01b1ae385","Centro de Informações Turísticas","File:At Paranapiacaba 2019 269.jpg","false","","","unknown","","Edge function error: 500 Internal Server Error - {"error":"Failed to extract OSM image","details":"NetworkError when attempting to fetch resource"}"
"a9335948-c3d9-463c-9d91-9009d8ca034a","Santuário de Mãe Rainha","https://lh3.googleusercontent.com/0JJeDkMX0SmUT3iXJdGJ7_YxMZicJKUjgrABnWpOCdTwgiwz4GhS5mg8E-ytlgmXLy55i9bz08Ahakx1-iozu5PopZA=s450","true","https://lh3.googleusercontent.com/0JJeDkMX0SmUT3iXJdGJ7_YxMZicJKUjgrABnWpOCdTwgiwz4GhS5mg8E-ytlgmXLy55i9bz08Ahakx1-iozu5PopZA=s450","https://tysnkzmljlmmqpbotkxv.supabase.co/storage/v1/object/public/travel-app-images/osm-a9335948/santurio-de-me-rainha-0jjedkmx0smut3ixjdgj7yxmzicjku-1757535029400-1.jpg","unknown","osm",""
"da3c077c-eb54-4aa7-8d0d-f5f204d66c41","Detetive Pikachu","https://lh3.googleusercontent.com/MynAUvfZln9C3Fm0hpf8lT14eWkg3OJpJQljkuQj7FFFaddBIkBheMJu_HjeQzJqzGx_5fp-24EtHIInHedfqrpUDA=s450","true","https://lh3.googleusercontent.com/MynAUvfZln9C3Fm0hpf8lT14eWkg3OJpJQljkuQj7FFFaddBIkBheMJu_HjeQzJqzGx_5fp-24EtHIInHedfqrpUDA=s450","https://tysnkzmljlmmqpbotkxv.supabase.co/storage/v1/object/public/travel-app-images/osm-da3c077c/detetive-pikachu-mynauvfzln9c3fm0hpf8lt14ewkg3o-1757535033200-1.jpg","unknown","osm",""
"f5051a75-28e0-47f4-8b66-4e11af804c10","Melhores Amigos","https://lh3.googleusercontent.com/9ipQJuqh7fuBJIe3GuO1MvmnGZg86q1EypOP7x_dsxSuHhzjK0ppH88I2hjGog9rO6MouW3gcNXI41J1TsDdbtjFiw=s450","true","https://lh3.googleusercontent.com/9ipQJuqh7fuBJIe3GuO1MvmnGZg86q1EypOP7x_dsxSuHhzjK0ppH88I2hjGog9rO6MouW3gcNXI41J1TsDdbtjFiw=s450","https://tysnkzmljlmmqpbotkxv.supabase.co/storage/v1/object/public/travel-app-images/osm-f5051a75/melhores-amigos-9ipqjuqh7fubjie3guo1mvmngzg86q-1757535036356-1.jpg","unknown","osm",""
"1bb5d040-5892-486f-baf5-070464d66e5a","Árvore de Ingá","http://lh3.googleusercontent.com/WD81h_x3dmxug8ATRSHwRGDcM8S1uVSMHd78hMb4tNbSwXmcIjrruDJlMdGZdPTDRqYnbG4a_3xiUFdJk7qjOJ8-AAhQ","true","http://lh3.googleusercontent.com/WD81h_x3dmxug8ATRSHwRGDcM8S1uVSMHd78hMb4tNbSwXmcIjrruDJlMdGZdPTDRqYnbG4a_3xiUFdJk7qjOJ8-AAhQ","https://tysnkzmljlmmqpbotkxv.supabase.co/storage/v1/object/public/travel-app-images/osm-1bb5d040/rvore-de-ing-wd81hx3dmxug8atrshwrgdcm8s1uvs-1757535039904-1.jpg","unknown","osm",""
"37f25c82-94a0-4d4d-a9ac-7604915af25c","Museu Republicano Convenção de Itu","File:ITU 05 2009 5880.JPG","false","","","unknown","","Edge function error: 500 Internal Server Error - {"error":"Failed to extract OSM image","details":"NetworkError when attempting to fetch resource"}"
"0e4ca539-459d-4c54-b7f8-76278be695a2","Museu da Energia de Itu","File:Itu 05 2009 Museu da Energia 5864.jpg","false","","","unknown","","Edge function error: 500 Internal Server Error - {"error":"Failed to extract OSM image","details":"NetworkError when attempting to fetch resource"}"
"18de98a3-c1d4-4cba-88a0-c01a902bdb1c","Independência ou Morte","File:Pedro Américo - Independência ou Morte - cores ajustadas.jpg","false","https://commons.wikimedia.org/wiki/Category:Independence or Death by Pedro Américo","","wikimedia_commons","","Edge function error: 500 Internal Server Error - {"error":"Failed to extract OSM image","details":"NetworkError when attempting to fetch resource"}"
"b1a71c58-5757-4067-981c-2e7aa81320a2","São Paulo em 1841","File:Model of old São Paulo.jpg","false","https://tysnkzmljlmmqpbotkxv.supabase.co/storage/v1/object/public/travel-app-images/wikimedia-b1a71c58/so-paulo-em-1841-filemodel-of-old-so--1757527593212-1.jpg","","wikimedia_commons","","Edge function error: 500 Internal Server Error - {"error":"Failed to extract OSM image","details":"NetworkError when attempting to fetch resource"}"
"e86eeabd-e4cd-4ced-bc9a-6b9d701dc060","Mirante do Roncador","https://upload.wikimedia.org/wikipedia/commons/3/3c/Mirante_do_Roncador%2C_Rio_de_Janeiro.jpg","true","https://tysnkzmljlmmqpbotkxv.supabase.co/storage/v1/object/public/travel-app-images/ChIJdWmVITfomwAR0EPTk0n2NYI/ChIJdWmVITfomwAR0EPTk0n2NYI_1754502280429_1.jpg","https://tysnkzmljlmmqpbotkxv.supabase.co/storage/v1/object/public/travel-app-images/osm-e86eeabd/mirante-do-roncador-mirantedoroncador2criodejaneir-1757535052622-1.jpg","unknown","osm",""
"0cc9f6a5-88e0-4ba4-994b-690a043a6558","Monumento a Washington Luiz","https://i.imgur.com/YguwWby.png","true","https://i.imgur.com/YguwWby.png","https://tysnkzmljlmmqpbotkxv.supabase.co/storage/v1/object/public/travel-app-images/osm-0cc9f6a5/monumento-a-washington-luiz-yguwwby.png-1757535058474-1.png","unknown","osm",""
"3cde1b9e-5d0d-4d2d-90d3-15f2f052f144","Cânion Pedras Brancas","https://i.ytimg.com/vi/uH9tmF6RTak/maxresdefault.jpg","true","https://i.ytimg.com/vi/uH9tmF6RTak/maxresdefault.jpg","https://tysnkzmljlmmqpbotkxv.supabase.co/storage/v1/object/public/travel-app-images/osm-3cde1b9e/cnion-pedras-brancas-maxresdefault.jpg-1757535063317-1.jpg","unknown","osm",""
"13eef43b-9544-4c4a-ad9f-68655e6c5e00","Monumento aos Açorianos","https://upload.wikimedia.org/wikipedia/commons/2/29/Largo_dos_a%C3%A7orianos_2.jpg","true","https://upload.wikimedia.org/wikipedia/commons/2/29/Largo_dos_a%C3%A7orianos_2.jpg","https://tysnkzmljlmmqpbotkxv.supabase.co/storage/v1/object/public/travel-app-images/osm-13eef43b/monumento-aos-aorianos-largodosac3a7orianos2.jpg-1757535066778-1.jpg","unknown","osm",""
"078a00ab-2b88-4e6b-abe0-fb282040628c","Biblioteca Pública Professora Luiza Arruda","File:Biblioteca Municipal (Laranjal Paulista).jpg","false","","","unknown","","Edge function error: 500 Internal Server Error - {"error":"Failed to extract OSM image","details":"NetworkError when attempting to fetch resource"}"
"aef535b2-90bd-4a14-8b27-6acd8f8f8333","Igreja Batista em Luziápolis","https://www.instagram.com/p/CVrdIssswPJ/","true","https://www.instagram.com/p/CVrdIssswPJ/","https://tysnkzmljlmmqpbotkxv.supabase.co/storage/v1/object/public/travel-app-images/osm-aef535b2/igreja-batista-em-luzipolis-osm-image-1757535072823-1.jpg","unknown","osm",""
"7c9804c3-5dbd-4939-9eaf-adfd1a328cdd","Ladeira do Império","https://lpmodos.files.wordpress.com/2015/06/i6d10213.jpg","true","https://lpmodos.files.wordpress.com/2015/06/i6d10213.jpg","https://tysnkzmljlmmqpbotkxv.supabase.co/storage/v1/object/public/travel-app-images/osm-7c9804c3/ladeira-do-imprio-i6d10213.jpg-1757535078035-1.jpg","unknown","osm",""
"706d47b6-a105-4224-a063-dfc07a76663e","Cachoeira Londrina","https://lh5.googleusercontent.com/p/AF1QipO0RP7hGORUWWDgS6pHlMVfNe7sTv2eoVEB-Fkv=w500-h500-k-no","true","https://lh5.googleusercontent.com/p/AF1QipO0RP7hGORUWWDgS6pHlMVfNe7sTv2eoVEB-Fkv=w500-h500-k-no","https://tysnkzmljlmmqpbotkxv.supabase.co/storage/v1/object/public/travel-app-images/osm-706d47b6/cachoeira-londrina-af1qipo0rp7hgoruwwdgs6phlmvfne-1757535082811-1.jpg","unknown","osm",""
"99260a75-7df5-4d42-a049-50be948e6724","Antiga Cadeia","https://dynamic-media-cdn.tripadvisor.com/media/photo-o/0b/47/02/8d/casa-da-cultura.jpg?w=600&h=-1&s=1","true","https://dynamic-media-cdn.tripadvisor.com/media/photo-o/0b/47/02/8d/casa-da-cultura.jpg?w=600&h=-1&s=1","https://tysnkzmljlmmqpbotkxv.supabase.co/storage/v1/object/public/travel-app-images/osm-99260a75/antiga-cadeia-casa-da-cultura.jpgw600h-1s1-1757535086250-1.jpg","unknown","osm",""
"a40221a1-7973-46cf-bc80-59521682c3b1","Cachoeira do Fundão","https://mapio.net/images-p/2361155.jpg","false","https://mapio.net/images-p/2361155.jpg","","unknown","","Edge function error: 500 Internal Server Error - {"error":"Failed to extract OSM image","details":"Failed to download image: 404 Not Found"}"
"71bab02f-7679-4093-bb46-75b3da839452","Bosque Municipal John Kennedy","https://2.bp.blogspot.com/-HQYuZ4DsxiA/VXIMl6XeYZI/AAAAAAAASyw/9bhsYkczm_Y/s640/BOSQUE.jpg","true","https://2.bp.blogspot.com/-HQYuZ4DsxiA/VXIMl6XeYZI/AAAAAAAASyw/9bhsYkczm_Y/s640/BOSQUE.jpg","https://tysnkzmljlmmqpbotkxv.supabase.co/storage/v1/object/public/travel-app-images/osm-71bab02f/bosque-municipal-john-kennedy-bosque.jpg-1757535092938-1.jpg","unknown","osm",""
"abe404ec-a59b-4e8d-ad53-7722038aabba","Cachoeira da Serragem","https://photos.app.goo.gl/AMNFe4kbjQw3hqB17","true","https://photos.app.goo.gl/AMNFe4kbjQw3hqB17","https://tysnkzmljlmmqpbotkxv.supabase.co/storage/v1/object/public/travel-app-images/osm-abe404ec/cachoeira-da-serragem-amnfe4kbjqw3hqb17-1757535097365-1.jpg","unknown","osm",""
"3fec8199-e996-4075-a847-595ab06c886f","Monumento a Frei Agostinho de Jesus","File:Wiki Takes Santana de Parnaíba (Jul 2019) 74.jpg","false","https://tysnkzmljlmmqpbotkxv.supabase.co/storage/v1/object/public/travel-app-images/wikimedia-3fec8199/monumento-a-frei-agostinho-de--filefrei-agostinho-d-1757527093394-1.jpg","","wikimedia_commons","","Edge function error: 500 Internal Server Error - {"error":"Failed to extract OSM image","details":"NetworkError when attempting to fetch resource"}"
"575b5902-c72d-467b-8f6b-113417917f4e","Estrella","File:At Paranapiacaba 2018 015.jpg","false","https://tysnkzmljlmmqpbotkxv.supabase.co/storage/v1/object/public/travel-app-images/wikimedia-575b5902/estrella-filemanon-lescaut-bd-1757527533726-1.pdf","","wikimedia_commons","","Edge function error: 500 Internal Server Error - {"error":"Failed to extract OSM image","details":"NetworkError when attempting to fetch resource"}"
"ff6fd862-bdf0-467f-8a7f-c02a39d1c23c","Museu do Cristal de Blumenau","https://commons.wikimedia.org/wiki/File:LOGO_MUSEU.jpg","true","https://commons.wikimedia.org/wiki/File:LOGO_MUSEU.jpg","https://tysnkzmljlmmqpbotkxv.supabase.co/storage/v1/object/public/travel-app-images/osm-ff6fd862/museu-do-cristal-de-blumenau-filelogomuseu.jpg-1757535105928-1.jpg","wikimedia_commons","osm",""
"7e109c8e-ae56-4f33-b1b6-6c638cf47b71","Glória Imortal aos Fundadores de São Paulo","File:Glória imortal aos fundadores de SP02.jpg","false","https://tysnkzmljlmmqpbotkxv.supabase.co/storage/v1/object/public/travel-app-images/wikimedia-7e109c8e/glria-imortal-aos-fundadores-d-file24-sada-fotocult-1757527980251-1.jpg","","wikimedia_commons","","Edge function error: 500 Internal Server Error - {"error":"Failed to extract OSM image","details":"NetworkError when attempting to fetch resource"}"
"8fb3ced8-7600-43aa-b06d-b76adc3d2623","Dom Pedro I","File:Museu do Ipiranga 2018 027.jpg","false","https://tysnkzmljlmmqpbotkxv.supabase.co/storage/v1/object/public/travel-app-images/wikimedia-8fb3ced8/dom-pedro-i-filemuseu-do-ipirang-1757528405232-1.jpg","","wikimedia_commons","","Edge function error: 500 Internal Server Error - {"error":"Failed to extract OSM image","details":"NetworkError when attempting to fetch resource"}"
"a2f7b649-b70f-4746-9224-1b54d40166ee","Raposo Tavares","File:Museu_do_Ipiranga_2018_043.jpg","false","https://tysnkzmljlmmqpbotkxv.supabase.co/storage/v1/object/public/travel-app-images/wikimedia-a2f7b649/raposo-tavares-fileescultura-de-rap-1757528397797-1.jpg","","wikimedia_commons","","Edge function error: 500 Internal Server Error - {"error":"Failed to extract OSM image","details":"NetworkError when attempting to fetch resource"}"
"0fdeaa23-ca92-43d0-b2ee-e1bd365d32d4","Fernão Dias","File:Museu do Ipiranga 2018 045.jpg","false","https://tysnkzmljlmmqpbotkxv.supabase.co/storage/v1/object/public/travel-app-images/wikimedia-0fdeaa23/ferno-dias-filefernao-dias-pais-1757528401887-1.jpg","","wikimedia_commons","","Edge function error: 500 Internal Server Error - {"error":"Failed to extract OSM image","details":"NetworkError when attempting to fetch resource"}"
"40d2556a-3f76-4284-a3a8-aa3a9f89c359","Vagão de passageiros","File:Paranapiacaba 2017 136.jpg","false","https://tysnkzmljlmmqpbotkxv.supabase.co/storage/v1/object/public/travel-app-images/wikimedia-40d2556a/vago-de-passageiros-fileat-paranapiacaba-1757528460035-1.jpg","","wikimedia_commons","","Edge function error: 500 Internal Server Error - {"error":"Failed to extract OSM image","details":"NetworkError when attempting to fetch resource"}"
"846bf60f-0d0e-4dce-96cc-7b7fd3eb89c7","Biblioteca","https://ibb.co/0KX5zG7","true","https://ibb.co/0KX5zG7","https://tysnkzmljlmmqpbotkxv.supabase.co/storage/v1/object/public/travel-app-images/osm-846bf60f/biblioteca-0kx5zg7-1757535120841-1.jpg","unknown","osm",""
"65fb3361-55f0-477f-bbff-6550aaa0f98d","Arma de Engenharia","https://commons.wikimedia.org/wiki/File:Bote_de_Fibra_da_Portada_Leve_M2.jpg","true","https://commons.wikimedia.org/wiki/File:Bote_de_Fibra_da_Portada_Leve_M2.jpg","https://tysnkzmljlmmqpbotkxv.supabase.co/storage/v1/object/public/travel-app-images/osm-65fb3361/arma-de-engenharia-filebotedefibradaportadalevem2-1757535124429-1.jpg","wikimedia_commons","osm",""
"cb07faf5-aab5-43a6-89bf-4480e5476566","Loba Capitolina","https://lh3.googleusercontent.com/p/AF1QipN6xDNKyfOm8dyXdw5TppavOgHDzaSz6v5wc-YY=s1360-w1360-h1020","true","https://lh3.googleusercontent.com/p/AF1QipN6xDNKyfOm8dyXdw5TppavOgHDzaSz6v5wc-YY=s1360-w1360-h1020","https://tysnkzmljlmmqpbotkxv.supabase.co/storage/v1/object/public/travel-app-images/osm-cb07faf5/loba-capitolina-af1qipn6xdnkyfom8dyxdw5tppavog-1757535128474-1.jpg","unknown","osm",""
"83887c27-fdb4-41f3-894f-17624ea3092d","Gruta Casa de Pedra","https://maps.app.goo.gl/6ao1qqmRZ3AnzVft9","true","https://maps.app.goo.gl/6ao1qqmRZ3AnzVft9","https://tysnkzmljlmmqpbotkxv.supabase.co/storage/v1/object/public/travel-app-images/osm-83887c27/gruta-casa-de-pedra-6ao1qqmrz3anzvft9-1757535134392-1.jpg","unknown","osm",""
"a83f3457-baa4-46b7-aeb7-593110e22d30","Gruta de Santo Expedito","https://maps.app.goo.gl/5rKyZT6cg6mMTNzi6","true","https://maps.app.goo.gl/5rKyZT6cg6mMTNzi6","https://tysnkzmljlmmqpbotkxv.supabase.co/storage/v1/object/public/travel-app-images/osm-a83f3457/gruta-de-santo-expedito-5rkyzt6cg6mmtnzi6-1757535140197-1.jpg","unknown","osm",""
"5f13eb34-dcc1-4434-97e1-ee61f9d6d6c4","Marco zero da cidade de São Paulo","File:Marco_Zero_SP.JPG","false","https://tysnkzmljlmmqpbotkxv.supabase.co/storage/v1/object/public/travel-app-images/wikimedia-5f13eb34/marco-zero-da-cidade-de-so-pau-fileat-so-paulo-braz-1757527951373-1.jpg","","wikimedia_commons","","Edge function error: 500 Internal Server Error - {"error":"Failed to extract OSM image","details":"NetworkError when attempting to fetch resource"}"
"e7dede05-08f4-4d0a-81a5-6720d6c7fcae","Reserva Kaetés - IMD","https://www.google.com/maps/uv?pb=!1s0xb99d861b5cd3c7%3A0x209c4d00e3094cb1!5sReserva%20Kaet%C3%A9s%20-%20IMD!15sCgIgARICEAE&imagekey=!1e10!2sAF1QipO_VvHemX-oP2u0Z1cUzb0Klkf-GdcShQ8gyd6E","true","https://www.google.com/maps/uv?pb=!1s0xb99d861b5cd3c7%3A0x209c4d00e3094cb1!5sReserva%20Kaet%C3%A9s%20-%20IMD!15sCgIgARICEAE&imagekey=!1e10!2sAF1QipO_VvHemX-oP2u0Z1cUzb0Klkf-GdcShQ8gyd6E","https://tysnkzmljlmmqpbotkxv.supabase.co/storage/v1/object/public/travel-app-images/osm-e7dede05/reserva-kaets-imd-uvpb1s0xb99d861b5cd3c73a0x209c-1757535147047-1.jpg","unknown","osm",""
"d17302ac-2f57-403b-b623-83559f47b98f","Cachoeira Paraíso","https://lh3.googleusercontent.com/p/AF1QipNWqwqV_5jwFmX1E4TSQxWbBDAmqzH-_6GtlkkY=w1080-h608-p-no-v0","true","https://lh3.googleusercontent.com/p/AF1QipNWqwqV_5jwFmX1E4TSQxWbBDAmqzH-_6GtlkkY=w1080-h608-p-no-v0","https://tysnkzmljlmmqpbotkxv.supabase.co/storage/v1/object/public/travel-app-images/osm-d17302ac/cachoeira-paraso-af1qipnwqwqv5jwfmx1e4tsqxwbbda-1757535150496-1.jpg","unknown","osm",""
"f151cf35-cfdf-47cf-b2b7-f9cc83a174ba","Bonde","File:At Paranapiacaba 2018 246.jpg","false","https://tysnkzmljlmmqpbotkxv.supabase.co/storage/v1/object/public/travel-app-images/wikimedia-f151cf35/bonde-fileat-paranapiacaba-1757528007861-1.jpg","","wikimedia_commons","","Edge function error: 500 Internal Server Error - {"error":"Failed to extract OSM image","details":"NetworkError when attempting to fetch resource"}"
"1d517ec7-7e4c-4266-a5a3-73db19b9ff7b","Largo do Pelourinho","https://kf.kobotoolbox.org/api/v2/assets/aJpFq5gauD4BVVovWmuPXV/data/320310110/attachments/154291104/","true","https://kf.kobotoolbox.org/api/v2/assets/aJpFq5gauD4BVVovWmuPXV/data/320310110/attachments/154291104/","https://tysnkzmljlmmqpbotkxv.supabase.co/storage/v1/object/public/travel-app-images/osm-1d517ec7/largo-do-pelourinho-osm-image-1757535157607-1.jpg","unknown","osm",""
"7876f326-0397-4de6-bd79-30727e8c0df2","Museu dos Ex-combatentes","https://kc.kobotoolbox.org/media/original?media_file=rafaelquetz%2Fattachments%2Fcff1b5a29c57429f996fad424f5edd17%2F3b1aa314-e04d-4f4b-9b5f-1bc7e53a32a5%2F1709143256872.jpg","true","https://kc.kobotoolbox.org/media/original?media_file=rafaelquetz%2Fattachments%2Fcff1b5a29c57429f996fad424f5edd17%2F3b1aa314-e04d-4f4b-9b5f-1bc7e53a32a5%2F1709143256872.jpg","https://tysnkzmljlmmqpbotkxv.supabase.co/storage/v1/object/public/travel-app-images/osm-7876f326/museu-dos-excombatentes-originalmediafilerafaelquetz2f-1757535163210-1.jpg","unknown","osm",""
"c7331626-98ce-4379-be94-15079d3794e6","Morro das Cabras (Morro do Chapéu)","https://www.correiodopovo.com.br/image/policy:1.455945/0001.jpg?f=default&q=0.6","true","https://www.correiodopovo.com.br/image/policy:1.455945/0001.jpg?f=default&q=0.6","https://tysnkzmljlmmqpbotkxv.supabase.co/storage/v1/object/public/travel-app-images/osm-c7331626/morro-das-cabras-morro-do-chapu-0001.jpgfdefaultq0.6-1757535171248-1.6","unknown","osm",""
"b37a4f88-1788-4555-9a78-a6c7d835167a","Praia de Garapuá","https://upload.wikimedia.org/wikipedia/commons/a/ac/3%C2%AA_Praia_-_Morro_de_S%C3%A3o_Paulo_-_Flickr_-_ground.zero.jpg","true","https://upload.wikimedia.org/wikipedia/commons/a/ac/3%C2%AA_Praia_-_Morro_de_S%C3%A3o_Paulo_-_Flickr_-_ground.zero.jpg","https://tysnkzmljlmmqpbotkxv.supabase.co/storage/v1/object/public/travel-app-images/osm-b37a4f88/praia-de-garapu-3c2aapraia-morrodesc3a3opaulo--1757535175403-1.jpg","unknown","osm",""
"f6984a26-232e-44cb-8813-b2184e3af92c","Arco de Triunfo de Barcelona","https://upload.wikimedia.org/wikipedia/commons/f/f1/Arc_de_Triomf_Barcelona_2013.jpg","true","https://tysnkzmljlmmqpbotkxv.supabase.co/storage/v1/object/public/travel-app-images/wikidata-f6984a26/arco-de-triunfo-de-barcelona-filearc-de-triomf-ba-1757532409638-1.jpg","https://tysnkzmljlmmqpbotkxv.supabase.co/storage/v1/object/public/travel-app-images/osm-f6984a26/arco-de-triunfo-de-barcelona-arcdetriomfbarcelona2013.jpg-1757535179941-1.jpg","wikidata","osm",""
"e9aedc3b-7a88-46cd-aa42-9123c2bbfb00","Biblioteca Gabriel García Márquez","https://i.imgur.com/JNt1ys0.jpg","true","https://tysnkzmljlmmqpbotkxv.supabase.co/storage/v1/object/public/travel-app-images/wikidata-e9aedc3b/biblioteca-gabriel-garca-mrque-filebiblioteca-gabri-1757531789974-1.jpg","https://tysnkzmljlmmqpbotkxv.supabase.co/storage/v1/object/public/travel-app-images/osm-e9aedc3b/biblioteca-gabriel-garca-mrquez-jnt1ys0.jpg-1757535186772-1.jpg","wikidata","osm",""
"dd072c2d-1b50-4560-9458-f8f0c05b6523","Museu Penitenciário Paulista","File:Webysther 20190304150324 - Parque da Independência.jpg","false","https://tysnkzmljlmmqpbotkxv.supabase.co/storage/v1/object/public/travel-app-images/wikidata-dd072c2d/museu-penitencirio-paulista-filemuseuipiranga1jp-1757532341743-1.jpg","","wikidata","","Edge function error: 500 Internal Server Error - {"error":"Failed to extract OSM image","details":"NetworkError when attempting to fetch resource"}"
"2a3c17be-06ef-485b-a63b-46413cb506f2","Museu Histórico E Pedagógico Casa Do Anhangüera","File:Parnaiba (São Paulo) - Foto de T. G. Werner - 1, Acervo do Museu Paulista da USP (cropped).jpg","false","https://tysnkzmljlmmqpbotkxv.supabase.co/storage/v1/object/public/travel-app-images/wikidata-2a3c17be/museu-histrico-e-pedaggico-cas-filewebysther-201907-1757532292262-1.jpg","","wikidata","","Edge function error: 500 Internal Server Error - {"error":"Failed to extract OSM image","details":"NetworkError when attempting to fetch resource"}"
"e6617dab-2a74-47aa-8a45-66936d545700","Museu Anhanguera","File:Casa do Anhanguera - visão geral 1.JPG","false","","","unknown","","Edge function error: 500 Internal Server Error - {"error":"Failed to extract OSM image","details":"NetworkError when attempting to fetch resource"}"
"bcbd9ea3-82e0-42ea-9128-68d7a5ac1449","Casarão Monsenhor","File:Casa da Cultura “Monsenhor Paulo Florêncio da Silveira Camargo” 01.jpg","false","","","unknown","","Edge function error: 500 Internal Server Error - {"error":"Failed to extract OSM image","details":"NetworkError when attempting to fetch resource"}"
"de48a300-e100-48f4-b8f4-b6fbbccd560e","Árvores Gêmeas","File:Árvores gêmeas no trevo km 174 da Rodovia SP-300 (Laranjal Paulista).jpg","false","","","unknown","","Edge function error: 500 Internal Server Error - {"error":"Failed to extract OSM image","details":"NetworkError when attempting to fetch resource"}"
"036f1024-317e-40e3-abc4-f6f0febe0814","Portal da Estrada Parque","File:Estrada dos Romeiros. - panoramio (5).jpg","false","","","unknown","","Edge function error: 500 Internal Server Error - {"error":"Failed to extract OSM image","details":"NetworkError when attempting to fetch resource"}"
"8afded89-8e63-407d-b94c-484574436a60","Lions Clube","File:Totem Lions Clubs International, Laranjal Paulista.jpg","false","","","unknown","","Edge function error: 500 Internal Server Error - {"error":"Failed to extract OSM image","details":"NetworkError when attempting to fetch resource"}"
"9d6bc711-d26e-4727-b572-90a1a36154e1","Caminho do Sol","File:Wiki Takes Santana de Parnaíba (Aug 2019) 133.jpg","false","","","unknown","","Edge function error: 500 Internal Server Error - {"error":"Failed to extract OSM image","details":"NetworkError when attempting to fetch resource"}"
"8404c695-5cb2-4f7f-8b9d-67a855d5317c","Locobreque","File:At Paranapiacaba 2018 083.jpg","false","https://commons.wikimedia.org/wiki/Category:Unidentified steam train, Paranapiacaba","","wikimedia_commons","","Edge function error: 500 Internal Server Error - {"error":"Failed to extract OSM image","details":"NetworkError when attempting to fetch resource"}"
"e99a1ff2-f1ff-4573-9cd8-5c595948ff20","O Gari","File:Vista frontal do gari.jpg","false","","","unknown","","Edge function error: 500 Internal Server Error - {"error":"Failed to extract OSM image","details":"NetworkError when attempting to fetch resource"}"
"2addfb31-0e21-480a-aed4-12faecb71928","Monumento a João Ramalho","File:Santo André - João Ramalho - fundador de Santo André - panoramio.jpg","false","https://tysnkzmljlmmqpbotkxv.supabase.co/storage/v1/object/public/travel-app-images/wikimedia-2addfb31/monumento-a-joo-ramalho-filefundador-da-cida-1757527729384-1.jpg","","wikimedia_commons","","Edge function error: 500 Internal Server Error - {"error":"Failed to extract OSM image","details":"NetworkError when attempting to fetch resource"}"
"0623ec78-6749-4f25-b4f1-1928f7127d72","Real Fábrica de Ferro São João de Ipanema","File:Fábrica ferro Sorocaba 1884.jpg","false","","","unknown","","Edge function error: 500 Internal Server Error - {"error":"Failed to extract OSM image","details":"NetworkError when attempting to fetch resource"}"
"cf7d891d-aa58-4300-ae17-3d9a28e5904c","Fornos de Carvão","File:Fornos_de_Carvão.jpg","false","","","unknown","","Edge function error: 500 Internal Server Error - {"error":"Failed to extract OSM image","details":"NetworkError when attempting to fetch resource"}"
"33e0418b-d021-4a09-849b-b1f6178b027c","Morro do Voturuna","File:Morro do Voturuna.jpg","false","","","unknown","","Edge function error: 500 Internal Server Error - {"error":"Failed to extract OSM image","details":"NetworkError when attempting to fetch resource"}"
"bb9885c1-c3aa-4a27-b08f-3683c68dc7ae","Memorial da Maçonaria","File:Monumento à Loja Maçônica São João do Laranjal.jpg","false","","","unknown","","Edge function error: 500 Internal Server Error - {"error":"Failed to extract OSM image","details":"NetworkError when attempting to fetch resource"}"
"2c4f0fa3-34e1-446c-a3ad-6fe67d5604ad","Estradas de Rodagem 1923","File:Estrada Velha de Santos 12.jpg","false","","","unknown","","Edge function error: 500 Internal Server Error - {"error":"Failed to extract OSM image","details":"NetworkError when attempting to fetch resource"}"
"94104525-c604-4426-af09-904a58794591","Busto ao Cônego André Pieroni","File:Busto ao Cônego André Pieroni.jpg","false","","","unknown","","Edge function error: 500 Internal Server Error - {"error":"Failed to extract OSM image","details":"NetworkError when attempting to fetch resource"}"
"0dbf23e0-f99b-47cf-8b9e-a0e839a0d28b","Letreiro "Maristela"","File:Letreiro Maristela (Laranjal Paulista).jpg","false","","","unknown","","Edge function error: 500 Internal Server Error - {"error":"Failed to extract OSM image","details":"NetworkError when attempting to fetch resource"}"
"e95c1a0e-2742-4c72-9f31-f64f31c8ef34","A Auxiliar de Limpeza","File:Vista frontal da auxiliar de limpeza.jpg","false","","","unknown","","Edge function error: 500 Internal Server Error - {"error":"Failed to extract OSM image","details":"NetworkError when attempting to fetch resource"}"
"cf403718-4cb4-45b0-a28e-11f67a4fa5e4","A Copeira","File:Vista frontal da copeira.jpg","false","","","unknown","","Edge function error: 500 Internal Server Error - {"error":"Failed to extract OSM image","details":"NetworkError when attempting to fetch resource"}"
"879d1a38-c88a-430f-922b-649e06463922","Letreiro "Laranjal Paulista"","File:Letreiro Laranjal Paulista no trevo km 174 da Rodovia SP-300.jpg","false","","","unknown","","Edge function error: 500 Internal Server Error - {"error":"Failed to extract OSM image","details":"NetworkError when attempting to fetch resource"}"
"fe0f19b8-5b04-4f87-a62f-e939b7a5b27a","500 Anos do Descobrimento do Brasil","File:Placa 500 Anos do Descobrimento do Brasil, Laranjal Paulista.jpg","false","","","unknown","","Edge function error: 500 Internal Server Error - {"error":"Failed to extract OSM image","details":"NetworkError when attempting to fetch resource"}"
"48882b2d-7d03-4595-bae5-cdf5220110cb","Busto ao Doutor Djalma Sampaio","File:Busto do Doutor Djalma Sampaio.jpg","false","","","unknown","","Edge function error: 500 Internal Server Error - {"error":"Failed to extract OSM image","details":"NetworkError when attempting to fetch resource"}"
"00ca35d4-0546-4490-a7b2-f8e912c98a1b","Pau da Missa","File:Pau da Missa.jpg","false","","","unknown","","Edge function error: 500 Internal Server Error - {"error":"Failed to extract OSM image","details":"NetworkError when attempting to fetch resource"}"
"6bcd8c0b-1a0d-47ef-8ac0-732d6b472095","Homenagem pela instalação de luz elétrica","File:At Paranapiacaba 2018 296.jpg","false","","","unknown","","Edge function error: 500 Internal Server Error - {"error":"Failed to extract OSM image","details":"NetworkError when attempting to fetch resource"}"
"72a942a6-7770-4335-9acd-7368245d2a93","Monumento ao Padre Luiz Capra","http://culturaz.santoandre.sp.gov.br/files/space/360/padre_capra.3.jpg","false","http://culturaz.santoandre.sp.gov.br/files/space/360/padre_capra.3.jpg","","unknown","","Edge function error: 500 Internal Server Error - {"error":"Failed to extract OSM image","details":"Failed to download image: 404 Not Found"}"
"99995cea-717b-4d14-a2b8-d815068347db","Monumento ao Padre Leonardo Nunes","http://culturaz.santoandre.sp.gov.br/files/space/359/leonardo_nunes.2.jpg","false","http://culturaz.santoandre.sp.gov.br/files/space/359/leonardo_nunes.2.jpg","","unknown","","Edge function error: 500 Internal Server Error - {"error":"Failed to extract OSM image","details":"Failed to download image: 404 Not Found"}"
"97377799-123f-447f-a2de-1f809a31ca71","Globo Terrestre","File:Globo de Reciclagem Sabina.jpg","false","","","unknown","","Edge function error: 500 Internal Server Error - {"error":"Failed to extract OSM image","details":"NetworkError when attempting to fetch resource"}"
"12f6ed43-90c0-4115-b0af-cadfb380178a","Homenagem à Bíblia","https://culturaz.santoandre.sp.gov.br/files/space/629/biblia.png","true","https://culturaz.santoandre.sp.gov.br/files/space/629/biblia.png","https://tysnkzmljlmmqpbotkxv.supabase.co/storage/v1/object/public/travel-app-images/osm-12f6ed43/homenagem-bblia-biblia.png-1757535251027-1.png","unknown","osm",""
"66482951-2d7c-4eac-9381-e81165c521d5","Mural no Hospital das Clínicas","https://doc-0c-20-mymaps.googleusercontent.com/untrusted/hostedimage/07rk36sh53m3ain53733733kp4/9hulls7k4uiim1cfstdplih2c0/1621539042500/xKeMo0xvPlsS31Dbjeh_FepuOnOuMBLo/07375614587580993322/5AF2TALr0mK2L4ruvuHP0I7p2ZUmig9ibele7N4Mz7ImPhJa_6VAwnh9T7liOEEt","false","https://doc-0c-20-mymaps.googleusercontent.com/untrusted/hostedimage/07rk36sh53m3ain53733733kp4/9hulls7k4uiim1cfstdplih2c0/1621539042500/xKeMo0xvPlsS31Dbjeh_FepuOnOuMBLo/07375614587580993322/5AF2TALr0mK2L4ruvuHP0I7p2ZUmig9ibele7N4Mz7ImPhJa_6VAwnh9T7liOEEt","","unknown","","Edge function error: 500 Internal Server Error - {"error":"Failed to extract OSM image","details":"Failed to download image: 404 Not Found"}"
"8a2d41db-3b72-46d5-9866-619634be40b2","Semáforo Gigante","File:ITU 07 2009 Giant traffic signal 6058.jpg","false","","","unknown","","Edge function error: 500 Internal Server Error - {"error":"Failed to extract OSM image","details":"NetworkError when attempting to fetch resource"}"
"4075a1cd-7d1d-4a54-bc7b-b6820ec0f9af","Orelhão de Itu","File:ITU 07 2009 Giant Phone 6037.jpg","false","","","unknown","","Edge function error: 500 Internal Server Error - {"error":"Failed to extract OSM image","details":"NetworkError when attempting to fetch resource"}"
"238c17cd-5e5a-4729-977a-7e6284e09935","Restauração do Caminho do Mar","File:Estrada Velha de Santos 07.jpg","false","","","unknown","","Edge function error: 500 Internal Server Error - {"error":"Failed to extract OSM image","details":"NetworkError when attempting to fetch resource"}"
"853ee3ad-a334-44c5-aaaa-935db432fbe9","Segunda Usina de Refino","File:Placa da Segunda Usina de Refino.jpg","false","","","unknown","","Edge function error: 500 Internal Server Error - {"error":"Failed to extract OSM image","details":"NetworkError when attempting to fetch resource"}"
"97ac57db-19aa-4db3-a10d-aa2978e6476e","Altos Fornos Geminados","File:Placa informativa Altos-Fornos Geminados.jpg","false","","","unknown","","Edge function error: 500 Internal Server Error - {"error":"Failed to extract OSM image","details":"NetworkError when attempting to fetch resource"}"
"de9bd43f-6ad8-408c-9e16-4e629c0dcbb3","Alto Forno de Mursa","File:Placa informativa Alto-Forno de Mursa.jpg","false","","","unknown","","Edge function error: 500 Internal Server Error - {"error":"Failed to extract OSM image","details":"NetworkError when attempting to fetch resource"}"
"477ec762-77a5-4f9a-9425-da58a8bdd05f","Monumento ao IV Centenário da Fundação da Vila de Santo André da Borda do Campo","https://culturaz.santoandre.sp.gov.br/files/space/369/sa_borda_do_campo-2.jpg","false","https://culturaz.santoandre.sp.gov.br/files/space/369/sa_borda_do_campo-2.jpg","","unknown","","Edge function error: 500 Internal Server Error - {"error":"Failed to extract OSM image","details":"Failed to download image: 404 Not Found"}"
"57fd02ea-33f4-428b-820f-e6b9ccb5923e","Homenagem ao Papa João XXIII","https://culturaz.santoandre.sp.gov.br/files/space/628/papa_jo%C3%A3o_23_e_manchas_.jpg","false","https://culturaz.santoandre.sp.gov.br/files/space/628/papa_jo%C3%A3o_23_e_manchas_.jpg","","unknown","","Edge function error: 500 Internal Server Error - {"error":"Failed to extract OSM image","details":"Failed to download image: 404 Not Found"}"
"e07f76c6-7a90-400c-ba21-388f43771d4b","Comemoração Centenário da Imigração Japonesa","https://upload.wikimedia.org/wikipedia/commons/c/cd/File_by_Peteris_P1170677_%283667731502%29.jpg","true","https://upload.wikimedia.org/wikipedia/commons/c/cd/File_by_Peteris_P1170677_%283667731502%29.jpg","https://tysnkzmljlmmqpbotkxv.supabase.co/storage/v1/object/public/travel-app-images/osm-e07f76c6/comemorao-centenrio-da-imigrao-japonesa-filebypeterisp1170677283667731-1757535274395-1.jpg","unknown","osm",""
"17d19adb-ebd6-4281-b9b2-1cb000ffc676","Obras de Arte de Gianni Parziale","https://culturaz.santoandre.sp.gov.br/files/space/120/08_obras_gp_capela_maria_imaculada.png","true","https://culturaz.santoandre.sp.gov.br/files/space/120/08_obras_gp_capela_maria_imaculada.png","https://tysnkzmljlmmqpbotkxv.supabase.co/storage/v1/object/public/travel-app-images/osm-17d19adb/obras-de-arte-de-gianni-parziale-08obrasgpcapelamariaimaculada.-1757535278183-1.png","unknown","osm",""
"3ca2f854-9e85-4af3-965a-fd26552baef9","14 Bis","https://i.imgur.com/qdNK3Y7.jpeg","true","https://i.imgur.com/qdNK3Y7.jpeg","https://tysnkzmljlmmqpbotkxv.supabase.co/storage/v1/object/public/travel-app-images/osm-3ca2f854/14-bis-qdnk3y7.jpeg-1757535282524-1.jpeg","unknown","osm",""
"dccbad40-203b-4bf8-b2ef-1edbc041e683","Brasão Amparense em pedras decorativas","https://pt.m.wikipedia.org/wiki/Ficheiro:AmparoBrasao.png","true","https://pt.m.wikipedia.org/wiki/Ficheiro:AmparoBrasao.png","https://tysnkzmljlmmqpbotkxv.supabase.co/storage/v1/object/public/travel-app-images/osm-dccbad40/braso-amparense-em-pedras-decorativas-ficheiroamparobrasao.png-1757535286607-1.png","unknown","osm",""