ID,Name,City,State,Wikipedia_URL,Has_Image
"9f5f69f3-c890-49e3-8de3-941e98f619b8","Biblioteca Rector Gabriel Ferraté. UPC","Barcelona","null","https://ca.wikipedia.org/wiki/Universitat_Polit%C3%A8cnica%20de%20Catalunya","true"
"5c7a1a89-dd86-4327-ba54-38279cc478af","Iglesia de los Hogares Mundet","Barcelona","null","https://ca.wikipedia.org/wiki/Estaci%C3%B3_de%20Mundet","true"
"30be9ae4-08dd-4fbb-9553-c632334b4704","Iglesia de los Santos Gervasio y Protasio y Nuestra Señora de la Bonanova","Barcelona","null","https://ca.wikipedia.org/wiki/Estaci%C3%B3_de%20la%20Bonanova","true"
"ebdf91a7-8692-4935-9e6d-fc470db6088c","Parroquia de Cristo Rey - La Sagrera","Barcelona","null","https://ca.wikipedia.org/wiki/Estaci%C3%B3_de%20la%20Sagrera","true"
"f326bbd7-e78f-4a2b-8b0f-fdb68dacf65f","Spotify Camp Nou","Barcelona","null","https://en.wikipedia.org/wiki/Camp_Nou","true"
"61ca0a15-3643-45f4-a9ac-75f82bc7bd37","Museu de la Música de Barcelona","Barcelona","null","https://ca.wikipedia.org/wiki/Museu_de%20la%20M%C3%BAsica%20de%20Barcelona","true"
"7bd85ebb-ca62-40cc-9090-be4116f2410c","Jardines de los Tres Tombs","Barcelona","null","https://ca.wikipedia.org/wiki/Jardins_de%20Joan%20Brossa","true"
"538d6fc9-bbbd-4042-8fce-4ccc5eebde3e","Parque de Antonio Santiburcio","Barcelona","null","https://ca.wikipedia.org/wiki/Parc_d'Antoni%20Santiburcio","true"
"31bcb49c-1535-40cc-98bc-082752411355","La Pedrera - Casa Milà","Barcelona","null","https://ca.wikipedia.org/wiki/Casa_Mil%C3%A0","true"
"bfbdd842-6c6b-40c3-9554-5a1cafca170c","Palau Güell","Barcelona","null","https://ca.wikipedia.org/wiki/Palau_G%C3%BCell","true"
"778c3192-a756-4cc7-8598-0ab0aba04026","Mercado de La Boqueria","Barcelona","null","https://ca.wikipedia.org/wiki/Mercat_de%20la%20Boqueria","true"
"f9bb0ba9-6c74-4c1c-a775-1ebdc3937b98","Museu d'Art Contemporani de Barcelona","Barcelona","null","https://ca.wikipedia.org/wiki/Museu_d'Art%20Contemporani%20de%20Barcelona","true"
"b3ae3f8e-39b0-4621-ba7b-d4aa514b31ec","L'Aquàrium de Barcelona","Barcelona","null","https://ca.wikipedia.org/wiki/Aqu%C3%A0rium_de%20Barcelona","true"
"4127d92e-7a39-448b-b731-21ea1475daec","Basílica de la Mercè","Barcelona","null","https://ca.wikipedia.org/wiki/Bas%C3%ADlica_de%20la%20Merc%C3%A8","true"
"069110d9-6638-43b5-8a62-1a4c70b92266","Museo Frederic Marès","Barcelona","null","https://ca.wikipedia.org/wiki/Museu_Frederic%20Mar%C3%A8s","true"
"87a07b05-d502-4989-8e1f-eb2c1d49de4f","Parque de Can Rigal","Barcelona","null","https://ca.wikipedia.org/wiki/Parc_de%20Can%20Rigal","true"
"3c9f7e6d-c7e1-4199-97fe-000bc6b177af","Plaza de Tetuán","Barcelona","null","https://ca.wikipedia.org/wiki/Estaci%C3%B3_de%20Tetuan","true"
"0c35983f-a8ae-495f-bf94-cd8e3001577c","Parque del Castillo de la Oreneta","Barcelona","null","https://ca.wikipedia.org/wiki/Parc_del%20Castell%20de%20l'Oreneta","true"
"09d54f27-7b9d-4b42-ad50-2dbad076806f","Iglesia de Santa Ana","Barcelona","null","https://ca.wikipedia.org/wiki/Santa_Maria%20de%20la%20Geltr%C3%BA","true"
"d4d95822-cab3-4639-9ef8-02e1fb9b6721","Parroquia del Bon Pastor","Barcelona","null","https://ca.wikipedia.org/wiki/Estaci%C3%B3_de%20Bon%20Pastor","true"
"0e08eefd-59ea-45b3-b2ff-435095be95c6","Parque de la Estación del Norte","Barcelona","null","https://ca.wikipedia.org/wiki/Parc_de%20l'Estaci%C3%B3%20del%20Nord","true"
"5ac78dd4-7329-4a7e-86c5-fbf5b2e367ec","Playa de la Barceloneta","Barcelona","null","https://ca.wikipedia.org/wiki/Platja_de%20Sant%20Sebasti%C3%A0%20(Barcelona)","true"
"db33d6a2-3181-4cb7-b766-363356ca934b","Parroquia de San Pedro de las Puel·las","Barcelona","null","https://ca.wikipedia.org/wiki/Santa_Maria%20del%20Pi","true"
"b126b13d-00eb-450d-b0fc-b0c60f5e9d6e","Parque de la Maquinista","Barcelona","null","https://ca.wikipedia.org/wiki/Parc_de%20la%20Maquinista%20de%20Sant%20Andreu","true"
"1861d160-df15-4931-8399-bb3ad95b1643","Biblioteca Joaquim Folch i Torres del Museo Nacional de Arte de Cataluña","Barcelona","null","https://ca.wikipedia.org/wiki/Biblioteca_de%20Catalunya","true"
"4c66655f-4aa1-4b5c-841e-94a0489ba9ac","Filmoteca de Cataluña","Barcelona","null","https://ca.wikipedia.org/wiki/Filmoteca_de%20Catalunya","true"
"3dd946ad-ef8b-4aa1-bde1-9176bfb7227d","Zoo de Barcelona","Barcelona","null","https://ca.wikipedia.org/wiki/Parc_Zool%C3%B2gic%20de%20Barcelona","true"
"bc8c588e-9af4-46ec-bd40-30d424426fe7","Parròquia de Sant Andreu de Palomar","Barcelona","null","https://ca.wikipedia.org/wiki/Esgl%C3%A9sia_de%20Sant%20Andreu%20de%20Palomar","true"
"a068186c-689a-4ba7-929e-eb94e48f1cb5","Parque de Can Dragó","Barcelona","null","https://ca.wikipedia.org/wiki/Parc_de%20Can%20Drag%C3%B3","true"
"126c5cec-9093-4294-bcba-edc95328ec86","Ermita de Santa Cruz de Olorda","Barcelona","null","https://ca.wikipedia.org/wiki/Santa_Creu%20d'Olorda","true"
"2a3c17be-06ef-485b-a63b-46413cb506f2","Museu Histórico E Pedagógico Casa Do Anhangüera","Santana De Parnaíba","SP","https://pt.wikipedia.org/wiki/Centro_Hist%C3%B3rico%20de%20Santana%20de%20Parna%C3%ADba","true"
"f5e3475b-96c3-4e9b-9d15-f9ed71d10f07","Gran Teatro del Liceu","Barcelona","null","https://ca.wikipedia.org/wiki/Gran_Teatre%20del%20Liceu","true"
"89e4e2e7-145d-42c9-b970-80e04d19c1c5","Hash Marihuana & Hemp Museum Barcelona","Barcelona","null","https://ca.wikipedia.org/wiki/Hash_Marihuana%20%26%20Hemp%20Museum%20(Barcelona)","true"
"1b8bb690-121d-4d41-9566-1ff332c584e8","Centro Cultural Banco do Brasil","Belo Horizonte","BH","https://pt.wikipedia.org/wiki/Centro_Cultural%20Banco%20do%20Brasil","true"
"7da6dc35-590e-4bf1-a204-8b4fc1c01e6b","Paredão da Ponta Grossa","Rio De Janeiro","RJ","https://pt.wikipedia.org/wiki/Praia_de%20Ponta%20Grossa","true"
"a51b71e7-b75b-4ffe-8864-b3ad1be13581","Museu de Ciências Naturais PUC Minas","Belo Horizonte","BH","https://pt.wikipedia.org/wiki/Museu_das%20Minas%20e%20do%20Metal","true"
"38b12624-d5e8-4743-b2bf-cc78381d4ed9","Cantão de Realengo","Rio De Janeiro","RJ","https://pt.wikipedia.org/wiki/Realengo_(Rio%20de%20Janeiro)","true"
"309e528c-13b9-4beb-a719-5a928ca8c1a0","Parque Estadual da Serra do Rola-Moça","Belo Horizonte","BH","https://pt.wikipedia.org/wiki/Parque_Estadual%20da%20Serra%20do%20Rola-Mo%C3%A7a","true"
"44ab039e-a64e-43f0-aa50-d5e8b19e2033","BH Shopping","Belo Horizonte","BH","https://pt.wikipedia.org/wiki/BH_Shopping","true"
"f450f36b-e6ae-428c-b9b6-19bf6d6b0a92","Sítio Roberto Burle Marx - IPHAN","Rio De Janeiro","RJ","https://de.wikipedia.org/wiki/Roberto-Burle-Marx-St%C3%A4tte","true"
"feb7f267-0321-4b1b-9401-b8b92b9dec29","Parque Nossa Senhora da Piedade","Belo Horizonte","BH","https://pt.wikipedia.org/wiki/Parque_Nossa%20Senhora%20da%20Piedade","true"
"84b92064-b0dd-4ce2-9623-569e31babfdf","Praça da Liberdade","Belo Horizonte","BH","https://pt.wikipedia.org/wiki/Pra%C3%A7a_da%20Liberdade%20(Belo%20Horizonte)","true"
"dd51417c-5a52-484b-9978-c63805bb2ab5","Centro Cultural Banco do Brasil (CCBB)","Rio De Janeiro","RJ","https://pt.wikipedia.org/wiki/Centro_Cultural%20Banco%20do%20Brasil","true"
"68086a88-472d-44f3-9c57-fab3854c6c9a","Museo del Chocolate","Barcelona","null","https://ca.wikipedia.org/wiki/Museu_de%20la%20Xocolata","true"
"8921921c-9099-4a75-aa6c-d67d3a90a241","Parque Central de Nou Barris","Barcelona","null","https://ca.wikipedia.org/wiki/Parc_Central%20de%20Nou%20Barris","true"
"3373b530-98ca-4c0b-a58c-b99064a69565","Escultura Els Mistos","Barcelona","null","https://ca.wikipedia.org/wiki/Els_Mistos","true"
"4ebbeb06-0019-465e-b86b-6a9abf92dc4a","Ecomuseu do Quarteirão Cultural do Matadouro de Santa Cruz","Rio De Janeiro","RJ","https://pt.wikipedia.org/wiki/Ecomuseu_de%20Santa%20Cruz","true"
"99e8456d-e199-496b-8859-25e8b58093e5","Quilombo do Camorim","Rio De Janeiro","RJ","https://pt.wikipedia.org/wiki/Camorim","true"
"53f1a32f-6178-4fea-9c20-6b9fe77b5fe0","Parc del Laberint d'Horta","Barcelona","null","https://ca.wikipedia.org/wiki/Parc_del%20Laberint%20d'Horta","true"
"a5936405-1c97-4155-8dbb-4460f9b6d15b","Igreja Evangélica Congregacional de Senador Camará","Rio De Janeiro","RJ","https://pt.wikipedia.org/wiki/Senador_Camar%C3%A1","true"
"640de94c-5996-4ac3-93bc-67ffc17d02e7","Espaço Cultural da Marinha","Rio De Janeiro","RJ","https://pt.wikipedia.org/wiki/Espa%C3%A7o_Cultural%20da%20Marinha","true"
"1ed742ca-3102-41d2-bf9e-b788d316c3df","Museu Universitário Solar Grandjean de Montigny (PUC-Rio)","Rio De Janeiro","RJ","https://pt.wikipedia.org/wiki/Solar_Grandjean%20de%20Montigny","true"
"1d1935a6-f131-4b2b-9e6e-532327f7bed0","Museo Olímpico y del Deporte Joan Antoni Samaranch","Barcelona","null","https://ca.wikipedia.org/wiki/Museu_Ol%C3%ADmpic%20i%20de%20l'Esport%20Joan%20Antoni%20Samaranch","true"
"9b1508b3-6d60-4ac1-b0a6-5a31d64f5147","Parque de Cervantes","Barcelona","null","https://ca.wikipedia.org/wiki/Parc_de%20Cervantes","true"
"f932ab04-459a-45fa-97fa-312cb07c497e","Mirante da Praia da Joatinga","Rio De Janeiro","RJ","https://pt.wikipedia.org/wiki/Praia_da%20Joatinga","true"
"11b70583-27be-4f7b-8a29-319f1c57686d","Jardim Biblioteca Nacional","Rio De Janeiro","RJ","https://pt.wikipedia.org/wiki/Biblioteca_Nacional%20do%20Brasil","true"
"f931f4ba-d95c-467d-9f68-80b6470009cc","Copacabana","Rio De Janeiro","RJ","https://pt.wikipedia.org/wiki/Copacabana","true"
"f0279a0e-7848-4de3-8ac8-4c726d7daf29","Parque de la Ciutadella","Barcelona","null","https://ca.wikipedia.org/wiki/Parc_de%20la%20Ciutadella","true"
"8abfc1ee-3128-4c31-9144-ecfe6f3e1f05","Jardines de Mossén Costa Llobera","Barcelona","null","https://ca.wikipedia.org/wiki/Jardins_de%20Moss%C3%A8n%20Costa%20i%20Llobera","true"
"1e788fe3-dfb5-42a7-9ac5-46907655c482","Placa Eu Amo Franca","Franca","null","https://pt.wikipedia.org/wiki/Franca","true"
"0603b591-c903-4776-9b80-6c98fb1f4e4b","Parque del Guinardó","Barcelona","null","https://ca.wikipedia.org/wiki/Parc_del%20Guinard%C3%B3","true"
"93518e61-7629-4012-b7fe-53c0d3286abd","Centro Cultural Casa da FEB Força Expedicionária Brasileira","Rio De Janeiro","RJ","https://pt.wikipedia.org/wiki/Centro_Cultural%20Banco%20do%20Brasil","true"
"a55700fa-3751-4072-93ad-074ad1ce4648","Parque de Xavier Montsalvatge","Barcelona","null","https://ca.wikipedia.org/wiki/Parc_de%20Xavier%20Montsalvatge","true"
"92f048c1-6da1-44d3-a863-6df77896ce35","Letreiro de Padre Miguel","Rio De Janeiro","RJ","https://pt.wikipedia.org/wiki/Padre_Miguel","false"
"519857c3-cc53-451d-bb24-f21de1b9e46c","Parroquia Sagrada Familia de Barcelona y Cripta","Barcelona","null","https://ca.wikipedia.org/wiki/Sant_Pere%20de%20les%20Puel%C2%B7les","true"
"9d27eaa1-011b-4fce-824a-5ca7ee0bb886","Parque Estadual do Juquery","Franco Da Rocha","null","https://pt.wikipedia.org/wiki/Parque_Estadual%20do%20Juquery","true"
"7d3bb621-b7a8-4477-a596-aa1b268cb409","Fundação Planetário da Cidade do Rio de Janeiro","Rio De Janeiro","RJ","https://pt.wikipedia.org/wiki/Planet%C3%A1rio_do%20Rio%20de%20Janeiro","true"
"69eed298-5b7a-46b8-9980-ab6e410c0b5c","Nova Icaria beach","Barcelona","null","https://ca.wikipedia.org/wiki/Platja_de%20la%20Nova%20Ic%C3%A0ria","true"
"3e038d36-e8bf-40b0-b472-7c3f1c089a8d","El Auditorio - L'Auditori","Barcelona","null","https://ca.wikipedia.org/wiki/Auditori_de%20Barcelona","true"
"8ad7045b-f3a0-40d8-a81d-1d7e01d1bb54","Estádio Leônidas da Silva","Rio De Janeiro","RJ","https://pt.wikipedia.org/wiki/Est%C3%A1dio_Le%C3%B4nidas%20da%20Silva","true"
"a1654bba-3940-45ad-90fd-c6b838856e6f","Playa de Bogatell","Barcelona","null","https://ca.wikipedia.org/wiki/Platja_del%20Bogatell","true"
"68c6c548-61ad-4fe7-9078-dd2731df7949","Maracanãzinho | Ginásio Gilberto Cardoso","Rio De Janeiro","RJ","https://pt.wikipedia.org/wiki/Maracan%C3%A3zinho","true"
"dbe094df-5abb-4174-b3ee-c5ffe51f3819","Quinta da Boa Vista","Rio De Janeiro","RJ","https://pt.wikipedia.org/wiki/Quinta_da%20Boa%20Vista","true"
"34aed681-540e-48d2-8333-1a98b3a87b37","Parque de Josep Serra Martí","Barcelona","null","https://ca.wikipedia.org/wiki/Parc_de%20Josep%20Maria%20Serra%20Mart%C3%AD","true"
"d282b9b2-afad-4f43-b643-962e2142dbf9","Museu Bispo do Rosario Arte Contemporânea","Rio De Janeiro","RJ","https://pt.wikipedia.org/wiki/Museu_de%20Arte%20Contempor%C3%A2nea%20de%20Niter%C3%B3i","true"
"f2a5e46b-5c7c-4e6b-854a-98e61cc0a300","Museo de Historia de Barcelona. Plaza del Rey","Barcelona","null","https://ca.wikipedia.org/wiki/Palau_Meca","true"
"ac16e195-a2f0-4abb-b58a-26a20a79965d","La Masia de Can Planes barcelona","Barcelona","null","https://ca.wikipedia.org/wiki/Can_Planes%20(les%20Corts)","true"
"e14bdf78-66dc-4915-bd70-70562269fe57","Parque Nacional da Tijuca","Rio De Janeiro","RJ","https://pt.wikipedia.org/wiki/Parque_Nacional%20da%20Tijuca","true"
"70a74fbc-838f-47a6-a9c1-f7c92fd09331","Jardines de la Tamarita","Barcelona","null","https://ca.wikipedia.org/wiki/Jardins_de%20la%20Tamarita","true"
"5aceb1b0-4c6f-4c3b-95f2-0d46b63defa9","Estádio Nabi Abi Chedid - Arena Red Bull","Bragança Paulista","SP","https://pt.wikipedia.org/wiki/Est%C3%A1dio_Nabi%20Abi%20Chedid","true"
"99a5b65d-8fba-4417-b50b-2dc988d02daf","Templo do Rio de Janeiro","Rio De Janeiro","RJ","https://en.wikipedia.org/wiki/Rio_de%20Janeiro%20Brazil%20Temple","true"
"5eeccd43-f7c8-4701-871a-07c8f0a3fb58","Parque de la España Industrial","Barcelona","null","https://ca.wikipedia.org/wiki/Parc_de%20l'Espanya%20Industrial","true"
"5618c044-7bcf-46d4-8179-82811e649a75","Teatre Grec","Barcelona","null","https://ca.wikipedia.org/wiki/Teatre_Grec","true"
"a3cc16f8-67c0-43b4-8d37-0460fb88ca4f","Parroquia de San Francisco de Asís","Barcelona","null","https://ca.wikipedia.org/wiki/Sant_Pere%20de%20les%20Puel%C2%B7les","true"
"2cb39704-b2b6-44e4-bdbc-314da65c14c2","Shopping RioSul","Rio De Janeiro","RJ","https://pt.wikipedia.org/wiki/Rio_Sul%20Center","true"
"0718d64b-1771-4375-872d-30a610837038","Castell de Montjuïc","Barcelona","null","https://ca.wikipedia.org/wiki/Castell_de%20Montju%C3%AFc","true"
"76f30b2b-9fd2-4e6d-93e2-0b66b7c4f764","Bangu Shopping","Rio De Janeiro","RJ","https://pt.wikipedia.org/wiki/Bangu_Shopping","true"
"15202b1d-7e3d-41cb-9973-6b42e85e9936","Basílica de los Santos Mártires Justo y Pastor","Barcelona","null","https://ca.wikipedia.org/wiki/Esgl%C3%A9sia_dels%20Sants%20Just%20i%20Pastor","true"
"8db029d3-217e-4f9d-bb6b-7e0266650075","Barra da Tijuca","Rio De Janeiro","RJ","https://pt.wikipedia.org/wiki/Cidade_das%20Artes","true"
"0e5291b2-c25e-4ddf-bddd-6d298a7c3a2d","Mirante da Penha","Rio De Janeiro","RJ","https://pt.wikipedia.org/wiki/Penha_(Rio%20de%20Janeiro)","true"
"96be1479-6b7f-45f4-940a-98384b47e552","Arena Barueri","Barueri","SP","https://pt.wikipedia.org/wiki/Arena_Barueri","true"
"1834fdbf-2e51-41d1-9efe-e64268684682","Estádio Municipal Carlos Ferracini","Caieiras","SP","https://pl.wikipedia.org/wiki/Est%C3%A1dio_Municipal%20Carlos%20Ferracini","true"
"f58f01e7-354d-4d53-a0f3-ed6f1f60dc3e","Playa de San Sebastián","Barcelona","null","https://ca.wikipedia.org/wiki/Platja_de%20Sant%20Sebasti%C3%A0%20(Barcelona)","true"
"b7412a3e-7a20-4700-a6cc-a23846b2351a","BioParque do Rio","Rio De Janeiro","RJ","https://pt.wikipedia.org/wiki/Quinta_da%20Boa%20Vista","true"
"9fb3a226-98af-4c91-a4be-a4a01eb37546","Basílica Santuário de Nossa Senhora da Penha de França","Rio De Janeiro","RJ","https://pt.wikipedia.org/wiki/Igreja_de%20Nossa%20Senhora%20da%20Penha%20(Rio%20de%20Janeiro)","true"
"010131e9-cbe4-4d28-8e72-54349d835c10","Parque de la Nova Icària","Barcelona","null","https://ca.wikipedia.org/wiki/Parc_de%20la%20Nova%20Ic%C3%A0ria","true"
"4365120a-603f-402c-90e0-934577d33a88","Real Monasterio de Santa María de Pedralbes","Barcelona","null","https://ca.wikipedia.org/wiki/Reial_Club%20de%20Tennis%20Barcelona","true"
"0679192c-ee6f-49be-b071-23f755af124c","Museu de Geociências","São Paulo","SP","https://pt.wikipedia.org/wiki/Museu_de%20Geoci%C3%AAncias%20do%20Instituto%20de%20Geoci%C3%AAncias%20da%20USP","true"
"4e27134e-f69e-48b7-80d5-1947540376c1","Museu do Futebol","São Paulo","SP","https://pt.wikipedia.org/wiki/Museu_do%20Futebol%20(S%C3%A3o%20Paulo)","true"
"da020474-4a7b-4322-b7bd-353e417214a8","Parque Central del Poblenou","Barcelona","null","https://ca.wikipedia.org/wiki/Parc_del%20Centre%20del%20Poblenou","true"
"35844861-ef9e-4d4b-9328-d47adf070db8","Biblioteca Infanto Juvenil Monteiro Lobato","São Paulo","SP","https://pt.wikipedia.org/wiki/Biblioteca_Monteiro%20Lobato","true"
"4eacd913-226b-4cb0-96c0-9ac068647d94","Museu Judaico de São Paulo","São Paulo","SP","https://pt.wikipedia.org/wiki/Museu_Judaico%20de%20S%C3%A3o%20Paulo","true"
"a4868f57-dc49-4d3f-a0ef-f56507aa334e","Biblioteca Mário de Andrade","São Paulo","SP","https://pt.wikipedia.org/wiki/Biblioteca_M%C3%A1rio%20de%20Andrade","true"
"a02f7550-fcbd-42f9-b8c5-d6b12266d64f","Fundació Joan Miró","Barcelona","null","https://ca.wikipedia.org/wiki/Fundaci%C3%B3_Joan%20Mir%C3%B3","true"
"dd072c2d-1b50-4560-9458-f8f0c05b6523","Museu Penitenciário Paulista","São Paulo","SP","https://pt.wikipedia.org/wiki/Museu_do%20Ipiranga","true"
"16442285-8df5-4945-9ec6-b319a773e720","Jardines de Ramon Margalef López","Barcelona","null","https://ca.wikipedia.org/wiki/Montju%C3%AFc_(Barcelona)","true"
"a040cdb8-c390-46ab-bcf3-fad256c1de61","Museu de Zoologia da Universidade de São Paulo","São Paulo","SP","https://pt.wikipedia.org/wiki/Museu_de%20Arte%20de%20S%C3%A3o%20Paulo","true"
"9e6aaa1e-2245-4de2-9ed7-18ca76d2ff57","Museo de Arqueología de Cataluña MAC Barcelona","Barcelona","null","https://ca.wikipedia.org/wiki/Centre_de%20Cultura%20Contempor%C3%A0nia%20de%20Barcelona","true"
"e90911cc-47a0-4842-b0fd-de01b679425b","Casa Batlló","Barcelona","null","https://ca.wikipedia.org/wiki/Casa_Batll%C3%B3","true"
"1e0c41af-6ffc-45fb-af10-5e65ab13f6f1","Jardines de Laribal","Barcelona","null","https://ca.wikipedia.org/wiki/Jardins_de%20Laribal","true"
"a2a9c710-2acc-45d5-9742-3c61f17c016f","Boulevard butantã","São Paulo","SP","https://pt.wikipedia.org/wiki/Esta%C3%A7%C3%A3o_Butant%C3%A3","true"
"43106b92-905c-4ae4-835a-e662985416c3","Bosque do Pau-Brasil","São Paulo","SP","https://pt.wikipedia.org/wiki/Instituto_de%20Bot%C3%A2nica","true"
"c52eb499-e437-4e1e-8ae7-684fdf1395d4","Museu do Ipiranga","São Paulo","SP","https://pt.wikipedia.org/wiki/Museu_do%20Ipiranga","true"
"7d065467-bb13-482e-ad20-d930e212ff88","Museu Espírita de São Paulo","São Paulo","SP","https://pt.wikipedia.org/wiki/Museu_de%20Arte%20de%20S%C3%A3o%20Paulo","true"
"924acf0b-3020-4ce6-9e32-bff9df7863d7","Biblioteca del Museu Marítim de Barcelona","Barcelona","null","https://ca.wikipedia.org/wiki/Palau_del%20Lloctinent","true"
"af9320ca-ed1f-4c38-b9c2-fdffe6a0bf2d","Capela de São Miguel Arcanjo","São Paulo","SP","https://pt.wikipedia.org/wiki/Capela_de%20S%C3%A3o%20Miguel%20Arcanjo","true"
"3ef5efe4-1966-48df-8404-6d392f5a1d7d","Capela Nossa Senhora da Misericórdia","São Paulo","SP","https://pt.wikipedia.org/wiki/Irmandade_da%20Santa%20Casa%20de%20Miseric%C3%B3rdia%20de%20S%C3%A3o%20Paulo","true"
"7da794fd-a522-4c31-891c-ffbe01bdc270","Capela Santa Cruz","São Paulo","SP","https://pt.wikipedia.org/wiki/Capela_de%20Santa%20Cruz%20(S%C3%A3o%20Paulo)","true"
"5e8a946f-b271-46ca-9c16-1bbb55e4f0aa","Museu Histórico do Instituto Butantan","São Paulo","SP","https://pt.wikipedia.org/wiki/Museu_de%20Arte%20Contempor%C3%A2nea%20da%20Universidade%20de%20S%C3%A3o%20Paulo","true"
"7cd2f9c3-c02f-4348-b1fb-d278832c9202","Orla da Praia do Leblon","Rio De Janeiro","RJ","https://pt.wikipedia.org/wiki/Praia_de%20Ipanema","true"
"c6805ca2-e26b-4a84-a0be-6b4d199e9f37","Museu Histórico do Instituto Butantan - Espaço Terra Firme","São Paulo","SP","https://pt.wikipedia.org/wiki/Instituto_Butantan","true"
"b094bbc6-0c44-4ac1-bdde-7a8c1684136d","Eu Amo Pirituba","São Paulo","SP","https://pt.wikipedia.org/wiki/Esta%C3%A7%C3%A3o_Pirituba","true"
"d2a041e9-5017-47ff-8c94-9dda6de319b3","Park Güell","Barcelona","null","https://ca.wikipedia.org/wiki/Parc_G%C3%BCell","true"
"f71a7d06-6a62-4ae1-af52-a7b66232e40e","Casa do Caboclo do Parque da Água Branca","São Paulo","SP","https://pt.wikipedia.org/wiki/Casa_Branca%20(S%C3%A3o%20Paulo)","true"
"07a3b396-98f0-472c-9718-8c2a865a6c9a","Parque Natural Municipal Chico Mendes","Rio De Janeiro","RJ","https://pt.wikipedia.org/wiki/Parque_Ecol%C3%B3gico%20Chico%20Mendes","true"
"f5b58d6a-0591-4459-89bb-07f0551f5a7b","Horto Oswaldo Cruz","São Paulo","SP","https://pt.wikipedia.org/wiki/Instituto_Butantan","true"
"925abfb4-6fa1-4c30-9c68-266c19b3087a","CRAI UPF Biblioteca del Poblenou","Barcelona","null","https://ca.wikipedia.org/wiki/Estaci%C3%B3_de%20Poblenou","true"
"73f9dc2d-f4da-4ef8-bce0-a94374540db3","Neo Química Arena","São Paulo","SP","https://pt.wikipedia.org/wiki/Neo_Qu%C3%ADmica%20Arena","true"
"d7f774be-e191-40f1-8fcd-4c74aef093a2","Paróquia Nossa Senhora do Bom Conselho","São Paulo","SP","https://pt.wikipedia.org/wiki/Par%C3%B3quia_Nossa%20Senhora%20do%20Bom%20Conselho%20(S%C3%A3o%20Paulo)","true"
"b58ab4ab-bdb6-404b-9239-2c3bb89f9f96","Parque de la Creueta del Coll","Barcelona","null","https://ca.wikipedia.org/wiki/Parc_de%20la%20Creueta%20del%20Coll","true"
"d7460596-6c6e-4bb1-964f-0d5dedcf8c6d","Monasterio de Santa María de Valldonzella","Barcelona","null","https://ca.wikipedia.org/wiki/Santa_Maria%20de%20Valldonzella","true"
"53e2edbd-bc09-456c-92ce-88893f0b560d","Paróquia Nossa Senhora da Consolação","São Paulo","SP","https://pt.wikipedia.org/wiki/Par%C3%B3quia_Nossa%20Senhora%20da%20Consola%C3%A7%C3%A3o%20(S%C3%A3o%20Paulo)","true"
"1a4cc78a-bccd-4b1a-81ac-a96ce9698ed7","Cementerio de Montjuïc","Barcelona","null","https://ca.wikipedia.org/wiki/Cementiri_de%20Montju%C3%AFc","true"
"48b1cfac-3430-47d1-a0a8-2bb028c0edde","Museu do Teleférico","Rio De Janeiro","RJ","https://pt.wikipedia.org/wiki/Bondinho_do%20P%C3%A3o%20de%20A%C3%A7%C3%BAcar","true"
"1b8deec9-3ae8-4cfa-af4c-49924702293e","Instituto Butantan","São Paulo","SP","https://pt.wikipedia.org/wiki/Instituto_Butantan","true"
"ff02677c-741b-4d0c-85b0-a026b1e01fb8","Cinemateca Brasileira","São Paulo","SP","https://pt.wikipedia.org/wiki/Cinemateca_Brasileira","true"
"62e45079-4bbf-473e-9083-8970bc52dda8","Casa do Bandeirante (Butantã) / Museu da Cidade de São Paulo","São Paulo","SP","https://pt.wikipedia.org/wiki/Casa_do%20Butant%C3%A3","true"
"c3d9058d-b053-4799-b6e5-8f32385d57f1","Estádio Alfredo Schürig","São Paulo","SP","https://pt.wikipedia.org/wiki/Sport_Club%20Corinthians%20Paulista","true"
"fd20b848-2623-4a5c-8e72-0b808cb6c202","Paróquia Nossa Senhora do Ó","São Paulo","SP","https://pt.wikipedia.org/wiki/Par%C3%B3quia_Matriz%20Nossa%20Senhora%20da%20Expecta%C3%A7%C3%A3o","true"
"e4b81999-02ae-4b5d-a42a-6cfd3adada87","Monumento à Independência","São Paulo","SP","https://pt.wikipedia.org/wiki/Monumento_%C3%A0%20Independ%C3%AAncia%20do%20Brasil","true"
"fe53fd73-99bd-4446-9a0c-2f83b0a805b2","Biblioteca IME-USP","São Paulo","SP","https://pt.wikipedia.org/wiki/Instituto_de%20Matem%C3%A1tica%20e%20Estat%C3%ADstica%20da%20Universidade%20de%20S%C3%A3o%20Paulo","true"
"ba4672b6-9d56-4502-96f0-70cb3fb36b30","Shopping Light","São Paulo","SP","https://pt.wikipedia.org/wiki/Edif%C3%ADcio_Alexandre%20Mackenzie","true"
"6fa03bd7-8ad5-4d48-8fff-6838b4993353","Maracanã","Rio De Janeiro","RJ","https://pt.wikipedia.org/wiki/Est%C3%A1dio_Jornalista%20M%C3%A1rio%20Filho","true"
"83e760e5-d17f-47f6-aeee-adbb3e1475c6","Pedra de Guaratiba","Rio De Janeiro","RJ","https://pt.wikipedia.org/wiki/Pedra_de%20Guaratiba","true"
"26a1cf78-64c9-4032-ba4a-5a4d37c4b9c6","Museu da Cidade de São Paulo / Sítio da Ressaca","São Paulo","SP","https://pt.wikipedia.org/wiki/Casa_do%20S%C3%ADtio%20da%20Ressaca","true"
"29b529dc-af7d-4eda-bf50-044436221dbe","Casa de Vidro Lina Bo Bardi","São Paulo","SP","https://pt.wikipedia.org/wiki/Casa_de%20Vidro","true"
"1b45813d-66de-464a-8332-83e3f70a07be","Casa de Portugal","São Paulo","SP","https://pt.wikipedia.org/wiki/Casa_de%20Portugal%20de%20S%C3%A3o%20Paulo","true"
"2356d588-a76e-471c-9ca2-8e2b4f361e09","Playa Mar Bella","Barcelona","null","https://ca.wikipedia.org/wiki/Platja_de%20la%20Mar%20Bella","true"
"7c5813a1-45a9-48c9-92a4-d46dca59b360","Museu da Maré","Rio De Janeiro","RJ","https://pt.wikipedia.org/wiki/Museu_da%20Mar%C3%A9","true"
"a3156d21-1581-4003-8fed-f06d07ed2db6","Museo Tàpies","Barcelona","null","https://ca.wikipedia.org/wiki/Fundaci%C3%B3_Antoni%20T%C3%A0pies","true"
"b0ff5009-3466-4960-891a-0486c85c03fe","Biblioteca Escolar Municipal da Glória Pedro Nava","Rio De Janeiro","RJ","https://pt.wikipedia.org/wiki/Biblioteca_Nacional%20do%20Brasil","true"
"61674d19-0335-4ed2-abe7-6646225a6c13","Antiguo monasterio de San Pau del Campo","Barcelona","null","https://ca.wikipedia.org/wiki/Sant_Pau%20del%20Camp","true"
"5c32f466-4da4-49f4-8dee-00e05606b442","Palau de la Música Catalana","Barcelona","null","https://ca.wikipedia.org/wiki/Palau_de%20la%20M%C3%BAsica%20Catalana","true"
"f6984a26-232e-44cb-8813-b2184e3af92c","Arco de Triunfo de Barcelona","Barcelona","null","https://ca.wikipedia.org/wiki/Arc_de%20Triomf%20de%20Barcelona","true"
"71e9c2e9-4e21-40be-99d0-c1f016478cf4","Ateneu Barcelonès","Barcelona","null","https://ca.wikipedia.org/wiki/Palau_Savassona","true"
"896fb10b-c8ce-4d2d-b403-33b5949bc1b8","Biblioteca Poblenou - Manuel Arranz","Barcelona","null","https://ca.wikipedia.org/wiki/Biblioteca_Poblenou-Manuel%20Arranz","true"
"7c3710d1-a7d5-46b2-a76e-6f7dea9a318b","Museu Picasso de Barcelona","Barcelona","null","https://ca.wikipedia.org/wiki/Palau_Meca","true"
"0dfca7e2-81c5-42a5-b2f5-bff03714f8a2","Museo de Cera de Barcelona","Barcelona","null","https://ca.wikipedia.org/wiki/Museu_de%20Cera%20de%20Barcelona","true"
"f9df6190-598d-43a3-941a-2382f3df1bc0","Basílica de Santa Maria del Mar","Barcelona","null","https://ca.wikipedia.org/wiki/Santa_Maria%20del%20Mar","true"
"537fc88b-d845-4472-888f-09e9bc177af4","Basílica de Santa María del Pi","Barcelona","null","https://ca.wikipedia.org/wiki/Santa_Maria%20del%20Pi","true"
"ff8bcf2f-a9f8-451e-bdd0-b1db2548ce88","Museo Egipcio de Barcelona","Barcelona","null","https://ca.wikipedia.org/wiki/Museu_Egipci%20de%20Barcelona","true"
"69b25f60-c2d6-4d93-974f-396edc7dcfe9","Biblioteca","Barcelona","null","https://ca.wikipedia.org/wiki/Biblioteca_de%20Catalunya","true"
"97b9dccf-545f-417a-947c-890e0303361e","Catedral de Barcelona","Barcelona","null","https://ca.wikipedia.org/wiki/Catedral_de%20Barcelona","true"
"57c14259-d468-410b-865c-d16423808ee6","Biblioteca de Catalunya","Barcelona","null","https://ca.wikipedia.org/wiki/Biblioteca_de%20Catalunya","true"
"8642265d-55a6-4dc1-b253-9cd9637fafc2","Cala Jovera","Tarragona","null","https://ca.wikipedia.org/wiki/Cala_Jovera","true"
"e9aedc3b-7a88-46cd-aa42-9123c2bbfb00","Biblioteca Gabriel García Márquez","Barcelona","null","https://ca.wikipedia.org/wiki/Biblioteca_Gabriel%20Garc%C3%ADa%20M%C3%A1rquez","true"
"3661895c-ac46-45ef-87cc-f7f106b0b0fe","Bonanova","Barcelona","null","https://ca.wikipedia.org/wiki/Sant_Gervasi%20-%20la%20Bonanova","true"
"b753c57f-625c-4a70-b9b8-2b6eae27431f","Casa Amatller","Barcelona","null","https://ca.wikipedia.org/wiki/Casa_Amatller","true"
"02074c28-b200-4077-94a4-89114d4d14bb","Centre Excursionista de Catalunya","Barcelona","null","https://ca.wikipedia.org/wiki/Centre_Excursionista%20de%20Catalunya","true"
"9223758a-420b-4bf2-9355-71d1ca7cb892","Museo de Historia de la Inmigración de Cataluña","Barcelona","null","https://ca.wikipedia.org/wiki/Museu_Nacional%20d'Art%20de%20Catalunya","true"
"2e7eb039-55b3-4423-911a-f36c952102c5","Museo de Historia de Cataluña","Barcelona","null","https://ca.wikipedia.org/wiki/Museu_d'Hist%C3%B2ria%20de%20Catalunya","true"
"5b1695cb-1ec2-401d-a149-8aa58d66a33e","Museo Erótico de Barcelona","Barcelona","null","https://es.wikipedia.org/wiki/Museo_de%20la%20Er%C3%B3tica%20de%20Barcelona","true"
"1fe5993c-0d40-44c7-bdbb-6d9502d7b5df","Museo Europeo de Arte Moderno","Barcelona","null","https://ca.wikipedia.org/wiki/Museu_Europeu%20d'Art%20Modern","true"
"33813381-9475-4c2c-bd36-0f3d3de826be","Parque de atracciones Tibidabo","Barcelona","null","https://ca.wikipedia.org/wiki/Parc_d'Atraccions%20Tibidabo","true"
"9f16875c-6252-47ac-ad1d-4180b2de2ed9","Spotify Camp Nou Tour & Museo FC Barcelona","Barcelona","null","https://en.wikipedia.org/wiki/Camp_Nou","true"
"05bb8ea5-748e-44ed-b1be-86151f0cee50","Feira de Embu","Embu Das Artes","null","https://pt.wikipedia.org/wiki/Feira_de%20artes%20de%20Embu%20das%20Artes","true"
"bf19d832-0227-4a50-850b-e022c3b1fad3","Biblioteca del Parlamento de Cataluña","Barcelona","null","https://ca.wikipedia.org/wiki/Biblioteca_de%20Catalunya","true"
"162ea1aa-c531-4557-b9b0-537910d3bedb","Parque de las Rieras de Horta","Barcelona","null","https://ca.wikipedia.org/wiki/Parc_del%20Laberint%20d'Horta","true"
"37a18478-33d4-4777-9b69-8db8cd568252","Iglesia de San Vicente de Sarrià","Barcelona","null","https://ca.wikipedia.org/wiki/Sant_Ot","true"
"ebdfd551-fc9d-452b-9969-3aa654f2e742","Biblioteca Fort Pienc - Ana María Moix","Barcelona","null","https://ca.wikipedia.org/wiki/Biblioteca_Fort%20Pienc","true"
"4d96deab-f657-484c-9ee4-3a73ed06ab13","Capilla de Marcús","Barcelona","null","https://ca.wikipedia.org/wiki/Capella_d'en%20Marc%C3%BAs","true"
"ebf50d3b-1d49-44b1-a296-20593157addd","Cilindro de Horta","Barcelona","null","https://ca.wikipedia.org/wiki/Estaci%C3%B3_d'Horta","true"
"4968c57a-c6e2-4632-81c9-4b27ae5ed32f","Funicular del Tibidabo (Cuca de Llum)","Barcelona","null","https://ca.wikipedia.org/wiki/Funicular_del%20Tibidabo","true"
"77e393da-9a01-450e-883b-2cf4ab90c227","Bosque de la Marquesa","Tarragona","null","https://ca.wikipedia.org/wiki/Bosc_de%20la%20Marquesa","true"
"a7ed1345-198d-4027-814b-ceb820017a29","Arzobispado de Barcelona","Barcelona","null","https://ca.wikipedia.org/wiki/Barcelona","true"
"33a6f572-349f-4bbf-9ea2-8070a5faf9fd","Praia do Diabo","Rio De Janeiro","RJ","https://pt.wikipedia.org/wiki/Praia_do%20Diabo","true"
"e8fe1967-bb20-496a-b93d-d01fc4dd477f","Saint Colman's Park Cobh Ramblers","Cobh","null","https://en.wikipedia.org/wiki/St_Colman's%20Park","true"
"81631d9e-038a-40c9-ac59-5da52d97b559","Jardines de Can Mantega","Barcelona","null","https://ca.wikipedia.org/wiki/Jardins_de%20Can%20Mantega","true"
"4d42b642-85ff-4299-9b13-794e92860094","Cattedrale di San Colman","Cobh","null","https://en.wikipedia.org/wiki/St_Colman's%20Cathedral%2C%20Cobh","true"
"8a00588c-f9cd-4fb2-b924-c56552953d95","Cork City Gaol","Cork","null","https://en.wikipedia.org/wiki/Cork_City%20Gaol","true"
"19fffcb2-957f-43e0-8c12-5a9df8e7b9a0","Musgrave Park","Cork","null","https://en.wikipedia.org/wiki/Musgrave_Park%2C%20Cork","true"
"a5b06008-7c5d-454b-b9b4-32aa7bc31b92","Blackrock Castle Observatory","Cork","null","https://en.wikipedia.org/wiki/Blackrock_Castle","true"
"89839479-0b15-442a-927c-c9df83841bc4","The Butter Museum","Cork","null","https://en.wikipedia.org/wiki/Cork_Butter%20Museum","true"
"25ac87e9-d9ab-4841-a99c-6be8914a5c32","Basílica de San José Oriol","Barcelona","null","https://ca.wikipedia.org/wiki/Esgl%C3%A9sia_de%20Sant%20Josep%20Oriol%20(Barcelona)","true"
"2876c7cc-45ba-422b-892b-23b190aa9947","Museo de la Ciencia CosmoCaixa","Barcelona","null","https://ca.wikipedia.org/wiki/CosmoCaixa_Barcelona","true"
"437e73bd-9307-4c0e-bfee-3648a25922e0","Biblioteca Josep Janés","Barcelona","null","https://ca.wikipedia.org/wiki/Biblioteca_Josep%20Jan%C3%A9s","true"
"5ec2b7b7-8647-49e6-97c5-c133f07b4518","Casa Vicens Gaudí","Barcelona","null","https://ca.wikipedia.org/wiki/Pla%C3%A7a_de%20Gaud%C3%AD","true"
"5bf4d888-8218-4f0f-8067-7a574f7be6a0","Parroquia del Inmaculado Corazón de María","Barcelona","null","https://ca.wikipedia.org/wiki/Santa_Maria%20de%20Jes%C3%BAs%20de%20Gr%C3%A0cia","true"
"cdd7d88a-5237-4d0d-8962-38af76c89cbe","Mercado de Sants","Barcelona","null","https://ca.wikipedia.org/wiki/Sants","true"
"176bb1c2-43f9-41bb-9b42-91f418f8d518","Jardines del Baix Guinardó","Barcelona","null","https://ca.wikipedia.org/wiki/Jardins_del%20Baix%20Guinard%C3%B3","true"
"c76ae235-a690-4895-9869-01b70db2887d","La Monumental","Barcelona","null","https://ca.wikipedia.org/wiki/La_Monumental","true"
"67bef9d1-4eb5-4f76-8d0d-b1f0940a8495","Páirc Uí Chaoimh","Cork","null","https://en.wikipedia.org/wiki/P%C3%A1irc_U%C3%AD%20Chaoimh","true"
"c1abe7f0-94ae-4cdc-87b6-ea559e38f63b","Crawford Municipal Art Gallery","Cork","null","https://en.wikipedia.org/wiki/Crawford_Art%20Gallery","true"
"bc58b66b-5602-4a61-be53-ca291753df1c","Cork Opera House","Cork","null","https://en.wikipedia.org/wiki/Cork_Opera%20House","true"
"8006bdf5-4994-4627-bde1-4abdd0142582","Palacete Princesa Isabel","Rio De Janeiro","RJ","https://pt.wikipedia.org/wiki/Palacete_Princesa%20Isabel","true"
"b6a96070-15ee-4edd-9493-abd061a86801","Pàrquing Mèdol","Tarragona","null","https://ca.wikipedia.org/wiki/Pedrera_romana%20del%20M%C3%A8dol","true"
"b8803d83-2d50-4516-9718-8a419d325a41","Cobh Heritage Centre","Cobh","null","https://en.wikipedia.org/wiki/Cobh_Heritage%20Centre","true"
"daf87720-a9eb-4bf0-a903-12792259b9f6","Saints Peter and Paul's Roman Catholic Church","Cork","null","https://en.wikipedia.org/wiki/Saints_Peter%20and%20Paul's%20Church%2C%20Cork","true"
"e935fbc0-118b-4b15-be75-5cad54c73484","Museu do Amanhã","Rio De Janeiro","RJ","https://pt.wikipedia.org/wiki/Museu_do%20Amanh%C3%A3","true"
"1dab939a-07c0-4cdc-bf1c-317b8ec3093e","Igreja Nossa Senhora do Carmo da Antiga Sé","Rio De Janeiro","RJ","https://pt.wikipedia.org/wiki/Igreja_de%20Nossa%20Senhora%20do%20Monte%20do%20Carmo","true"
"41c3761c-b64e-49be-a90b-07e524d1adeb","Arcos da Lapa | Aqueduto da Carioca","Rio De Janeiro","RJ","https://pt.wikipedia.org/wiki/Aqueduto_da%20Carioca","true"
"678418a8-1144-4097-85c6-c36e0d27e86b","Shopping Iguatemi São Paulo","São Paulo","SP","https://pt.wikipedia.org/wiki/Iguatemi_S%C3%A3o%20Paulo","true"
"988b171c-b95f-4d95-9868-3c63852d74aa","Museu da Vacina","São Paulo","SP","https://pt.wikipedia.org/wiki/Instituto_Butantan","true"
"187cfd00-4e43-4dd8-9552-f68fb090cb9c","Casa Do Sertanista (Caxingui) - Museu da Cidade de São Paulo","São Paulo","SP","https://pt.wikipedia.org/wiki/Casa_do%20Sertanista","true"
"215ed69d-3424-4687-a3da-35370b692548","Casa Mário de Andrade","São Paulo","SP","https://pt.wikipedia.org/wiki/Casa_M%C3%A1rio%20de%20Andrade","true"
"ee14bf22-9bd4-44da-870b-f1aeb9196f95","Aeroporto de São Paulo/Congonhas–Deputado Freitas Nobre","São Paulo","SP","https://pt.wikipedia.org/wiki/Aeroporto_de%20S%C3%A3o%20Paulo-Congonhas","true"
"e9271c3d-e5b3-4360-a96a-5cbc45112a96","Casa Museu Ema Klabin","São Paulo","SP","https://pt.wikipedia.org/wiki/Funda%C3%A7%C3%A3o_Cultural%20Ema%20Gordon%20Klabin","true"
"4015daac-cfc6-43ad-a66c-82f7d9551a61","Museu de Arte Moderna de São Paulo (MAM São Paulo)","São Paulo","SP","https://pt.wikipedia.org/wiki/Museu_de%20Arte%20de%20S%C3%A3o%20Paulo","true"
"1d617b6d-c9f1-4d5c-9fd6-95722f3e2403","Catedral Metropolitana Nossa Sra. da Assunção","São Paulo","SP","https://pt.wikipedia.org/wiki/Catedral_Metropolitana%20de%20S%C3%A3o%20Paulo","true"
"e8cb8369-5e08-43a4-8ea1-a5514065f8dc","Aeroporto do Campo de Marte","São Paulo","SP","https://pt.wikipedia.org/wiki/Aeroporto_Campo%20de%20Marte","true"
"da8b0f31-2ec6-47f1-8628-e359558e7f1d","Cemitério Gethsêmani Morumbi","São Paulo","SP","https://pt.wikipedia.org/wiki/Cemit%C3%A9rio_Geths%C3%AAmani","true"
"36a70d10-38a9-4cf3-8b7f-553ef407f84a","Allianz Parque","São Paulo","SP","https://pt.wikipedia.org/wiki/Allianz_Parque","true"
"4d89f17a-96fc-44c1-a2dc-05ed8e4e8b6b","Centro Cultural São Paulo","São Paulo","SP","https://pt.wikipedia.org/wiki/Centro_Cultural%20S%C3%A3o%20Paulo","true"
"8df778cd-ed65-4206-9e39-0262102ecb2a","CienTec","São Paulo","SP","https://pt.wikipedia.org/wiki/Parque_de%20Ci%C3%AAncia%20e%20Tecnologia%20da%20USP%20(CienTec)","true"
"ce173514-4af5-48bc-bb24-78ac79390193","Auditório Ibirapuera - Oscar Niemeyer","São Paulo","SP","https://pt.wikipedia.org/wiki/Audit%C3%B3rio_Ibirapuera","true"
"f1a75aad-42b6-4ede-9e53-ebbd1282b09b","Centro de Memória do Circo","São Paulo","SP","https://pt.wikipedia.org/wiki/Largo_da%20Mem%C3%B3ria","true"
"436de258-72b2-4437-b77e-a11b33ca37de","Estadio Municipal Joan Serrahima","Barcelona","null","https://ca.wikipedia.org/wiki/Estadi_Municipal%20Joan%20Serrahima","true"
"8eb4c344-4538-4277-b0af-fa2c08048a1e","Plaza de Gaudí","Barcelona","null","https://ca.wikipedia.org/wiki/Pla%C3%A7a_de%20Gaud%C3%AD","true"
"8bb47ff8-c28b-48e2-8013-96216d52ce40","Palau Robert","Barcelona","null","https://ca.wikipedia.org/wiki/Palau_Robert","true"
"a7f49d37-7fe0-46e9-a246-07055f63c6f5","Museo de Carrozas Fúnebres","Barcelona","null","https://ca.wikipedia.org/wiki/Col%C2%B7lecci%C3%B3_de%20Carrosses%20F%C3%BAnebres","true"
"71497231-1f8a-4699-847d-ae267b3027a0","Palau Sant Jordi","Barcelona","null","https://ca.wikipedia.org/wiki/Montju%C3%AFc_(Barcelona)","true"
"91ec0d9f-42f8-481e-ab7d-894db5e61bd2","Plaça de Catalunya","Barcelona","null","https://ca.wikipedia.org/wiki/Estaci%C3%B3_de%20Pla%C3%A7a%20de%20Catalunya","true"
"61082a23-85a5-4869-9ec8-a339c8a6624a","Poble Espanyol de Barcelona","Barcelona","null","https://ca.wikipedia.org/wiki/Poble_Espanyol%20de%20Barcelona","true"
"1131b7bc-4810-4bcb-a5f4-694b4a266380","CaixaForum Barcelona","Barcelona","null","https://ca.wikipedia.org/wiki/CaixaForum_Barcelona","true"
"9e4af057-8b70-460f-a60f-8c4f1a8058da","Mas d'en Jover","Tarragona","null","https://ca.wikipedia.org/wiki/Mas_d'en%20Jover","true"
"079ae7cf-7aeb-4185-85f7-367ff4934667","Fuente Monumental de la Avenida Gaudí","Barcelona","null","https://ca.wikipedia.org/wiki/Pla%C3%A7a_de%20Gaud%C3%AD","true"
"f95a34ba-955f-49e5-8b70-d796a40e0217","Museu de Ciències Naturals de Barcelona","Barcelona","null","https://ca.wikipedia.org/wiki/Edifici_F%C3%B2rum","true"
"f9c4fb24-47d0-48b4-89f7-cf6bf00da455","Casa Museu de Gaudí","Barcelona","null","https://ca.wikipedia.org/wiki/Pla%C3%A7a_de%20Gaud%C3%AD","true"
"b657b606-e2ad-4ee8-9373-a7821e47588c","Biblioteca Joan Miró","Barcelona","null","https://ca.wikipedia.org/wiki/Biblioteca_Joan%20Mir%C3%B3","true"
"613c5920-69f2-45e4-a5f4-83775d4dfc8f","Estadio Olímpico de Montjuic","Barcelona","null","https://ca.wikipedia.org/wiki/Montju%C3%AFc_(Barcelona)","true"
"6084f6c8-d90c-45fd-af2e-992b04e7c21a","Parroquia Sant Ramon de Penyafort","Barcelona","null","https://ca.wikipedia.org/wiki/Monestir_de%20Montsi%C3%B3","true"
"46a1f39d-c8e3-4b3c-ab08-83f9d28e0d7a","Estádio Municipal Pedro Marin Berbel","Birigui","SP","https://pt.wikipedia.org/wiki/Est%C3%A1dio_Municipal%20Pedro%20Marin%20Berbel","true"
"10f825fe-efc4-45ec-acdf-ed341cd21413","Parque Anhanguera","São Paulo","SP","https://pt.wikipedia.org/wiki/Parque_Anhanguera%20(S%C3%A3o%20Paulo)","true"
"8142df1d-da35-4c5d-a8c9-8a93c7494449","Ballintemple Graveyard","Cork","null","https://en.wikipedia.org/wiki/Ballintemple%2C_Cork","true"
"45a05208-882f-4b57-a704-ee361d3be3ed","Museu Pq. Do Carmo","São Paulo","SP","https://pt.wikipedia.org/wiki/Planet%C3%A1rio_do%20Carmo","true"
"ac35de51-830c-4fb2-9489-41a46cef5b1b","Ballincollig Royal Gunpowder Mills","Cork","null","https://en.wikipedia.org/wiki/Ballincollig","true"
"a3bd069f-fb90-438b-9c97-064a8292e1e7","Parque Turó","Barcelona","null","https://ca.wikipedia.org/wiki/Tur%C3%B3_Parc","true"
"ffb99131-f7c5-4432-9b3c-06d0cbaccbb7","Parque de la Marquesa","Barcelona","null","https://ca.wikipedia.org/wiki/Parc_de%20la%20Marquesa","true"
"75b29bb4-4ac0-4b55-b0e7-f3d4f80d5743","Saint Fin Barre's Cathedral","Cork","null","https://en.wikipedia.org/wiki/Saint_Fin%20Barre's%20Cathedral","true"
"407b1280-fe80-48a8-b875-a771271c18b9","Cork Public Museum","Cork","null","https://en.wikipedia.org/wiki/Cork_Public%20Museum","true"
"ce4d3974-7a64-49c4-a907-09cae4624f5b","Tramore Valley Park","Cork","null","https://en.wikipedia.org/wiki/Tramore_Valley%20Park","true"
"f4ecb478-d0ae-4b38-9f9f-001d5dbd5f1a","Templo de São Paulo Brasil","São Paulo","SP","https://en.wikipedia.org/wiki/S%C3%A3o_Paulo%20Brazil%20Temple","true"
"b5ec8ec0-edf5-4b5c-ba39-060aa53a8c9f","Cork","Cork","null","https://en.wikipedia.org/wiki/Cork_(city)","true"
"2201a3c1-64eb-42cc-8e15-a419a75b24ad","Basílica de la Sagrada Família","Barcelona","null","https://ca.wikipedia.org/wiki/Temple_Expiatori%20de%20la%20Sagrada%20Fam%C3%ADlia","true"
"f0d8442a-c9e8-4738-8feb-82eee475d320","Ballincollig Castle(Caisleán Bhaile an Chollaigh)","Cork","null","https://en.wikipedia.org/wiki/Ballincollig","true"
"d294e2bf-fdc2-47b0-a887-0c9e2d7aedcd","Blarney Stone","Cork","null","https://en.wikipedia.org/wiki/Blarney","true"
"efd4c2a3-6c48-49a5-8dca-991ba818252f","Estação Pinacoteca","São Paulo","SP","https://pt.wikipedia.org/wiki/Esta%C3%A7%C3%A3o_Pinacoteca","true"
"c9304b46-c24f-4410-9690-b12e8e6ac774","Biblioteca Brasiliana Guita e José Mindlin","São Paulo","SP","https://pt.wikipedia.org/wiki/Biblioteca_Brasiliana%20Guita%20e%20Jos%C3%A9%20Mindlin","true"
"09058654-cddf-411d-82b1-a7b8d4ccaa1d","Museu Oceanográfico - Instituto Oceanográfico","São Paulo","SP","https://pt.wikipedia.org/wiki/Museu_Oceanogr%C3%A1fico%20do%20Instituto%20Oceanogr%C3%A1fico%20da%20Universidade%20de%20S%C3%A3o%20Paulo","true"
"cad980a7-64b3-4426-82b5-371f72bbb15e","Theatro Municipal de São Paulo","São Paulo","SP","https://pt.wikipedia.org/wiki/Teatro_Municipal%20de%20S%C3%A3o%20Paulo","true"
"22087f94-3dbb-45ff-b07a-995f60ac0d12","Estádio do Canindé - Portuguesa","São Paulo","SP","https://pt.wikipedia.org/wiki/Est%C3%A1dio_Doutor%20Oswaldo%20Teixeira%20Duarte","true"
"9e96fbe4-f9d7-45be-ad12-993df2d10d79","Parque CienTec da USP - Parque de Ciência e Tecnologia da Universidade de São Paulo","São Paulo","SP","https://pt.wikipedia.org/wiki/Parque_de%20Ci%C3%AAncia%20e%20Tecnologia%20da%20USP%20(CienTec)","true"
"d852ae61-3b45-4a42-a05f-ba7c22a655b3","Eu Amo Vila Matilde","São Paulo","SP","https://pt.wikipedia.org/wiki/Vila_Matilde","true"
"4362ed28-e308-426c-b257-1d912c7d0589","Parque da Aclimação","São Paulo","SP","https://pt.wikipedia.org/wiki/Parque_da%20Aclima%C3%A7%C3%A3o","true"
"f5879372-cc40-4376-bf04-a0b05ac5782c","Galeria do Rock","São Paulo","SP","https://pt.wikipedia.org/wiki/Galeria_do%20Rock","true"
"0db02c46-ca4c-4927-888b-3a9eea4af586","Zoológico de São Paulo","São Paulo","SP","https://pt.wikipedia.org/wiki/Zoo_Saf%C3%A1ri","true"
"76c296e2-de44-4d2a-8e6e-dd6196f19eda","Parque da Água Branca","São Paulo","SP","https://pt.wikipedia.org/wiki/Parque_da%20%C3%81gua%20Branca","true"
"9795d2c3-085d-485b-a1ea-f61e43455e2b","Parque da Ciência Butantan","São Paulo","SP","https://pt.wikipedia.org/wiki/Parque_da%20Fonte","true"
"b8510e56-de97-4ba2-b51f-61d06d3b3b81","Monumento a Ramos de Azevedo","São Paulo","SP","https://pt.wikipedia.org/wiki/Monumento_a%20Ramos%20de%20Azevedo","true"
"9c7c5bec-83f7-4d97-b978-a022fa98e344","Instituto Butantan","São Paulo","SP","https://pt.wikipedia.org/wiki/Instituto_Butantan","true"
"cc0fe171-97e4-4fd8-9caa-0fff39271dad","Parque da Ciência do Instituto Butantan","São Paulo","SP","https://pt.wikipedia.org/wiki/Parque_da%20Fonte","true"
"63bbd8c1-8b84-44af-8ff1-6f1b0647ab6b","Itaú Cultural","São Paulo","SP","https://pt.wikipedia.org/wiki/Ita%C3%BA_Cultural","true"
"198ef769-1b33-47d5-9e31-cad7f3e4d95a","Memorial da América Latina","São Paulo","SP","https://pt.wikipedia.org/wiki/Memorial_da%20Am%C3%A9rica%20Latina","true"
"2f8855b2-e0f0-4dc4-b74f-a19ec019d0d3","MAS SP - Museu de Arte Sacra de São Paulo","São Paulo","SP","https://pt.wikipedia.org/wiki/Museu_de%20Arte%20de%20S%C3%A3o%20Paulo","true"
"7dc205e2-b1c4-42b4-9221-f2b95ad960a1","Planetário do Ibirapuera Aristóteles Orsini","São Paulo","SP","https://pt.wikipedia.org/wiki/Planet%C3%A1rio_do%20Ibirapuera","true"
"26ed9733-a239-4b1d-a955-b2c3d7a47b35","Memorial da Imigração Judaica e do Holocausto","São Paulo","SP","https://pt.wikipedia.org/wiki/Memorial_da%20Imigra%C3%A7%C3%A3o%20Judaica","true"
"08ad4abd-c967-40de-9457-d6e4d6c09127","Memorial da Resistência de São Paulo","São Paulo","SP","https://pt.wikipedia.org/wiki/Memorial_da%20Resist%C3%AAncia%20de%20S%C3%A3o%20Paulo","true"
"fc73847e-6510-4066-b179-dec4e1cd69f3","Mesquita Brasil","São Paulo","SP","https://pt.wikipedia.org/wiki/Mesquita_Brasil","true"
"33b5890a-d67c-48d2-9af5-1c9d9839ec3e","Mercado Livre Arena Pacaembu","São Paulo","SP","https://pt.wikipedia.org/wiki/Est%C3%A1dio_do%20Pacaembu","true"
"b89b5beb-013d-4d3f-9c9e-4e1c5d41f6a0","Mercado Municipal da Lapa","São Paulo","SP","https://pt.wikipedia.org/wiki/Mercado_Municipal%20da%20Lapa","true"
"971ab97e-36ee-41dc-8112-2e742f7967f3","Monumento às Bandeiras","São Paulo","SP","https://pt.wikipedia.org/wiki/Monumento_%C3%A0s%20Bandeiras","true"
"8ba8d138-a283-48f2-b4be-4ddfbe61a6b3","Morumbi Shopping","São Paulo","SP","https://pt.wikipedia.org/wiki/Morumbi_Shopping","true"
"03218b05-cb36-4d9e-8f8b-c421eca2106d","Museu da Cidade de São Paulo / Solar da Marquesa de Santos","São Paulo","SP","https://pt.wikipedia.org/wiki/Museu_de%20Pesca%20de%20Santos","true"
"6f098a87-f718-4815-b87c-385e4624368f","Museu A CASA do Objeto Brasileiro","São Paulo","SP","https://pt.wikipedia.org/wiki/Museu_Brasileiro%20da%20Escultura%20e%20Ecologia","true"
"1c3a60f2-6bc4-49f1-a178-03e027399fc1","São Paulo","São Paulo","SP","https://pt.wikipedia.org/wiki/Pra%C3%A7a_da%20S%C3%A9%20(S%C3%A3o%20Paulo)","true"
"ddf85456-5f6e-421c-b4fa-5003d85e6353","Museu Catavento","São Paulo","SP","https://pt.wikipedia.org/wiki/Pal%C3%A1cio_das%20Ind%C3%BAstrias","true"
"9a7b4f4d-2f5e-4731-be1c-ad362fffb086","Museu da Imigração do Estado de São Paulo","São Paulo","SP","https://pt.wikipedia.org/wiki/Museu_da%20Imigra%C3%A7%C3%A3o%20do%20Estado%20de%20S%C3%A3o%20Paulo","true"
"d493b304-9d5d-495f-8957-db0f2ade9048","Museu da Obra Salesiana no Brasil","São Paulo","SP","https://pt.wikipedia.org/wiki/Museu_Afro%20Brasil","true"
"8101fe29-5c55-4c30-a04b-5ebaac67b169","Museu da Educação e do Brinquedo","São Paulo","SP","https://pt.wikipedia.org/wiki/Faculdade_de%20Educa%C3%A7%C3%A3o%20da%20Universidade%20de%20S%C3%A3o%20Paulo","true"
"ddd32e5a-1f66-4597-9903-25f8251d4472","Museu de Arqueologia e Etnologia","São Paulo","SP","https://pt.wikipedia.org/wiki/Museu_de%20Arqueologia%20e%20Etnologia%20da%20Universidade%20de%20S%C3%A3o%20Paulo","true"
"93c7d87c-4e05-43e6-840e-d9b939d55caa","Museu de Arte Contemporânea da Universidade de São Paulo","São Paulo","SP","https://pt.wikipedia.org/wiki/Museu_de%20Arte%20Contempor%C3%A2nea%20da%20Universidade%20de%20S%C3%A3o%20Paulo","true"
"1f6fac51-e8eb-4136-a1ec-954b952a9d05","Museu de Arte de São Paulo Assis Chateaubriand","São Paulo","SP","https://pt.wikipedia.org/wiki/Museu_de%20Arte%20de%20S%C3%A3o%20Paulo","true"
"9e6e7ec9-6ba8-4365-a9e7-206939ad361c","Castelinho do Jardim Botânico de São Paulo","São Paulo","SP","https://pt.wikipedia.org/wiki/Museu_Bot%C3%A2nico%20Dr.%20Jo%C3%A3o%20Barbosa%20Rodrigues","true"
"d9e65661-1cac-4272-b0dc-cdcdfb17ef11","Serpentário de Visitação","São Paulo","SP","https://pt.wikipedia.org/wiki/Instituto_Butantan","true"
"1002188f-75d3-4fc9-8dd6-2865eb48d0f8","Museu Botânico do Jardim Botânico","São Paulo","SP","https://pt.wikipedia.org/wiki/Jardim_Bot%C3%A2nico%20de%20S%C3%A3o%20Paulo","true"
"c65c81f6-a182-461a-86f0-0febf1c59885","Sesc Interlagos","São Paulo","SP","https://pt.wikipedia.org/wiki/Sesc_Interlagos","true"
"62749436-dc66-4893-8c62-ac8b64e830e2","Trem Turístico - Parque Ecológico","São Paulo","SP","https://pt.wikipedia.org/wiki/Parque_Ecol%C3%B3gico%20do%20Tiet%C3%AA","true"
"63c5968f-53b1-4506-a9e6-c2135bcc30cc","Casa Bandeirista do Itaim","São Paulo","SP","https://pt.wikipedia.org/wiki/Casa_Bandeirista%20do%20Itaim","true"
"01919174-19ad-446c-9371-e503055b44d6","Parque do Povo Mário Pimenta Camargo","São Paulo","SP","https://pt.wikipedia.org/wiki/Parque_do%20Povo%20(S%C3%A3o%20Paulo)","true"
"bb14afed-9c8c-4eca-8350-ed014e69dbd7","Parque Ecológico do Tietê","São Paulo","SP","https://pt.wikipedia.org/wiki/Parque_Ecol%C3%B3gico%20do%20Tiet%C3%AA","true"
"4baa8dcd-37ec-474e-bd0f-d50d3354ab0d","Parque Ecológico Guarapiranga","São Paulo","SP","https://pt.wikipedia.org/wiki/Parque_Guarapiranga","true"
"04039263-8f1c-4de5-957d-2e9e8a2dc104","Parque Estadual das Fontes do Ipiranga","São Paulo","SP","https://pt.wikipedia.org/wiki/Parque_de%20Ci%C3%AAncia%20e%20Tecnologia%20da%20USP%20(CienTec)","true"
"64cdbba6-c86b-4443-8278-b495e03f9ed7","Parque Estadual Jaraguá","São Paulo","SP","https://pt.wikipedia.org/wiki/Parque_Estadual%20do%20Jaragu%C3%A1","true"
"64450d38-0560-4b63-86d2-ea257bb3dc23","Catedral Metropolitana Ortodoxa Antioquina de São Paulo","São Paulo","SP","https://pt.wikipedia.org/wiki/Catedral_Metropolitana%20de%20S%C3%A3o%20Paulo","true"
"b18a0c20-0557-432d-a874-7c7d42b93b7e","Parque Estadual Serra do Mar - Núcleo Curucutu","São Paulo","SP","https://pt.wikipedia.org/wiki/N%C3%BAcleo_Curucutu","true"
"7fc47294-003e-40c5-9b96-8cff73f7529e","Parque Guarapiranga","São Paulo","SP","https://pt.wikipedia.org/wiki/Parque_Guarapiranga","true"
"12971fc5-128b-4223-b5cf-3829779d465f","Parque Vila dos Remédios","São Paulo","SP","https://pt.wikipedia.org/wiki/Parque_Vila%20dos%20Rem%C3%A9dios","true"
"eb0cbe0e-ce54-4435-a437-8aed561f5516","Parque Villa-Lobos","São Paulo","SP","https://pt.wikipedia.org/wiki/Parque_Estadual%20Villa-Lobos","true"
"23773009-c6f7-4ab6-a3ff-1252e3099177","Pateo do Collegio","São Paulo","SP","https://pt.wikipedia.org/wiki/P%C3%A1tio_do%20Col%C3%A9gio","true"
"aca58e1f-94ef-40f4-a171-60200689240c","Pedalinho do lago - Parque Ecológico","São Paulo","SP","https://pt.wikipedia.org/wiki/Parque_Ecol%C3%B3gico%20do%20Tiet%C3%AA","true"
"f321cf95-565b-4ec2-9f82-d385d939e1a9","Pico do Jaraguá","São Paulo","SP","https://pt.wikipedia.org/wiki/Pico_do%20Jaragu%C3%A1","true"
"14736c6b-5966-46e0-8a39-5640d3d309a2","Pinacoteca de São Paulo","São Paulo","SP","https://pt.wikipedia.org/wiki/Pinacoteca_do%20Estado%20de%20S%C3%A3o%20Paulo","true"
"d31eebd4-b619-4ec9-acf2-c420e249ae07","Ponte Estaiada Octavio Frias de Oliveira","São Paulo","SP","https://pt.wikipedia.org/wiki/Ponte_Oct%C3%A1vio%20Frias%20de%20Oliveira","true"
"6e5ea6be-e03b-4871-826b-37c47d5ae7b7","Sala São Paulo","São Paulo","SP","https://pt.wikipedia.org/wiki/Sala_S%C3%A3o%20Paulo","true"
"9e705409-b74b-48e4-9c5a-cb831a70ffe7","Copan","São Paulo","SP","https://pt.wikipedia.org/wiki/Edif%C3%ADcio_Copan","true"
"032ed771-3ba8-4201-9b81-4dab7404edcc","Jardim Botânico de São Paulo","São Paulo","SP","https://pt.wikipedia.org/wiki/Jardim_Bot%C3%A2nico%20de%20S%C3%A3o%20Paulo","true"
"c6728a67-1dad-48c8-bc24-3471207df4fd","Shopping Aricanduva","São Paulo","SP","https://pt.wikipedia.org/wiki/Centro_Comercial%20Leste%20Aricanduva","true"
"01015557-d8c8-4061-bc1c-bb05271185d0","Parque Dom Pedro II","São Paulo","SP","https://pt.wikipedia.org/wiki/Parque_Dom%20Pedro%20II","true"
"fecd65fc-2c76-4ad4-a42f-63873e225349","Museu da Polícia Militar de São Paulo","São Paulo","SP","https://pt.wikipedia.org/wiki/Museu_de%20Arte%20de%20S%C3%A3o%20Paulo","true"
"15e2f502-d142-47fc-8a17-adca8274e424","Parque do Carmo – Olavo Egydio Setúbal","São Paulo","SP","https://pt.wikipedia.org/wiki/Planet%C3%A1rio_do%20Carmo","true"
"38610259-fb9a-4e79-89d5-cbe4a48ece98","Parque Lina e Paulo Raia","São Paulo","SP","https://pt.wikipedia.org/wiki/Parque_Lina%20e%20Paulo%20Raia","true"
"cc8e91aa-34e3-4c92-a22d-7b5415dc8417","Instituto Tomie Ohtake","São Paulo","SP","https://pt.wikipedia.org/wiki/Instituto_Tomie%20Ohtake","true"
"fda3d6d8-d249-4cf7-afaa-848e44488eeb","Museu Lasar Segall","São Paulo","SP","https://pt.wikipedia.org/wiki/Museu_Lasar%20Segall","true"
"aa1264b6-855a-4e12-b7bd-59fd0f793af4","Parque Barragem de Guarapiranga","São Paulo","SP","https://pt.wikipedia.org/wiki/Parque_Guarapiranga","true"
"7ddd10e6-1812-472d-8b30-e3887559f69d","Parque Raposo Tavares","São Paulo","SP","https://pt.wikipedia.org/wiki/Parque_Raposo%20Tavares","true"
"66e082b7-744a-4c93-8fbb-f039d3f34e64","Parque Ibirapuera","São Paulo","SP","https://pt.wikipedia.org/wiki/Parque_Ibirapuera","true"
"7b860efc-de78-4d4b-b770-265d9597d96d","Ginásio de Esportes José Corrêa","Barueri","SP","https://pt.wikipedia.org/wiki/Gin%C3%A1sio_Poliesportivo%20Jos%C3%A9%20Corr%C3%AAa","true"
"48d35d87-3e09-40a5-bfd0-1f312eb52a1d","Templo Kinkaku Ji","Itapecerica Da Serra","SP","https://pt.wikipedia.org/wiki/Kinkaku-ji_do%20Brasil","true"
"16ad48fe-ae77-4ad6-ab5f-f51a9da6f027","Parque Ecológico do Santa Maria","Osasco","SP","https://pt.wikipedia.org/wiki/Santa_Maria%20(Osasco)","true"
"7867949f-e0be-461f-af69-f966e2511104","Biblioteca Padre Alberto Antoniazzi","Belo Horizonte","BH","https://pt.wikipedia.org/wiki/Pontif%C3%ADcia_Universidade%20Cat%C3%B3lica%20de%20Minas%20Gerais","true"
"66e384cc-6502-44a5-b3e6-5054189e9500","Estação Ecológica da UFMG","Belo Horizonte","BH","https://pt.wikipedia.org/wiki/Universidade_Federal%20de%20Minas%20Gerais","true"
"57c076d7-a7bb-40bd-af33-202ecb0e40eb","Memorial Minas Gerais Vale","Belo Horizonte","BH","https://pt.wikipedia.org/wiki/Memorial_Minas%20Gerais%20Vale","true"
"90b029af-0780-4283-ad29-13e33b82977d","Mineirão","Belo Horizonte","BH","https://pt.wikipedia.org/wiki/Est%C3%A1dio_Governador%20Magalh%C3%A3es%20Pinto","true"
"9680fe8f-de50-40be-95ae-eaf74018950d","Museu de Artes e Ofícios","Belo Horizonte","BH","https://pt.wikipedia.org/wiki/Museu_de%20Artes%20e%20Of%C3%ADcios","true"
"1bf975d1-b5af-431e-9dd2-3da07af47055","Parque Ecológico Primeiro de Maio","Belo Horizonte","BH","https://pt.wikipedia.org/wiki/Parque_do%20Primeiro%20de%20Maio","true"
"1fa8a22b-a28d-4c3c-8945-e0ade242a580","Museu Histórico Abílio Barreto","Belo Horizonte","BH","https://pt.wikipedia.org/wiki/Museu_Hist%C3%B3rico%20Ab%C3%ADlio%20Barreto","true"
"19f19073-abb4-4fc1-9448-7ae3916074d0","Parque Municipal Juscelino Kubitschek","Belo Horizonte","BH","https://pt.wikipedia.org/wiki/Parque_Juscelino%20Kubitschek","true"
"b8ae95f8-381c-4f0f-8cff-305478b77649","Museu Casa Kubitschek","Belo Horizonte","BH","https://pt.wikipedia.org/wiki/Casa_Kubitschek","true"
"024f8e69-f352-47fa-93e4-5331dc5d9dca","Parque Ecológico","Belo Horizonte","BH","https://pt.wikipedia.org/wiki/Parque_do%20Primeiro%20de%20Maio","true"
"961d67ae-44ef-41ac-9a48-32b785b24c00","Jardim Botânico de Belo Horizonte","Belo Horizonte","BH","https://pt.wikipedia.org/wiki/Jardim_Zool%C3%B3gico%20de%20Belo%20Horizonte","true"
"e180a3d1-ef0f-4e7d-9611-6eb13b7c8e24","Cachoeira da gruta Camorim","Rio De Janeiro","RJ","https://pt.wikipedia.org/wiki/Camorim","false"
"c3d5cd66-5b9f-48aa-8574-048fef8dd492","Jardim Botânico","Rio De Janeiro","RJ","https://pt.wikipedia.org/wiki/Jardim_Bot%C3%A2nico%20(bairro%20do%20Rio%20de%20Janeiro)","true"
"31eda555-b4df-499f-bcf5-7d7df731ef1b","Píer da Capela - Pedra de Guaratiba","Rio De Janeiro","RJ","https://pt.wikipedia.org/wiki/Pedra_de%20Guaratiba","true"
"53a98f2b-a396-4948-8620-74d8e036f055","Ipanema","Rio De Janeiro","RJ","https://pt.wikipedia.org/wiki/Ipanema","true"
"c3cfbeb5-fa14-43d7-82f0-cf304769be5f","Fundação Biblioteca Nacional","Rio De Janeiro","RJ","https://pt.wikipedia.org/wiki/Biblioteca_Nacional%20do%20Brasil","true"
"a6a3486b-40a7-43af-b73d-d5da331cba85","Praça do Carmo","Rio De Janeiro","RJ","https://en.wikipedia.org/wiki/Pra%C3%A7a_do%20Carmo","true"
"e241b659-f7ca-4cec-9b01-1c9a243ac569","Catedral Presbiteriana do Rio de Janeiro","Rio De Janeiro","RJ","https://pt.wikipedia.org/wiki/Igreja_Presbiteriana%20do%20Rio%20de%20Janeiro","true"
"77637790-25d7-4453-a30d-bc611a81257a",""PRAIA" DE MADUREIRA","Rio De Janeiro","RJ","https://pt.wikipedia.org/wiki/Madureira_(Rio%20de%20Janeiro)","true"
"6d058257-623f-441f-8e3a-2e7e9e218b06","Estádio São Januário","Rio De Janeiro","RJ","https://pt.wikipedia.org/wiki/Est%C3%A1dio_Vasco%20da%20Gama","true"
"7eb7855b-e204-4dcf-a070-8db8b06fbb96","Cascata do Parque de Madureira","Rio De Janeiro","RJ","https://pt.wikipedia.org/wiki/Esta%C3%A7%C3%A3o_Madureira","true"
"74e3480e-a254-4f22-be1b-62153a8a35a1","Paredão da Pedra da Gávea","Rio De Janeiro","RJ","https://pt.wikipedia.org/wiki/Pedra_da%20G%C3%A1vea","true"
"bb79f62b-9eff-4671-ab53-4d9c35104f9b","Ponta da Joatinga","Rio De Janeiro","RJ","https://pt.wikipedia.org/wiki/Praia_da%20Joatinga","true"
"bcd4d187-0b6c-4637-9117-98b435507ccd","Theatro Municipal do Rio de Janeiro","Rio De Janeiro","RJ","https://pt.wikipedia.org/wiki/Teatro_Municipal%20do%20Rio%20de%20Janeiro","true"
"7545e40b-6481-4910-8482-630340dcb168","Gruta da Joatinga","Rio De Janeiro","RJ","https://pt.wikipedia.org/wiki/Praia_da%20Joatinga","true"
"e19ce4c7-b60e-4ec9-a458-ada29fe456bd","Praia de Copacabana","Rio De Janeiro","RJ","https://pt.wikipedia.org/wiki/Praia_de%20Copacabana","true"
"8de984f7-c88f-4e2f-b752-e2ca8aff6f1b","Barra Plaza","Rio De Janeiro","RJ","https://pt.wikipedia.org/wiki/Cidade_das%20Artes","true"
"7769a19c-6035-4391-9cf7-513f76875325","Morro Cara de Cão","Rio De Janeiro","RJ","https://pt.wikipedia.org/wiki/Morro_Cara%20de%20C%C3%A3o","true"
"4abc0895-39d3-4977-ba1b-1f5498d679c2","Barra Square Shopping Center","Rio De Janeiro","RJ","https://pt.wikipedia.org/wiki/Cidade_das%20Artes","true"
"b842d518-dbc1-4d5a-9d3a-6342063f26e1","Museu da Polícia Civil do Estado do Rio de Janeiro","Rio De Janeiro","RJ","https://pt.wikipedia.org/wiki/Museu_Hist%C3%B3rico%20da%20Cidade%20do%20Rio%20de%20Janeiro","true"
"5cc0909d-cc17-443d-8763-4b0eb87ddab5","Estádio Olímpico Nilton Santos","Rio De Janeiro","RJ","https://pt.wikipedia.org/wiki/Est%C3%A1dio_Ol%C3%ADmpico%20Nilton%20Santos","true"
"6016a50a-a1ae-4a45-91ad-cd80c6978029","Biblioteca de Manguinhos","Rio De Janeiro","RJ","https://pt.wikipedia.org/wiki/Biblioteca_Parque%20de%20Manguinhos","true"
"c90c6935-515b-4fdd-9809-ccb54fea20df","Paróquia Nossa Senhora de Copacabana","Rio De Janeiro","RJ","https://pt.wikipedia.org/wiki/Copacabana","true"
"11a7825b-cb65-4bb3-b280-f32a85a8fd35","Parque Ary Barroso","Rio De Janeiro","RJ","https://pt.wikipedia.org/wiki/Parque_Ari%20Barroso","true"
"10b90da7-eb3e-4ec2-b9de-59c8ac047bfe","Campo Olímpico de Golfe","Rio De Janeiro","RJ","https://pt.wikipedia.org/wiki/Campo_de%20Golfe%20Ol%C3%ADmpico","true"
"5da5dde7-d072-4d79-82f0-6f5b3d60e4c2","Rio de Janeiro","Rio De Janeiro","RJ","https://pt.wikipedia.org/wiki/Rio_de%20Janeiro%20(cidade)","true"
"ad380089-8926-4946-bff7-2cadbc28b648","Centro Cultural da Policia Militar","Rio De Janeiro","RJ","https://pt.wikipedia.org/wiki/Museu_da%20Pol%C3%ADcia%20Civil%20do%20Estado%20do%20Rio%20de%20Janeiro","true"
"fae66ddf-0341-447c-89d6-632a8e169575","Orla de Padre Miguel","Rio De Janeiro","RJ","https://pt.wikipedia.org/wiki/Padre_Miguel","true"
"272f4b33-54b9-4d0b-b65b-1fd7caa676f3","Parque Lage","Rio De Janeiro","RJ","https://pt.wikipedia.org/wiki/Parque_Lage","true"
"507239e2-cf3e-4e3d-821f-78ecaec265a8","Casa França-Brasil","Rio De Janeiro","RJ","https://pt.wikipedia.org/wiki/Casa_Fran%C3%A7a-Brasil","true"
"74a9ff16-75c3-4168-835f-eee61ae73a35","Praia da Reserva","Rio De Janeiro","RJ","https://pt.wikipedia.org/wiki/Avenida_L%C3%BAcio%20Costa","true"
"7fd42c07-0f03-4810-82d8-552cbf0e4492","Pedra da Ponta Grossa (Vista)","Rio De Janeiro","RJ","https://pt.wikipedia.org/wiki/Pedra_de%20Guaratiba","true"
"32d412f4-6293-491d-b963-80abfdc0c58e","Penha","Rio De Janeiro","RJ","https://pt.wikipedia.org/wiki/Penha_(Rio%20de%20Janeiro)","true"
"f5fbeb76-e25b-4803-a886-09485b639dff","Estádio Aniceto Moscoso","Rio De Janeiro","RJ","https://pt.wikipedia.org/wiki/Est%C3%A1dio_Aniceto%20Moscoso","true"
"d9f5b8a9-3165-4121-ae0b-917daa8fcd61","Estádio Presidente Manoel Schwartz","Rio De Janeiro","RJ","https://pt.wikipedia.org/wiki/Est%C3%A1dio_Manoel%20Schwartz","true"
"fc61d2ff-aa68-4393-9e8f-3b2b9ff9e12d","Tijuca","Rio De Janeiro","RJ","https://pt.wikipedia.org/wiki/Tijuca","true"
"483f4caf-b5b9-43ab-88d3-6152f2875101","Catedral Metropolitana de São Sebastião do Rio de Janeiro","Rio De Janeiro","RJ","https://pt.wikipedia.org/wiki/Catedral_de%20S%C3%A3o%20Sebasti%C3%A3o%20do%20Rio%20de%20Janeiro","true"
"591e52aa-bad9-4395-99e6-a34ff42b7954","Lagoa Rodrigo de Freitas","Rio De Janeiro","RJ","https://pt.wikipedia.org/wiki/Lagoa_Rodrigo%20de%20Freitas","true"
"fa315319-6851-45a4-98b2-9a9cae197938","Píer da Pedra de Guaratiba","Rio De Janeiro","RJ","https://pt.wikipedia.org/wiki/Pedra_de%20Guaratiba","true"
"eefb25c5-25fc-4ad0-992d-8662af599d31","Píer da Praia Pedra De Guaratiba","Rio De Janeiro","RJ","https://pt.wikipedia.org/wiki/Pedra_de%20Guaratiba","true"
"1927d16a-0505-4794-b9b0-ce8bfe01b387","PNM da Serra Da Capoeira Grande","Rio De Janeiro","RJ","https://pt.wikipedia.org/wiki/Serra_Grande%20(Niter%C3%B3i)","true"
"0a9ec59f-506b-40c7-bb6d-948577f3b279","Jardim Botânico do Rio de Janeiro","Rio De Janeiro","RJ","https://pt.wikipedia.org/wiki/Jardim_Bot%C3%A2nico%20do%20Rio%20de%20Janeiro","true"
"c37aea23-c773-44bf-a7a7-4f985a82c556","Praia do Abricó","Rio De Janeiro","RJ","https://pt.wikipedia.org/wiki/Praia_do%20Abric%C3%B3%20(Rio%20de%20Janeiro)","true"
"158951df-ed08-4e06-aa76-460eb02d2468","Praça Nossa Senhora da Paz","Rio De Janeiro","RJ","https://pt.wikipedia.org/wiki/Pra%C3%A7a_Nossa%20Senhora%20da%20Paz%20(Rio%20de%20Janeiro)","true"
"9171774a-c650-4c83-bdbf-c98ae4c98af8","Sítio Arqueológico Casa dos Pilões","Rio De Janeiro","RJ","https://pt.wikipedia.org/wiki/Jardim_Bot%C3%A2nico%20do%20Rio%20de%20Janeiro","true"
"839bc15d-c573-4236-af59-63c8e74bc992","Real Gabinete Português de Leitura","Rio De Janeiro","RJ","https://pt.wikipedia.org/wiki/Real_Gabinete%20Portugu%C3%AAs%20de%20Leitura","true"
"28c7264c-8136-48e5-9a7a-633903218a9d","Biblioteca Parque Estadual","Rio De Janeiro","RJ","https://pt.wikipedia.org/wiki/Biblioteca_Parque%20Estadual","true"
"67a849aa-5cd9-4e71-8004-869c4fad61c6","Museu Aeroespacial","Rio De Janeiro","RJ","https://pt.wikipedia.org/wiki/Museu_Aeroespacial","true"
"e61e46a2-4303-45bc-b550-a8c4a74f4ae4","Base Aérea dos Afonsos","Rio De Janeiro","RJ","https://en.wikipedia.org/wiki/Afonsos_Air%20Force%20Base","true"
"2f6c8362-33b9-4b47-9a10-a1e4d8a88f3a","Museu Histórico do Corpo de Bombeiros Militar do Rio de Janeiro","Rio De Janeiro","RJ","https://pt.wikipedia.org/wiki/Museu_Hist%C3%B3rico%20da%20Cidade%20do%20Rio%20de%20Janeiro","true"
"323076d6-2e64-4a41-8101-a3f4b638fda1","Forte de Copacabana (Museu Histórico do Exército e Forte de Copacabana)","Rio De Janeiro","RJ","https://pt.wikipedia.org/wiki/Forte_de%20Copacabana","true"
"01940cf7-6352-4ed8-9c9f-841fcd6ff79a","Shopping da Gávea","Rio De Janeiro","RJ","https://pt.wikipedia.org/wiki/Shopping_da%20G%C3%A1vea","true"
"41d19cab-780e-45c5-a627-78d5092b8d73","Parque Natural Municipal da Cidade","Rio De Janeiro","RJ","https://pt.wikipedia.org/wiki/Museu_Hist%C3%B3rico%20da%20Cidade%20do%20Rio%20de%20Janeiro","true"
"25c0bc96-bb1c-4b3d-9d7b-8a91c6025271","Norte Shopping","Rio De Janeiro","RJ","https://pt.wikipedia.org/wiki/Norte_Shopping%20(Rio%20de%20Janeiro)","true"
"dd0ced4a-eaab-43f3-be3f-673a4943fb0c","Parque dos Atletas","Rio De Janeiro","RJ","https://pt.wikipedia.org/wiki/Parque_dos%20Atletas","true"
"f1cfa04b-98fd-401c-953d-e4c4ef011026","Praia do Leme","Rio De Janeiro","RJ","https://pt.wikipedia.org/wiki/Praia_do%20Leme","true"
"178ae5d4-24c2-4d6c-82b8-e85fd293f0f0","Solar dos Araújos","Rio De Janeiro","RJ","https://pt.wikipedia.org/wiki/Solar_dos%20Ara%C3%BAjos","true"
"9712e6f7-d045-454b-9b36-5e2bc202372b","Teatro dos Grandes Atores - Barra Square","Rio De Janeiro","RJ","https://pt.wikipedia.org/wiki/Cidade_das%20Artes","true"
"2a61753e-6872-4da6-a91c-6e5ff3b16f6b","Igreja de Nossa Senhora da Candelária","Rio De Janeiro","RJ","https://pt.wikipedia.org/wiki/Igreja_de%20Nossa%20Senhora%20da%20Candel%C3%A1ria","true"
"ae3a6d91-feef-46f7-aae2-a34c3db12c04","Cristo Redentor","Rio De Janeiro","RJ","https://pt.wikipedia.org/wiki/Cristo_Redentor","true"
"77af52b1-70b5-4282-bfd5-7a0718c07538","Museu Villa-Lobos","Rio De Janeiro","RJ","https://pt.wikipedia.org/wiki/Museu_Villa-Lobos","true"
"6e237160-fc44-4906-9af6-42cefff27021","Paróquia São Paulo Apóstolo - Copacabana RJ","Rio De Janeiro","RJ","https://pt.wikipedia.org/wiki/Copacabana","true"
"e4911d1c-0f67-490b-972e-3e52176a1f35","União da Ilha do Governador","Rio De Janeiro","RJ","https://pt.wikipedia.org/wiki/Uni%C3%A3o_da%20Ilha%20do%20Governador","true"
"0d3df17e-01f8-49bc-9461-fd30c4a9d4be","AquaRio","Rio De Janeiro","RJ","https://pt.wikipedia.org/wiki/AquaRio","true"
"542456a6-1c7f-4100-b9d1-582875d51d41","Estádio Luso Brasileiro","Rio De Janeiro","RJ","https://pt.wikipedia.org/wiki/Est%C3%A1dio_Luso%20Brasileiro","true"
"8bd83c0a-5bea-4b13-b452-d6926967a307","Museu de Ciências da Terra","Rio De Janeiro","RJ","https://pt.wikipedia.org/wiki/Museu_de%20Ci%C3%AAncias%20da%20Terra","true"
"49f1e5af-a9ac-40fb-8e83-3a2bf8061fda","Parque Garota de Ipanema","Rio De Janeiro","RJ","https://pt.wikipedia.org/wiki/Parque_Garota%20de%20Ipanema","true"
"b307397e-f17d-4e02-9281-8bef67d1f49c","Fundação Casa de Rui Barbosa","Rio De Janeiro","RJ","https://pt.wikipedia.org/wiki/Funda%C3%A7%C3%A3o_Casa%20de%20Rui%20Barbosa","true"
"53217bb1-ded1-47e8-9bbc-f6940221e58a","Praça General Osório","Rio De Janeiro","RJ","https://pt.wikipedia.org/wiki/Pra%C3%A7a_General%20Os%C3%B3rio%20(Rio%20de%20Janeiro)","true"
"cd609368-54d6-407e-8370-b0294b9e132d","Forte Duque de Caxias","Rio De Janeiro","RJ","https://pt.wikipedia.org/wiki/Forte_Duque%20de%20Caxias","true"
"cdbb0c63-1a84-4ea2-b4e4-8410874408da","Museu Nacional de Belas Artes","Rio De Janeiro","RJ","https://pt.wikipedia.org/wiki/Museu_Nacional%20de%20Belas%20Artes%20(Brasil)","true"
"19c39e06-f945-44f4-bbca-82b44774fc79","Museu Carmen Miranda","Rio De Janeiro","RJ","https://pt.wikipedia.org/wiki/Museu_Carmen%20Miranda","true"
"5e168e36-2d1f-4569-a3e8-cdf8950831a3","Bondinho Pão de Açúcar","Rio De Janeiro","RJ","https://pt.wikipedia.org/wiki/Bondinho_do%20P%C3%A3o%20de%20A%C3%A7%C3%BAcar","true"
"5c1e02ca-8c33-4d3d-a4b5-fb886340b78a","Pão de açúcar","Rio De Janeiro","RJ","https://pt.wikipedia.org/wiki/P%C3%A3o_de%20A%C3%A7%C3%BAcar","true"
"b81edfda-750f-4e1c-b3c0-fe55d7c831f3","Praia Vermelha","Rio De Janeiro","RJ","https://pt.wikipedia.org/wiki/Praia_Vermelha%20(Rio%20de%20Janeiro)","true"
"a4e1a546-4539-4b08-af48-a3d647674196","Museu de Arte do Rio","Rio De Janeiro","RJ","https://pt.wikipedia.org/wiki/Museu_de%20Arte%20do%20Rio","true"
"4ed9d346-bb69-4036-aee6-868a89f050f6","Museu Botafogo FR","Rio De Janeiro","RJ","https://pt.wikipedia.org/wiki/Museu_Nacional%20dos%20Povos%20Ind%C3%ADgenas","true"
"489ed3b4-dfab-43a9-afe4-0397d7023d0e","Museu Flamengo","Rio De Janeiro","RJ","https://pt.wikipedia.org/wiki/Museu_Carmen%20Miranda","true"
"bfced6d3-5d64-452e-a3a5-8e22b5f1c48e","Museu da Justiça do Estado do Rio de Janeiro","Rio De Janeiro","RJ","https://pt.wikipedia.org/wiki/Museu_Hist%C3%B3rico%20da%20Cidade%20do%20Rio%20de%20Janeiro","true"
"6971ea42-94f0-4e03-9094-57d701ff2e5a","Copacabana","Rio De Janeiro","RJ","https://pt.wikipedia.org/wiki/Copacabana","true"
"653bcccc-9865-4e24-8d03-22e761a5aa76","Museu de Arte Moderna do Rio de Janeiro","Rio De Janeiro","RJ","https://pt.wikipedia.org/wiki/Museu_Hist%C3%B3rico%20da%20Cidade%20do%20Rio%20de%20Janeiro","true"