POI_ID,POI_Name,City,State,Success,Image_ID,Image_URL,Error,Processing_Time_MS
"8350bd10-865c-42cb-8c4f-7fd6d136ca8e","Castelinho do Flamengo","","","true","","https://tysnkzmljlmmqpbotkxv.supabase.co/storage/v1/object/public/travel-app-images/wikimedia-8350bd10/castelinho-do-flamengo-filecastelinho-do-fl-1757526282332-1.jpg","","394"
"1c7a2638-ad5c-435e-be2a-9fe60bd1e779","Centro Cultural e Informativo do Consulado Geral do Japão no Rio de Janeiro","","","false","","","Edge function error: Edge Function returned a non-2xx status code","1744"
"f0f26949-7a79-44e4-b01c-ce02e18a85da","Museu do Ingá","","","true","","https://tysnkzmljlmmqpbotkxv.supabase.co/storage/v1/object/public/travel-app-images/wikimedia-f0f26949/museu-do-ing-filealberto-torres-m-1757526287313-1.jpg","","174"
"903cbf35-9ecd-4863-a875-cc36c5518955","Aos Herois de Laguna e Dourados","","","true","","https://tysnkzmljlmmqpbotkxv.supabase.co/storage/v1/object/public/travel-app-images/wikimedia-903cbf35/aos-herois-de-laguna-e-dourado-fileat-rio-de-janeir-1757526293287-1.jpg","","194"
"f8a99329-4b0f-4e7e-b83b-b94a644b93c1","Pedra da Gávea","","","true","","https://tysnkzmljlmmqpbotkxv.supabase.co/storage/v1/object/public/travel-app-images/wikimedia-f8a99329/pedra-da-gvea-filegroup-6p1050470--1757526299884-1.jpg","","202"
"592d9ba2-6dcc-4d3c-84d3-5f2b20b978de","Morro da Urca","","","true","4127c770-f4dc-4eeb-abd9-69595b34b235","https://tysnkzmljlmmqpbotkxv.supabase.co/storage/v1/object/public/travel-app-images/wikimedia-592d9ba2/morro-da-urca-filesugarloaf-a-pqp--1757526832729-1.jpg","","3427"
"c786721c-39e2-46a7-a411-813e25a8d12f","Pedra Bonita","","","true","cd4683c9-ff48-41ab-8c75-58e98b48fb1c","https://tysnkzmljlmmqpbotkxv.supabase.co/storage/v1/object/public/travel-app-images/wikimedia-c786721c/pedra-bonita-filegroup-6p1050470--1757526837113-1.jpg","","3623"
"567e31b8-f0a6-46ab-b8f0-35729265a8da","Museu da República","","","true","f4ce12a9-0684-4a96-b3dc-60255730f186","https://tysnkzmljlmmqpbotkxv.supabase.co/storage/v1/object/public/travel-app-images/wikimedia-567e31b8/museu-da-repblica-filearquitetura-muse-1757526842175-1.jpg","","4112"
"501659d6-f058-4290-82b6-671ac19cd1c2","Sala Cecília Meireles","","","true","45057562-2b38-48f5-b1cc-6bd5665c5662","https://tysnkzmljlmmqpbotkxv.supabase.co/storage/v1/object/public/travel-app-images/wikimedia-501659d6/sala-ceclia-meireles-fileat-rio-de-janeir-1757526846742-1.jpg","","5911"
"0e4ef566-da16-496f-815f-7aaa141506f5","Igreja de Nossa Senhora do Carmo da Lapa do Desterro","","","true","48e90648-f3dc-4fb2-bec8-d5b8a1a42fb7","https://tysnkzmljlmmqpbotkxv.supabase.co/storage/v1/object/public/travel-app-images/wikimedia-0e4ef566/igreja-de-nossa-senhora-do-car-fileat-rio-de-janeir-1757526854327-1.jpg","","4675"
"7a5ff5d2-3a18-471d-8381-b2e1cb105a7f","Morro da Muzema","","","true","511ca6f7-8108-4ef3-b048-521bc0ed3493","https://tysnkzmljlmmqpbotkxv.supabase.co/storage/v1/object/public/travel-app-images/wikimedia-7a5ff5d2/morro-da-muzema-fileigreja-church-ki-1757526862992-1.jpg","","2711"
"ea1632e6-9962-467e-86a0-ad3fde6ec241","Pedra da Panela","","","true","55786579-cd0d-4667-98d8-49a9fd37f470","https://tysnkzmljlmmqpbotkxv.supabase.co/storage/v1/object/public/travel-app-images/wikimedia-ea1632e6/pedra-da-panela-filepan-stonejpg-1757526866663-1.jpg","","2498"
"f2d582ef-af77-474f-a72e-bf59ee770c72","Teatro Municipal Carlos Gomes","","","true","d8d1a097-4152-4449-bb5c-5affcea0288b","https://tysnkzmljlmmqpbotkxv.supabase.co/storage/v1/object/public/travel-app-images/wikimedia-f2d582ef/teatro-municipal-carlos-gomes-filebruno-chateaubri-1757526869934-1.jpg","","1824"
"0822aab7-35f7-493b-a5be-862922837f42","Corcovado","","","true","dedcb89b-0b01-4e4a-88b4-29d598615800","https://tysnkzmljlmmqpbotkxv.supabase.co/storage/v1/object/public/travel-app-images/wikimedia-0822aab7/corcovado-filecorcovado-rio-di-1757526873427-1.jpg","","3157"
"1a2b1079-7865-4d8f-8dad-89bbf0444886","Morro Cara de Cão","","","true","a0d955d8-9152-45af-b9ac-785af863d400","https://tysnkzmljlmmqpbotkxv.supabase.co/storage/v1/object/public/travel-app-images/wikimedia-1a2b1079/morro-cara-de-co-filemorro-cara-de-co-1757526878881-1.tiff","","7134"
"e36fa43d-f7a5-4d1c-8249-d4e5ff0a2115","Pinheiro Machado","","","true","e2e4bbb0-b3c3-4240-8646-09e55f55c189","https://tysnkzmljlmmqpbotkxv.supabase.co/storage/v1/object/public/travel-app-images/wikimedia-e36fa43d/pinheiro-machado-filegeneral-pinheiro-1757526885432-1.jpg","","2570"
"09348829-dc6b-4001-bccb-102f3fe5017d","Morro do Elefante","","","true","4b517d51-21e4-4282-b807-ad1022afcfa1","https://tysnkzmljlmmqpbotkxv.supabase.co/storage/v1/object/public/travel-app-images/wikimedia-09348829/morro-do-elefante-filem-do-elefante-00-1757526889841-1.jpg","","4527"
"37ee05b6-bef5-4e01-b91c-5a6a0546a9f9","Morro do Borel","","","true","f18aeda3-edd0-4453-8eb1-106be9f53d42","https://tysnkzmljlmmqpbotkxv.supabase.co/storage/v1/object/public/travel-app-images/wikimedia-37ee05b6/morro-do-borel-file07062012-jornada-1757526894676-1.jpg","","3922"
"ca8b8669-9894-40f6-bb40-508e08ea0216","Pedra dos Cabritos","","","true","05cb9526-d1ca-40b8-9f58-72c69d4e4296","https://tysnkzmljlmmqpbotkxv.supabase.co/storage/v1/object/public/travel-app-images/wikimedia-ca8b8669/pedra-dos-cabritos-filegrumari-beach-rj-1757526899993-1.jpg","","3212"
"a89ba19d-a339-4637-b389-f131891ddada","Retrato do Padre Diogo Antônio Feijó","","","true","e7ebe482-a6a7-4272-9a90-eac8f2c28e4a","https://tysnkzmljlmmqpbotkxv.supabase.co/storage/v1/object/public/travel-app-images/wikimedia-a89ba19d/retrato-do-padre-diogo-antnio--fileaudio-file-of-re-1757526904207-1.ogg","","3292"
"51627bcc-38a8-4157-9a0a-54b21190fde6","Museu do Universo","","","true","f64324ce-d6c1-4cd0-aae2-1440e66e8422","https://tysnkzmljlmmqpbotkxv.supabase.co/storage/v1/object/public/travel-app-images/wikimedia-51627bcc/museu-do-universo-filemuseu-do-univers-1757526912495-1.jpg","","3380"
"8adffd93-0a13-4770-baff-91790d1dd322","Estátua de Teixeira Soares","","","true","82de23d3-ebc9-403d-96a1-b45a1cc64a98","https://tysnkzmljlmmqpbotkxv.supabase.co/storage/v1/object/public/travel-app-images/wikimedia-8adffd93/esttua-de-teixeira-soares-fileteixeira-soares--1757526917973-1.jpg","","5666"
"138cd721-2316-4803-aa8d-e8023da557df","Príncipe Regente Dom Pedro e Jorge de Avilez a Bordo da Fragata União","","","true","6109f521-5da7-41e5-bd88-05feead04c50","https://tysnkzmljlmmqpbotkxv.supabase.co/storage/v1/object/public/travel-app-images/wikimedia-138cd721/prncipe-regente-dom-pedro-e-jo-fileaudio-file-of-pe-1757526923628-1.ogg","","3965"
"bb64eba6-4f18-4618-97f0-4b644cadc520","Busto de Bartolomeu Mitre","","","true","14ca3a3f-a72f-42e5-b0a8-1dbb07b674bf","https://tysnkzmljlmmqpbotkxv.supabase.co/storage/v1/object/public/travel-app-images/wikimedia-bb64eba6/busto-de-bartolomeu-mitre-filebartolomeu-mitre-1757526928579-1.jpg","","4444"
"1b2cd12f-3858-42ec-a168-2790cd126993","Ismael Silva","","","true","b2c49b9f-1852-4353-88a9-ec55332a0e0d","https://tysnkzmljlmmqpbotkxv.supabase.co/storage/v1/object/public/travel-app-images/wikimedia-1b2cd12f/ismael-silva-fileismael-silva-rio-1757526935547-1.jpg","","8488"
"689ed2e4-5373-4b10-9dcc-0fc19175c302","Memorial a Aldir Blanc","","","false","","","Edge function error: Edge Function returned a non-2xx status code","902"
"a0e5fd39-0386-42bb-ba69-10a882d1df0f","Coronel Xavier de Brito","","","true","1c3e8632-2fc7-4009-8ad7-65bdd0f2cd51","https://tysnkzmljlmmqpbotkxv.supabase.co/storage/v1/object/public/travel-app-images/wikimedia-a0e5fd39/coronel-xavier-de-brito-filebusto-coronel-xa-1757526946200-1.jpg","","4587"
"3b612a98-216f-4e6e-8f4a-ab3856b8b27a","Nijinski","","","true","72b5a224-cf0f-4f4d-a913-3307a156c2f4","https://tysnkzmljlmmqpbotkxv.supabase.co/storage/v1/object/public/travel-app-images/wikimedia-3b612a98/nijinski-filea-nijinski-rio-d-1757526950808-1.jpg","","4263"
"1650ef03-64ea-4f29-8487-b6ba5754ad3b","Teatro Riachuelo","","","true","5bb1281a-a425-4b26-8b59-36f395bbcacb","https://tysnkzmljlmmqpbotkxv.supabase.co/storage/v1/object/public/travel-app-images/wikimedia-1650ef03/teatro-riachuelo-file2018-rio-de-jane-1757526956784-1.jpg","","4546"
"4e656b9a-9780-444b-8cc6-79b6d22adacb","Morro de São Maron","","","true","af083218-b716-4331-83c1-9c31bfd8240c","https://tysnkzmljlmmqpbotkxv.supabase.co/storage/v1/object/public/travel-app-images/wikimedia-4e656b9a/morro-de-so-maron-filest-maronjpg-1757526961278-1.jpg","","3108"
"d4e10ee9-e155-4877-92b5-cc0ec52d66fe","Museu Marítimo","","","true","9e759641-26da-47e8-9087-c35efaacf2c5","https://tysnkzmljlmmqpbotkxv.supabase.co/storage/v1/object/public/travel-app-images/wikimedia-d4e10ee9/museu-martimo-fileacervo-museu-mar-1757526970211-1.jpg","","4022"
"1acc8b7f-81f9-4158-8cb0-4818ea5bcaa0","Partida de Porto Feliz","","","true","6933474a-dfad-4c49-91b4-481f890dcde6","https://tysnkzmljlmmqpbotkxv.supabase.co/storage/v1/object/public/travel-app-images/wikimedia-1acc8b7f/partida-de-porto-feliz-fileaudio-file-of-pa-1757526975421-1.wav","","5380"
"62771072-4495-490f-8e62-86d9ac832b12","Pedra do Telégrafo","","","true","4f250377-11ab-44e5-b3bb-50a4d6ada932","https://tysnkzmljlmmqpbotkxv.supabase.co/storage/v1/object/public/travel-app-images/wikimedia-62771072/pedra-do-telgrafo-fileo-que-est-aconte-1757526980993-1.jpg","","3737"
"61ba803e-b5e4-4cbd-bf69-76965567e55f","Retrato de José Bonifácio de Andrada e Silva","","","true","44ed5cd9-c656-4343-a5e9-c9ee4097e54d","https://tysnkzmljlmmqpbotkxv.supabase.co/storage/v1/object/public/travel-app-images/wikimedia-61ba803e/retrato-de-jos-bonifcio-de-and-fileaudio-file-of-re-1757526986751-1.wav","","5977"
"14414fcc-2c06-4019-8984-1735fa30f3eb","Passo da Ponte Seca","","","true","521d866a-9e31-4b8e-9dcf-ba15883d1421","https://tysnkzmljlmmqpbotkxv.supabase.co/storage/v1/object/public/travel-app-images/wikimedia-14414fcc/passo-da-ponte-seca-fileouro-preto-99745-1757526992412-1.jpg","","2682"
"622b23b3-95b8-48b7-89fb-028ad1ab5409","Ilha Porchat","","","true","b7c1c270-cd50-463a-a77c-38099a7d4755","https://tysnkzmljlmmqpbotkxv.supabase.co/storage/v1/object/public/travel-app-images/wikimedia-622b23b3/ilha-porchat-filearredores-de-san-1757526997594-1.jpg","","5343"
"0daa4bf1-7fbe-4e87-bb57-c2053be9eedd","Pico do Cristal","","","true","ef0b3eba-6529-4cee-8353-386e3ba06ea9","https://tysnkzmljlmmqpbotkxv.supabase.co/storage/v1/object/public/travel-app-images/wikimedia-0daa4bf1/pico-do-cristal-filepanorama-pico-do-1757527002655-1.jpg","","3644"
"dd18bba0-9a0f-4c12-9d12-5d980f4ecae3","Igreja de São Salvador","","","true","844f2201-1131-44ed-b2c1-553fcf647f22","https://tysnkzmljlmmqpbotkxv.supabase.co/storage/v1/object/public/travel-app-images/wikimedia-dd18bba0/igreja-de-so-salvador-filecentro-aracaju-s-1757527007626-1.jpg","","3359"
"0c3d23ee-ed36-4a61-b481-ae82b110cdbc","Combate de Botocudos em Mogi das Cruzes","","","true","d03e65b1-e311-47a6-a239-97c30b3fc919","https://tysnkzmljlmmqpbotkxv.supabase.co/storage/v1/object/public/travel-app-images/wikimedia-0c3d23ee/combate-de-botocudos-em-mogi-d-fileaudio-file-of-co-1757527011599-1.ogg","","3195"
"5d9bba29-c08e-4f15-927e-4675168e2d19","Aquário de Ubatuba","","","true","0f7bf6cc-4c8d-4af4-89ba-3a2e3017dbba","https://tysnkzmljlmmqpbotkxv.supabase.co/storage/v1/object/public/travel-app-images/wikimedia-5d9bba29/aqurio-de-ubatuba-fileaqurio-de-ubatub-1757527015895-1.jpg","","3176"
"39931a9d-876a-4343-a2d7-c35136a0f6d8","Construção de Açude - Fazenda Cachoeira - Campinas","","","true","e4bc58ac-8c29-4931-98f8-9478d7c56aea","https://tysnkzmljlmmqpbotkxv.supabase.co/storage/v1/object/public/travel-app-images/wikimedia-39931a9d/construo-de-aude-fazenda-cacho-filealfredo-norfini--1757527025053-1.jpg","","4973"
"f66bc59d-97c3-478e-9eb3-4f946bac9a2d","Capela de Nossa Senhora dos Anjos","","","true","6942310b-8d56-473d-b8e5-a7833634c7d1","https://tysnkzmljlmmqpbotkxv.supabase.co/storage/v1/object/public/travel-app-images/wikimedia-f66bc59d/capela-de-nossa-senhora-dos-an-filecapela-de-nossa--1757527029993-1.webp","","2561"
"268e6988-ceff-4c9b-a33f-9e2bd950e158","Monumento Cruz do Pascoal","","","true","9f4d6416-17a3-4b57-a495-691ea9d7c533","https://tysnkzmljlmmqpbotkxv.supabase.co/storage/v1/object/public/travel-app-images/wikimedia-268e6988/monumento-cruz-do-pascoal-filecruz-do-pascoal--1757527034551-1.jpg","","4776"
"c414c43b-4765-409a-9008-724b1aaf5c66","Monjolo Comum - Primórdios da Lavoura Paulista","","","true","54b56e74-a0d2-48ae-9eb1-6d9054bd6283","https://tysnkzmljlmmqpbotkxv.supabase.co/storage/v1/object/public/travel-app-images/wikimedia-c414c43b/monjolo-comum-primrdios-da-lav-filealfredo-norfini--1757527041332-1.jpg","","5144"
"a4ea0c1a-b75d-40b0-a7a8-6bc870239eed","Bica da Rainha","","","true","2ae10153-2b36-40f1-95ce-50b53d75ad11","https://tysnkzmljlmmqpbotkxv.supabase.co/storage/v1/object/public/travel-app-images/wikimedia-a4ea0c1a/bica-da-rainha-filebertichem-1856-b-1757527045206-1.jpg","","2650"
"a68bdfb1-bf1d-456f-a664-414449eb135a","Museu Franciscano de Arte Sacra","","","true","f2c498cd-a823-48ef-aad4-d8a286546e3e","https://tysnkzmljlmmqpbotkxv.supabase.co/storage/v1/object/public/travel-app-images/wikimedia-a68bdfb1/museu-franciscano-de-arte-sacr-filecisar05jpg-1757527049164-1.jpg","","2628"
"38656ff8-5c90-4d9c-b590-64b3ef3a27db","Dom Pedro II","","","true","338ee466-505a-46c1-a378-6dbc1b5387b0","https://tysnkzmljlmmqpbotkxv.supabase.co/storage/v1/object/public/travel-app-images/wikimedia-38656ff8/dom-pedro-ii-fileestatua-de-dom-p-1757527059668-1.jpg","","10062"
"4058c1d6-3398-4f64-ab9a-1647a21d67e2","Estátua Maria Leopoldina","","","true","9962198e-8b21-4b88-b00e-6147cf278e1e","https://tysnkzmljlmmqpbotkxv.supabase.co/storage/v1/object/public/travel-app-images/wikimedia-4058c1d6/esttua-maria-leopoldina-fileedgar-duvivier-i-1757527064301-1.jpg","","3723"
"d472a6be-3571-45c0-813b-135c011da33a","Instituto Tomie Ohtake","","","true","dbb618eb-9f53-41d5-b0e6-4afa9a73ba2f","https://tysnkzmljlmmqpbotkxv.supabase.co/storage/v1/object/public/travel-app-images/wikimedia-d472a6be/instituto-tomie-ohtake-filesalvador-dal-ins-1757527068502-1.jpg","","2697"
"b905ea79-51ce-4866-a601-89fe2faa6ba2","João Paulo II","","","true","2dbe88d2-fa8c-4aad-888e-af374bb1a6bc","https://tysnkzmljlmmqpbotkxv.supabase.co/storage/v1/object/public/travel-app-images/wikimedia-b905ea79/joo-paulo-ii-filebrunaprado-cated-1757527072619-1.jpg","","3731"
"6058d035-9dca-4262-abd9-0c946e297bed","Jesus Sem-teto","","","true","31e5d282-2bea-47eb-8572-7a029201b7b4","https://tysnkzmljlmmqpbotkxv.supabase.co/storage/v1/object/public/travel-app-images/wikimedia-6058d035/jesus-semteto-fileescultura-de-jes-1757527081310-1.jpg","","4342"
"75f5156c-ee66-4025-afed-4f81973f35c9","Casa de Cultura Câmara Torres","","","true","67f08faf-c507-47ee-9bb2-cfaf5747f604","https://tysnkzmljlmmqpbotkxv.supabase.co/storage/v1/object/public/travel-app-images/wikimedia-75f5156c/casa-de-cultura-cmara-torres-fileat-paraty-brazil-1757527087490-1.jpg","","4399"
"6b9aea3c-056d-439a-a314-f80269324c8a","Monumento a Suzana Dias","","","false","","","Edge function error: Edge Function returned a non-2xx status code","741"
"3fec8199-e996-4075-a847-595ab06c886f","Monumento a Frei Agostinho de Jesus","","","true","2e6c936a-b765-418c-94a9-0ec981d3ba45","https://tysnkzmljlmmqpbotkxv.supabase.co/storage/v1/object/public/travel-app-images/wikimedia-3fec8199/monumento-a-frei-agostinho-de--filefrei-agostinho-d-1757527093394-1.jpg","","2907"
"6cc6e55c-d8fc-4f2b-b0de-089cae59c90b","Pedra da Galinha Choca","","","true","bca08dd7-face-42de-a398-6339f4df032f","https://tysnkzmljlmmqpbotkxv.supabase.co/storage/v1/object/public/travel-app-images/wikimedia-6cc6e55c/pedra-da-galinha-choca-fileanderpsquixada-0-1757527097292-1.jpg","","3179"
"cc30243b-1aef-452c-8f4c-65d40f524858","Pico da Bandeira","","","true","88670d3a-9f57-4f82-a786-aa9f15142c38","https://tysnkzmljlmmqpbotkxv.supabase.co/storage/v1/object/public/travel-app-images/wikimedia-cc30243b/pico-da-bandeira-fileacima-das-nuvens-1757527102355-1.jpg","","4119"
"ff64e936-df5e-4f71-ac1a-dc346c7eec42","Estátua Princesa Isabel","","","true","8b56bb90-9c8d-4cd7-bd83-56b023f78e7e","https://tysnkzmljlmmqpbotkxv.supabase.co/storage/v1/object/public/travel-app-images/wikimedia-ff64e936/esttua-princesa-isabel-file252-museu-histri-1757527107303-1.jpg","","3798"
"c9e7e483-285c-4f60-9dbd-b21d684f8498","Confeitaria Colombo","","","true","300b66f9-89a0-4196-9ba0-356d0b8eebea","https://tysnkzmljlmmqpbotkxv.supabase.co/storage/v1/object/public/travel-app-images/wikimedia-c9e7e483/confeitaria-colombo-fileconfeitaria-colo-1757527111675-1.jpg","","3351"
"d5264cf2-7d5e-4071-bd2b-31025bd9a94a","Museu de Arte Moderna da Bahia","","","true","19ab6f6a-5cff-4ec7-8115-399465f171bc","https://tysnkzmljlmmqpbotkxv.supabase.co/storage/v1/object/public/travel-app-images/wikimedia-d5264cf2/museu-de-arte-moderna-da-bahia-filebairro-da-gamboa-1757527115585-1.jpg","","3096"
"bc664dd8-e55a-4abe-992a-3eda14a5c9cf","Museu de Geociências","","","true","2132ef73-8b3c-48f7-80ff-01ba97c263fd","https://tysnkzmljlmmqpbotkxv.supabase.co/storage/v1/object/public/travel-app-images/wikimedia-bc664dd8/museu-de-geocincias-fileat-cidade-univer-1757527121089-1.jpg","","5802"
"697cc5a6-125c-478a-91ac-fdf5d59318d7","Gruta de Maquiné","","","true","a0cc7568-fba9-4159-9d5a-1c8d3b0d317c","https://tysnkzmljlmmqpbotkxv.supabase.co/storage/v1/object/public/travel-app-images/wikimedia-697cc5a6/gruta-de-maquin-file2007-11-nov-grut-1757527131131-1.jpg","","3647"
"41f27083-27d8-4bf4-9bf8-c0db7b4cb16a","Garganta del Diablo","","","true","42c0d994-746a-4f58-8c47-8fa66ee37785","https://tysnkzmljlmmqpbotkxv.supabase.co/storage/v1/object/public/travel-app-images/wikimedia-41f27083/garganta-del-diablo-filea-incrvel-gargan-1757527135708-1.jpg","","3875"
"629bc914-5252-4c34-90a1-d4c71d2d6777","Pico do Papagaio","","","true","29c27956-09cc-41ad-8b0c-33253abfda30","https://tysnkzmljlmmqpbotkxv.supabase.co/storage/v1/object/public/travel-app-images/wikimedia-629bc914/pico-do-papagaio-fileabraaozinhobeach-1757527141135-1.jpg","","4550"
"e47e130f-6d8d-4a96-8720-ab29aa5deb59","Capela Mayrink","","","true","d5429dad-e972-4903-9fe0-bda31932f159","https://tysnkzmljlmmqpbotkxv.supabase.co/storage/v1/object/public/travel-app-images/wikimedia-e47e130f/capela-mayrink-filecapela-mayrink-r-1757527146594-1.jpg","","4603"
"edcb9e4b-f526-48df-9781-b98cada54f7d","Teatro Glauce Rocha","","","true","6d5944c4-3fba-45d6-a04d-539382b9b9de","https://tysnkzmljlmmqpbotkxv.supabase.co/storage/v1/object/public/travel-app-images/wikimedia-edcb9e4b/teatro-glauce-rocha-filecine-parisiense--1757527152420-1.jpg","","4181"
"1120f7c6-1a2d-4578-9b2f-735445a2a320","Bico do Papagaio","","","false","","","Edge function error: Edge Function returned a non-2xx status code","8002"
"7a234b6c-2e9c-41fd-875d-2042cec98450","Museu da Cidade","","","false","","","Edge function error: Edge Function returned a non-2xx status code","1009"
"c2c33947-06c1-4676-9067-261cab5cc161","Baleia","","","false","","","Edge function error: Edge Function returned a non-2xx status code","470"
"28b83861-b33b-4030-a7cb-e5db526c2f81","Mahatma Gandhi","","","true","b4a39976-584c-4c2c-8917-2b1aaff4ab40","https://tysnkzmljlmmqpbotkxv.supabase.co/storage/v1/object/public/travel-app-images/wikimedia-28b83861/mahatma-gandhi-fileat-rio-de-janeir-1757527169629-1.jpg","","4479"
"3338d7bc-4207-4999-b0d5-1f1e0d7347f5","Museu do Açude","","","true","f39674dd-c35b-4a84-9cbc-9e5a15b8153f","https://tysnkzmljlmmqpbotkxv.supabase.co/storage/v1/object/public/travel-app-images/wikimedia-3338d7bc/museu-do-aude-fileescultura-museu--1757527174804-1.jpg","","3383"
"7e7f26dc-8fc6-403b-8960-65fa5a965265","Igreja do Boqueirão","","","true","199822d7-2d87-4be3-af9e-121784f63ce2","https://tysnkzmljlmmqpbotkxv.supabase.co/storage/v1/object/public/travel-app-images/wikimedia-7e7f26dc/igreja-do-boqueiro-fileigreja-de-nossa--1757527182988-1.jpg","","2835"
"8158d8e7-460f-4279-9a43-163d1e7a9e39","Farol de Ponta Verde","","","false","","","Edge function error: Edge Function returned a non-2xx status code","715"
"41e8b592-6d53-453c-89c6-bb87559c1691","Museu Histórico e Diplomático do Itamaraty","","","true","e62ebd3d-9dab-4818-9a28-2a37406409a1","https://tysnkzmljlmmqpbotkxv.supabase.co/storage/v1/object/public/travel-app-images/wikimedia-41e8b592/museu-histrico-e-diplomtico-do-filearx-principi-gui-1757527188237-1.jpg","","3095"
"c0e21f53-a3e8-4c52-974a-55ef6aeb5bc8","Parque Arqueológico Itacoatiara do Ingá","","","true","bf6181f6-d5ff-4145-a0a5-8e494f38f9d6","https://tysnkzmljlmmqpbotkxv.supabase.co/storage/v1/object/public/travel-app-images/wikimedia-c0e21f53/parque-arqueolgico-itacoatiara-filea-pedra-do-ing-e-1757527192525-1.jpg","","2278"
"7d2a83c6-57e6-4759-87ef-abe22d44a8cd","Arcos da Orla","","","true","8458e3e5-3cba-4619-8683-3e2d906a36e8","https://tysnkzmljlmmqpbotkxv.supabase.co/storage/v1/object/public/travel-app-images/wikimedia-7d2a83c6/arcos-da-orla-filearcos-da-orla-ar-1757527196264-1.jpg","","3502"
"c84df6ef-b0d5-47b4-a0e3-b0de4474e273","Pedra do Tendó","","","true","2abdaedf-d764-4065-bd98-577a6e1797d1","https://tysnkzmljlmmqpbotkxv.supabase.co/storage/v1/object/public/travel-app-images/wikimedia-c84df6ef/pedra-do-tend-file26-09-2020-foto--1757527201321-1.jpg","","5553"
"b8e9bfa7-299c-4ced-8cc4-4a310c7366bf","Museu Abelardo Rodrigues","","","true","d80b1a8e-d983-4b5c-8602-a0f15ab04abe","https://tysnkzmljlmmqpbotkxv.supabase.co/storage/v1/object/public/travel-app-images/wikimedia-b8e9bfa7/museu-abelardo-rodrigues-filemuseo-abelardo-r-1757527207464-1.jpg","","3711"
"28d1d5ca-81ef-499b-806a-3c53c8a0d595","Fundação Casa de Jorge Amado","","","true","c5e4a8d6-c477-4cd9-9acf-7b578842e47f","https://tysnkzmljlmmqpbotkxv.supabase.co/storage/v1/object/public/travel-app-images/wikimedia-28d1d5ca/fundao-casa-de-jorge-amado-file2023fundao-casa--1757527211961-1.jpg","","3677"
"2fd60e34-5520-41c3-80b7-eb9c5fe89231","Museu da Gastronomia Baiana","","","true","7a3a2ef7-50f2-466a-8623-500c0bc05f8c","https://tysnkzmljlmmqpbotkxv.supabase.co/storage/v1/object/public/travel-app-images/wikimedia-2fd60e34/museu-da-gastronomia-baiana-filealexius-salvador-1757527216340-1.jpg","","2614"
"da63bb29-59eb-46c9-b1b8-8ca922c3c8f8","Teatro Miguel Santana","","","true","71ebc85f-9d42-41ea-bc18-fb6c5549b6c8","https://tysnkzmljlmmqpbotkxv.supabase.co/storage/v1/object/public/travel-app-images/wikimedia-da63bb29/teatro-miguel-santana-filebal-folclrico-da-1757527220494-1.jpg","","6786"
"20f10fd7-5d3b-44ee-acd2-6ab02c13b3cb","Pico do Jabre","","","true","33a97b83-459d-4852-8c69-15f600e0fb28","https://tysnkzmljlmmqpbotkxv.supabase.co/storage/v1/object/public/travel-app-images/wikimedia-20f10fd7/pico-do-jabre-filealto-do-pico-do--1757527232447-1.jpg","","5225"
"b94c2376-2abc-400e-8af7-16e1a4986970","Ponta do Humaitá","","","true","40806458-2bc7-4ddf-9981-8d02cc955f02","https://tysnkzmljlmmqpbotkxv.supabase.co/storage/v1/object/public/travel-app-images/wikimedia-b94c2376/ponta-do-humait-fileapreciando-o-pr--1757527237761-1.jpg","","2453"
"8d579ec5-dfc5-4ec9-8ba2-497b5c99d1ba","Museu de Arte Popular","","","true","03275c88-0005-405a-a332-39da22b19a80","https://tysnkzmljlmmqpbotkxv.supabase.co/storage/v1/object/public/travel-app-images/wikimedia-8d579ec5/museu-de-arte-popular-fileaude-velho-e-mus-1757527241499-1.jpg","","4180"
"17a9d4c4-a945-412c-8006-f6167592cabf","Museu de Arqueologia de Itaipu","","","true","b2b6b723-5cf9-4d57-8832-7530e912ad05","https://tysnkzmljlmmqpbotkxv.supabase.co/storage/v1/object/public/travel-app-images/wikimedia-17a9d4c4/museu-de-arqueologia-de-itaipu-filemai-exposiojpg-1757527246944-1.jpg","","3295"
"7b3416e4-5bfb-4680-8613-c52e69cc12eb","Juscelino Kubitschek","","","true","3040c008-4913-44e8-b283-71925ed55edb","https://tysnkzmljlmmqpbotkxv.supabase.co/storage/v1/object/public/travel-app-images/wikimedia-7b3416e4/juscelino-kubitschek-fileat-rio-de-janeir-1757527252112-1.jpg","","5118"
"00ca0d87-a97e-4c16-a10d-483bb5474a5c","Pico do Papagaio","","","true","bef8321e-918f-4e0e-ba81-93b678300921","https://tysnkzmljlmmqpbotkxv.supabase.co/storage/v1/object/public/travel-app-images/wikimedia-00ca0d87/pico-do-papagaio-filecaminho-para-o-p-1757527257556-1.jpg","","4276"
"2d8bb19f-81a3-4ef4-9630-64762f552861","Pedra da Macela","","","true","9d2b1e52-5fc9-42a0-b7b0-77871c2b45ad","https://tysnkzmljlmmqpbotkxv.supabase.co/storage/v1/object/public/travel-app-images/wikimedia-2d8bb19f/pedra-da-macela-filecunha-pedra-da-m-1757527262519-1.jpg","","4278"
"84916f65-e30c-465a-98a3-56b7101e5ff9","Teatro Espaço","","","true","14d5fce9-1bae-4355-9f4b-d10f52931414","https://tysnkzmljlmmqpbotkxv.supabase.co/storage/v1/object/public/travel-app-images/wikimedia-84916f65/teatro-espao-filecentro-hist-de-p-1757527267943-1.jpg","","3533"
"792bbfd4-ef9a-4665-b5e8-a07bc1f437e0","Morro do Sacopã","","","true","44a1f494-d626-463e-b751-c6f89ef2fff9","https://tysnkzmljlmmqpbotkxv.supabase.co/storage/v1/object/public/travel-app-images/wikimedia-792bbfd4/morro-do-sacop-filepanorama-from-ri-1757527272009-1.jpg","","3969"
"4cdf2ba0-33c7-4d3a-a0c9-38a99496931b","Museu das Bandeiras","","","true","9c74d35a-8f6a-44e0-b4f5-cd8c7908e267","https://tysnkzmljlmmqpbotkxv.supabase.co/storage/v1/object/public/travel-app-images/wikimedia-4cdf2ba0/museu-das-bandeiras-filecasa-de-cmara-e--1757527277046-1.jpg","","2708"
"92b41ac8-40d4-4daf-ac09-620e7e9e5d4f","Museu do Catetinho","","","true","963f6e45-ace6-4dbc-8986-b735ee92042e","https://tysnkzmljlmmqpbotkxv.supabase.co/storage/v1/object/public/travel-app-images/wikimedia-92b41ac8/museu-do-catetinho-filea-cozinha-do-cat-1757527284942-1.jpg","","3700"
"c10fc4cd-72e0-45ad-b2af-dbf103850bf1","Pedra Fundamental de Brasília","","","true","ffbee01e-3729-4302-950b-a33665c3510c","https://tysnkzmljlmmqpbotkxv.supabase.co/storage/v1/object/public/travel-app-images/wikimedia-c10fc4cd/pedra-fundamental-de-braslia-file360pedra-fundame-1757527290186-1.jpg","","5162"
"40e1d022-3523-49d4-89ff-dac8f900ccb0","Complexo Cultural da República","","","true","10463ac9-f28b-451f-9adf-9e840aa820ad","https://tysnkzmljlmmqpbotkxv.supabase.co/storage/v1/object/public/travel-app-images/wikimedia-40e1d022/complexo-cultural-da-repblica-filebiblioteca-nacio-1757527296692-1.jpg","","3969"
"122353aa-52e7-4d5c-9873-369225f85cea","Espaço Cultural Lúcio Costa - Maquete de Brasília","","","true","26c45e2a-9d19-4470-ae31-0e3ed534d8d8","https://tysnkzmljlmmqpbotkxv.supabase.co/storage/v1/object/public/travel-app-images/wikimedia-122353aa/espao-cultural-lcio-costa-maqu-file20211012-mg-6626-1757527301415-1.jpg","","5277"
"43fba817-7265-4b5a-ac0d-948d012da9a3","Pombal","","","false","","","Edge function error: Edge Function returned a non-2xx status code","633"
"a9d2b37a-e891-4fa0-a8af-13c37e3dfe9f","Museu Casa Guignard","","","true","3cd2ed0f-67b5-4adb-b5fc-5b4aac2df001","https://tysnkzmljlmmqpbotkxv.supabase.co/storage/v1/object/public/travel-app-images/wikimedia-a9d2b37a/museu-casa-guignard-filemuseucasaguignar-1757527308176-1.jpg","","2697"
"3a02a15f-04a4-473c-9563-53b26c1c8ce7","Igreja da Ordem Terceira da Santíssima Trindade","","","true","d800b8e3-a138-4e6e-a34e-0643c159519a","https://tysnkzmljlmmqpbotkxv.supabase.co/storage/v1/object/public/travel-app-images/wikimedia-3a02a15f/igreja-da-ordem-terceira-da-sa-filedeteriorao-da-ig-1757527312480-1.jpg","","2933"
"d9987fe2-78fb-492c-bf2f-b0e09939d8e5","Teatro Jorge Amado","","","true","cc6524c9-9907-4ccc-80f3-16446b8205b7","https://tysnkzmljlmmqpbotkxv.supabase.co/storage/v1/object/public/travel-app-images/wikimedia-d9987fe2/teatro-jorge-amado-fileteatro-jorge-ama-1757527316595-1.jpg","","3622"
"c73fdaf6-72de-4fec-8032-12a82b554b30","A Justiça","","","true","7699c26e-a796-4c04-a041-38cd37293e06","https://tysnkzmljlmmqpbotkxv.supabase.co/storage/v1/object/public/travel-app-images/wikimedia-c73fdaf6/a-justia-file20150201-brasili-1757527321229-1.jpg","","4329"
"046ee61c-0b23-4dd1-8686-2cd874e21fea","Forte São Pedro","","","true","dda8196e-2e8c-4b48-8101-aff896e0f420","https://tysnkzmljlmmqpbotkxv.supabase.co/storage/v1/object/public/travel-app-images/wikimedia-046ee61c/forte-so-pedro-fileforte-de-so-pedr-1757527326549-1.jpg","","5477"
"0c056c96-eaac-47b4-877f-9a08943474d5","Igreja Nossa Senhora da Escada","","","true","6b2d62a8-5155-456f-9657-9e6d51ab9bc5","https://tysnkzmljlmmqpbotkxv.supabase.co/storage/v1/object/public/travel-app-images/wikimedia-0c056c96/igreja-nossa-senhora-da-escada-filecapela-de-nossa--1757527337192-1.jpg","","3753"
"4f85a60e-27d7-480b-af67-f0f187ceac83","Igreja Nossa Senhora do Monte","","","true","aca44bdf-672a-4875-a84f-8815aed249c8","https://tysnkzmljlmmqpbotkxv.supabase.co/storage/v1/object/public/travel-app-images/wikimedia-4f85a60e/igreja-nossa-senhora-do-monte-filefachada-da-igrej-1757527341436-1.jpg","","4586"
"7ef385bd-0348-4489-85d3-3f8cca8c12db","Estátua de Marechal Juarez Távora","","","true","cf4e234d-6b95-44b3-922f-9e2d1a8fd578","https://tysnkzmljlmmqpbotkxv.supabase.co/storage/v1/object/public/travel-app-images/wikimedia-7ef385bd/esttua-de-marechal-juarez-tvor-file131038jpgmaior-c-1757527346457-1.jpg","","2212"
"62024cf0-8057-49c8-8501-63adc1037e5b","Saltos del Moconá","","","true","716d5e6e-304a-4ac9-9785-d846291dc8fd","https://tysnkzmljlmmqpbotkxv.supabase.co/storage/v1/object/public/travel-app-images/wikimedia-62024cf0/saltos-del-mocon-filecascatas-salto-d-1757527350206-1.jpg","","3799"
"6882de0e-7a20-4961-aa0a-1318440190c9","Igreja de São Francisco da Prainha","","","true","26b8e3a9-b86d-4b97-bacd-e32e2dc51117","https://tysnkzmljlmmqpbotkxv.supabase.co/storage/v1/object/public/travel-app-images/wikimedia-6882de0e/igreja-de-so-francisco-da-prai-filefachada-da-igrej-1757527355357-1.jpg","","4069"
"8279e106-9791-4c70-91c4-a2cf3d6fa4b8","Praça do Voluntário","","","false","","","Edge function error: Edge Function returned a non-2xx status code","755"
"d2e75d9b-8122-4f50-8e4a-4b2f4a242515","Igreja Matriz de São Miguel e Almas","","","false","","","Edge function error: Edge Function returned a non-2xx status code","511"
"6a651f50-deb7-4cf8-a45f-d82188d973b2","Igreja Matriz de Nossa Senhora da Conceição","","","true","1d05f66d-0aeb-46e7-bb52-52f8ceaa2756","https://tysnkzmljlmmqpbotkxv.supabase.co/storage/v1/object/public/travel-app-images/wikimedia-6a651f50/igreja-matriz-de-nossa-senhora-fileigreja-de-nossa--1757527363604-1.jpg","","3878"
"01590680-bd96-47b3-afdd-7c342f0f7ce0","Museu de Cabangu","","","true","8208e3b1-0d8e-43f8-8800-b8713e99f0a7","https://tysnkzmljlmmqpbotkxv.supabase.co/storage/v1/object/public/travel-app-images/wikimedia-01590680/museu-de-cabangu-filecabangu-croppedj-1757527367756-1.jpg","","2708"
"ec1e2853-1f24-4c47-9330-941dcb0e78d8","Marco das Três Fronteiras","","","false","","","Edge function error: Edge Function returned a non-2xx status code","495"
"4a6b8c58-9687-445a-a72d-1ee01f3128fa","Grande Sala","","","false","","","Edge function error: Edge Function returned a non-2xx status code","562"
"0004411f-b2b3-4d8c-9074-461e066d7976","Sala de Leitura","","","true","a41041af-c41e-4019-ad00-701abbf04559","https://tysnkzmljlmmqpbotkxv.supabase.co/storage/v1/object/public/travel-app-images/wikimedia-0004411f/sala-de-leitura-filecidade-das-artes-1757527380046-1.jpg","","5613"
"2eb7cdfb-0038-40ca-bea4-15ea087c419c","Museu da Polícia Civil","","","false","","","Edge function error: Edge Function returned a non-2xx status code","40288"
"4454254b-1af8-4e2e-b14b-2d2496357e9a","Obelisco Militar de Brasília","","","false","","","Edge function error: Edge Function returned a non-2xx status code","435"
"cc081e62-f3f3-485c-9f76-8de948633c41","Mirante do Sacopã","","","true","2b74aa62-54ef-4d71-a6d9-c467ca6f6c23","https://tysnkzmljlmmqpbotkxv.supabase.co/storage/v1/object/public/travel-app-images/wikimedia-cc081e62/mirante-do-sacop-fileo-mirante-do-sac-1757527428697-1.jpg","","3543"
"4bc187f8-1487-4ece-aba8-f51660667423","Noel Rosa","","","true","87da9779-5247-4e52-b9fa-52426d1f2a85","https://tysnkzmljlmmqpbotkxv.supabase.co/storage/v1/object/public/travel-app-images/wikimedia-4bc187f8/noel-rosa-fileestatua-noel-ros-1757527432927-1.jpg","","3426"
"c6a7d23f-d789-4812-853e-06ab0be8d9cc","Ludwik Lejzer Zamenhof","","","false","","","Edge function error: Edge Function returned a non-2xx status code","768"
"15f2e9e6-5de5-4646-8c05-a17fe43421de","Igreja Ortodoxa São Jorge","","","true","3aca15bd-0b25-4231-bb4e-88c9b483a1cd","https://tysnkzmljlmmqpbotkxv.supabase.co/storage/v1/object/public/travel-app-images/wikimedia-15f2e9e6/igreja-ortodoxa-so-jorge-fileigreja-ortodoxa--1757527439188-1.jpg","","2862"
"a3a356e0-d6ac-41e2-bd5d-3f3d8c81ce85","Museu do Mar","","","true","83e7f55f-ecb8-4995-9937-eab8c62d37be","https://tysnkzmljlmmqpbotkxv.supabase.co/storage/v1/object/public/travel-app-images/wikimedia-a3a356e0/museu-do-mar-filejardim-de-entrad-1757527443152-1.jpg","","3908"
"79ad0ece-c122-4f33-8eca-9f9cb93a496c","Fazenda São Bernardino","","","true","e11ee1c3-003d-4ab6-ba23-c5b1fa4ad328","https://tysnkzmljlmmqpbotkxv.supabase.co/storage/v1/object/public/travel-app-images/wikimedia-79ad0ece/fazenda-so-bernardino-filecasaro-vila-de-c-1757527453357-1.jpg","","8626"
"4513e234-b8c1-41fd-9277-9f50a44605a9","Igreja de Nossa Senhora da Penha","","","true","711db158-7821-48fb-b8dd-c647dbadb1d5","https://tysnkzmljlmmqpbotkxv.supabase.co/storage/v1/object/public/travel-app-images/wikimedia-4513e234/igreja-de-nossa-senhora-da-pen-fileigreja-nossa-sen-1757527461402-1.jpg","","3029"
"c170df50-df31-419b-a037-8d7eaae0c813","Capela Dourada","","","true","ce2a975e-e29a-4b8e-97bc-33b5e008769f","https://tysnkzmljlmmqpbotkxv.supabase.co/storage/v1/object/public/travel-app-images/wikimedia-c170df50/capela-dourada-filebruno-lima-capel-1757527466236-1.jpg","","4664"
"7b5703bf-772e-440f-883e-8f5bd9cab5ea","Museu da Música Brasileira","","","true","ed55a828-d8a6-45df-abd5-4af8d8a4f3bf","https://tysnkzmljlmmqpbotkxv.supabase.co/storage/v1/object/public/travel-app-images/wikimedia-7b5703bf/museu-da-msica-brasileira-fileinstituto-acm-08-1757527471475-1.jpg","","3604"
"f4348741-58ce-486e-8e71-efffd6564594","À Paz, Ampulheta","","","true","fa1837b3-c86b-4cec-a544-4a37a983ee4a","https://tysnkzmljlmmqpbotkxv.supabase.co/storage/v1/object/public/travel-app-images/wikimedia-f4348741/-paz-ampulheta-filemonumento-a-paz--1757527475379-1.jpg","","3029"
"4785fdae-375f-493e-a25f-735732a05e4b","Ana Carolina da Costa Lino","","","true","96d40ae6-3bec-4c4e-96a6-fdbf33649b54","https://tysnkzmljlmmqpbotkxv.supabase.co/storage/v1/object/public/travel-app-images/wikimedia-4785fdae/ana-carolina-da-costa-lino-fileana-carolina-rio-1757527481064-1.jpg","","5350"
"04f788ea-8b65-436f-83f3-4270d9128942","Canto das Sereias","","","true","8d25f60a-dafd-4dd1-8c8f-b07fefd931e1","https://tysnkzmljlmmqpbotkxv.supabase.co/storage/v1/object/public/travel-app-images/wikimedia-04f788ea/canto-das-sereias-filecanto-das-sereia-1757527486782-1.jpg","","4383"
"0046a417-8e0b-4ed9-a9e9-5af913bd7c0b","Museu do Homen do Nordeste","","","true","d7a02a06-232a-4ce3-8b6d-5f7d32e3eb5e","https://tysnkzmljlmmqpbotkxv.supabase.co/storage/v1/object/public/travel-app-images/wikimedia-0046a417/museu-do-homen-do-nordeste-filefachada-do-muhne-1757527491128-1.jpg","","3188"
"67d60edb-0a9b-4b9c-882a-5ac999faf739","Cruz Caída","","","true","ffbac1c0-dbbe-4e8c-8f7e-1f9a076f81f7","https://tysnkzmljlmmqpbotkxv.supabase.co/storage/v1/object/public/travel-app-images/wikimedia-67d60edb/cruz-cada-filealexius-cruz-cai-1757527495424-1.jpg","","2726"
"9ce97aae-a0ab-4d49-a694-ea7521dc9328","Museu Penitenciário do Estado do Rio de Janeiro","","","true","3952ce97-2def-4ec3-9ae8-c3779a0f98d3","https://tysnkzmljlmmqpbotkxv.supabase.co/storage/v1/object/public/travel-app-images/wikimedia-9ce97aae/museu-penitencirio-do-estado-d-file20181217portico--1757527499746-1.jpg","","3823"
"d3dbb167-e8fe-4d78-93b2-17eb38830929","Casa Museu Pedro Américo","","","true","127cd437-e92d-485f-bb50-d9ce63628624","https://tysnkzmljlmmqpbotkxv.supabase.co/storage/v1/object/public/travel-app-images/wikimedia-d3dbb167/casa-museu-pedro-amrico-filecasa-de-pedro-am-1757527503779-1.jpg","","2150"
"91c55870-458b-416a-b3ed-be7b948caabc","Teatro ICBA","","","true","826b04cb-4512-4b07-a3fe-5f94eab6b485","https://tysnkzmljlmmqpbotkxv.supabase.co/storage/v1/object/public/travel-app-images/wikimedia-91c55870/teatro-icba-fileteatro-icba-salv-1757527511630-1.jpg","","3328"
"db081dd6-1ab1-4f9a-97d1-48e7f8e8cec4","Iemanjá","","","true","4967cae4-7c7a-42c2-9ba8-c60b90b52747","https://tysnkzmljlmmqpbotkxv.supabase.co/storage/v1/object/public/travel-app-images/wikimedia-db081dd6/iemanj-fileescultura-yemanj-1757527516172-1.jpg","","4216"
"927ce6d3-604d-4100-adac-7c36f1dd2d9b","Museu da Cidade do Recife","","","true","f9913d32-88d3-4543-8618-2c69ecffa6a6","https://tysnkzmljlmmqpbotkxv.supabase.co/storage/v1/object/public/travel-app-images/wikimedia-927ce6d3/museu-da-cidade-do-recife-fileapr2024-recife-c-1757527521496-1.jpg","","3744"
"91c45228-06ba-4024-932d-75f260d1ab3a","Dom Pedro Fernandes Sardinha","","","false","","","Edge function error: Edge Function returned a non-2xx status code","701"
"bb8023f7-5348-416f-92c3-b181aa71f164","Tortura Nunca Mais","","","true","103ca905-5277-4ac5-8ec7-c7f1750ea0f4","https://tysnkzmljlmmqpbotkxv.supabase.co/storage/v1/object/public/travel-app-images/wikimedia-bb8023f7/tortura-nunca-mais-file20220703-monumen-1757527527823-1.jpg","","4137"
"575b5902-c72d-467b-8f6b-113417917f4e","Estrella","","","true","79a79feb-64b5-4ec2-aa05-e105257abe5c","https://tysnkzmljlmmqpbotkxv.supabase.co/storage/v1/object/public/travel-app-images/wikimedia-575b5902/estrella-filemanon-lescaut-bd-1757527533726-1.pdf","","6358"
"6ae88715-e3e6-4cda-82b0-c6c186a551e3","José de Anchieta","","","true","1a4edf49-c4ab-47a7-ab11-30d11aaf78f7","https://tysnkzmljlmmqpbotkxv.supabase.co/storage/v1/object/public/travel-app-images/wikimedia-6ae88715/jos-de-anchieta-fileestatua-de-jos-d-1757527539840-1.jpg","","3091"
"98900723-cceb-4f42-9071-4480deddcaf4","Igreja Matriz do Sagrado Coração de Jesus","","","false","","","Edge function error: Edge Function returned a non-2xx status code","536"
"ded31a82-efcd-4adf-8675-2615a2084877","Centro de Atendimento ao Turista","","","true","b8a3bc6c-6250-4861-867b-adac6255c28e","https://tysnkzmljlmmqpbotkxv.supabase.co/storage/v1/object/public/travel-app-images/wikimedia-ded31a82/centro-de-atendimento-ao-turis-filewiki-takes-santa-1757527546076-1.jpg","","10161"
"35dfe900-dad3-4489-84e4-e7dc8ca443ee","Teatro da Universidade Católica","","","false","","","Edge function error: Edge Function returned a non-2xx status code","534"
"d06a0596-37f4-415c-8df0-873f4024572a","Museu da Vida","","","false","","","Edge function error: Edge Function returned a non-2xx status code","9644"
"82a70b53-50bd-4eb7-99b7-e5845820da11","Martim Lutero","","","true","add2d5bc-1c9f-4f42-a27f-29392cc99b75","https://tysnkzmljlmmqpbotkxv.supabase.co/storage/v1/object/public/travel-app-images/wikimedia-82a70b53/martim-lutero-filebusto-martim-lut-1757527573151-1.jpg","","3174"
"f0bcd40b-b6be-4a5f-9a57-3dc5dcb5115f","Capela Nossa Senhora da Guia","","","true","edbecab1-be02-4fcd-b855-2fe634b6f6e7","https://tysnkzmljlmmqpbotkxv.supabase.co/storage/v1/object/public/travel-app-images/wikimedia-f0bcd40b/capela-nossa-senhora-da-guia-filecabo-frio-rj-bra-1757527577222-1.jpg","","3016"
"b32ade88-6cea-4bc7-8bb6-260b12f18782","Museu Terra do rei","","","false","","","Edge function error: Edge Function returned a non-2xx status code","518"
"71e19b73-18be-4ff4-a88b-87b7ded280d5","Portico de entrada da cidade de Rio Grande","","","false","","","Edge function error: Edge Function returned a non-2xx status code","653"
"c02f7cdd-f0a1-443b-ac82-12c671325d67","Busto de Bartlet James","","","true","d4f92aba-1310-480b-8916-765f275f3e23","https://tysnkzmljlmmqpbotkxv.supabase.co/storage/v1/object/public/travel-app-images/wikimedia-c02f7cdd/busto-de-bartlet-james-file20141113-praa-sa-1757527584243-1.jpg","","3038"
"b90e0bee-374d-4367-b13a-ad7b5180b6f8","Busto de Rui Barbosa","","","false","","","Edge function error: Edge Function returned a non-2xx status code","694"
"18de98a3-c1d4-4cba-88a0-c01a902bdb1c","Independência ou Morte","","","false","","","Edge function error: Edge Function returned a non-2xx status code","577"
"ea3e3ade-c46f-4809-abd1-006c396705e2","Patrulha do Sgt Max Wolf Filho","","","false","","","Edge function error: Edge Function returned a non-2xx status code","592"
"b1a71c58-5757-4067-981c-2e7aa81320a2","São Paulo em 1841","","","true","14a46dd1-2ce0-4033-8be0-c592275b69c4","https://tysnkzmljlmmqpbotkxv.supabase.co/storage/v1/object/public/travel-app-images/wikimedia-b1a71c58/so-paulo-em-1841-filemodel-of-old-so--1757527593212-1.jpg","","4491"
"4ec7f18c-89c2-41ee-98bf-fae8ded89336","Maria Fumaça","","","false","","","Edge function error: Edge Function returned a non-2xx status code","807"
"b991c555-dc7d-48d0-8016-f1ab83ea9f91","Discóbolo","","","true","bb29d877-28f4-447d-9bf9-63b94b81d180","https://tysnkzmljlmmqpbotkxv.supabase.co/storage/v1/object/public/travel-app-images/wikimedia-b991c555/discbolo-filezur-kunstgeschic-1757527604197-1.pdf","","3264"
"c3a88d84-6db0-4db8-8029-49fa6a91153e","Sargento dos Voluntários da Pátria","","","true","16fc4977-a652-4729-ba25-ba5c6dc026ce","https://tysnkzmljlmmqpbotkxv.supabase.co/storage/v1/object/public/travel-app-images/wikimedia-c3a88d84/sargento-dos-voluntrios-da-ptr-file12voljpg-1757527608320-1.jpg","","2217"
"6f2968a4-0274-472a-b0b8-644288aa2caf","Monsenhor José Guimarães Fonseca","","","false","","","Edge function error: Edge Function returned a non-2xx status code","588"
"50207549-546d-4241-b39b-ed80c4761136","Simon Bolívar","","","true","d2f442ba-3f62-496f-bb38-fe078cd6e7a0","https://tysnkzmljlmmqpbotkxv.supabase.co/storage/v1/object/public/travel-app-images/wikimedia-50207549/simon-bolvar-filebolivarriojpg-1757527613413-1.jpg","","3096"
"61060310-af1e-437a-87eb-724ef9c2bb0b","Museu do Mar Aleixo Belov","","","true","9499a699-6bda-47e7-aeee-c5a8f82539ba","https://tysnkzmljlmmqpbotkxv.supabase.co/storage/v1/object/public/travel-app-images/wikimedia-61060310/museu-do-mar-aleixo-belov-filemuseu-do-mar-ale-1757527618321-1.jpg","","4016"
"97eb7eed-fcee-423d-885c-bea93a79b2da","Poesia em Ruínas","","","true","a58ecfab-a06b-43d7-b9ce-8ab726f68ff7","https://tysnkzmljlmmqpbotkxv.supabase.co/storage/v1/object/public/travel-app-images/wikimedia-97eb7eed/poesia-em-runas-filepoesia-em-runas--1757527623414-1.jpg","","4020"
"6b9f4f6c-50bc-4584-9001-ca99a4dbad00","Marco do Centenário de Criação da Diocese de Caetité","","","false","","","Edge function error: Edge Function returned a non-2xx status code","516"
"1afddd4e-2e0f-4c99-a20d-b01e6d994e70","Barra do Peperi","","","false","","","Edge function error: Edge Function returned a non-2xx status code","507"
"b350140b-1dde-462c-b61f-ee1c54d23b00","Resistir é Preciso","","","false","","","Edge function error: Edge Function returned a non-2xx status code","582"
"e602d54a-e684-4503-94f5-3ac0f916f1b7","L. L. Zamenhof","","","true","88f508aa-1f37-4409-9339-212bcf757e17","https://tysnkzmljlmmqpbotkxv.supabase.co/storage/v1/object/public/travel-app-images/wikimedia-e602d54a/l-l-zamenhof-filepraa-zamenhof-be-1757527636209-1.jpg","","3430"
"18c49677-2326-4675-a4d7-e28344ed2ace","Rede Comunitária de Educação e Pesquisa","","","false","","","Edge function error: Edge Function returned a non-2xx status code","563"
"edbb8e21-0968-4fe4-93bd-c52a48316da2","Mural Corcovado","","","true","75f4a6b7-a75a-4c45-9269-84e527d8d135","https://tysnkzmljlmmqpbotkxv.supabase.co/storage/v1/object/public/travel-app-images/wikimedia-edbb8e21/mural-corcovado-filemural-corcovado--1757527643492-1.jpg","","4962"
"fc8dcc40-ac6d-42c7-bb7e-df949fb3a316","Álvaro Reis","","","true","c5024350-e52b-45e0-99b1-4290dae8b35c","https://tysnkzmljlmmqpbotkxv.supabase.co/storage/v1/object/public/travel-app-images/wikimedia-fc8dcc40/lvaro-reis-filelvaro-reis-rio-d-1757527648825-1.jpg","","4945"
"d4aecddd-697d-40e0-8a16-b794b8d32951","Cápsula do Tempo (1972–2022)","","","false","","","Edge function error: Edge Function returned a non-2xx status code","575"
"35678299-e407-48d8-a831-ec695f54355e","Rubens Paiva","","","true","677256cf-9f08-4b49-92d9-b183fa4b046f","https://tysnkzmljlmmqpbotkxv.supabase.co/storage/v1/object/public/travel-app-images/wikimedia-35678299/rubens-paiva-file008-mortos-agent-1757527656055-1.pdf","","3487"
"b956fee7-4c61-42a3-aa32-6eab35d1c413","Lamartine Babo","","","true","4e3ee5dd-bbbf-4d05-8d3e-175632236720","https://tysnkzmljlmmqpbotkxv.supabase.co/storage/v1/object/public/travel-app-images/wikimedia-b956fee7/lamartine-babo-filelamartine-babo-1-1757527659844-1.tif","","3491"
"6b038257-7a42-46d2-ba19-6e89781193cf","Fidelidade","","","true","b8a76614-2d10-449c-9ca0-206fbcea2196","https://tysnkzmljlmmqpbotkxv.supabase.co/storage/v1/object/public/travel-app-images/wikimedia-6b038257/fidelidade-filefidelidade-rio-d-1757527665303-1.jpg","","3378"
"5fd93c7c-f817-4bd6-b313-6ebdcf890a39","Paróquia Bom Samaritano","","","true","cb23773e-0be5-4946-84cf-73bd0168ede9","https://tysnkzmljlmmqpbotkxv.supabase.co/storage/v1/object/public/travel-app-images/wikimedia-5fd93c7c/parquia-bom-samaritano-fileparquia-bom-sama-1757527669987-1.jpg","","4551"
"ad8d895d-2891-46a0-83ba-b0c9838f601e","La Dama y el Caballo","","","false","","","Edge function error: Edge Function returned a non-2xx status code","638"
"533b6493-4937-4285-b9fe-6964f1d07318","APM - Arquivo Público Municipal de Campos dos Goytacazes - Waldir Pinto de Carvalho","","","true","3795eacb-96a2-4083-954b-7af6b3a0d525","https://tysnkzmljlmmqpbotkxv.supabase.co/storage/v1/object/public/travel-app-images/wikimedia-533b6493/apm-arquivo-pblico-municipal-d-filearquivo-municipa-1757527680214-1.jpg","","2986"
"588a5c87-64c7-431e-a180-e9d9a394807c","Condor","","","true","7fc8dc79-168b-436f-aafd-a27e357bde53","https://tysnkzmljlmmqpbotkxv.supabase.co/storage/v1/object/public/travel-app-images/wikimedia-588a5c87/condor-fileat-so-paulo-braz-1757527684623-1.jpg","","4284"
"b48d8c22-6415-458d-9308-0b1bf9c50eee","Estátua de Tim Maia","","","true","0d584877-fda7-4053-b2fb-3a76164f1a69","https://tysnkzmljlmmqpbotkxv.supabase.co/storage/v1/object/public/travel-app-images/wikimedia-b48d8c22/esttua-de-tim-maia-fileesttua-de-tim-ma-1757527690027-1.jpg","","4178"
"ff6fd862-bdf0-467f-8a7f-c02a39d1c23c","Museu do Cristal de Blumenau","","","false","","","Edge function error: Edge Function returned a non-2xx status code","515"
"1e360a2a-11a8-460a-84ea-2d102d392eb0","Rolo Compressor, Máquina a Vapor","","","true","35e8d4b1-4812-4eb7-aeaf-94178dd49028","https://tysnkzmljlmmqpbotkxv.supabase.co/storage/v1/object/public/travel-app-images/wikimedia-1e360a2a/rolo-compressor-mquina-a-vapor-filerolo-compressor--1757527696236-1.jpg","","3505"
"1a7e37ae-8d4d-4375-9c73-aaf16377165c","Imagem Nossa Senhora Aparecida","","","true","b4d90ba2-868f-4bc7-a473-344b07338dc2","https://tysnkzmljlmmqpbotkxv.supabase.co/storage/v1/object/public/travel-app-images/wikimedia-1a7e37ae/imagem-nossa-senhora-aparecida-filecelebrando-pente-1757527700357-1.jpg","","2170"
"4a2bca53-a830-4fc5-95b0-2fce723f8030","Hospital e Igreja da Misericórdia de Santos","","","true","f1992e7e-707b-4e61-9ecf-15cd71e6cd22","https://tysnkzmljlmmqpbotkxv.supabase.co/storage/v1/object/public/travel-app-images/wikimedia-4a2bca53/hospital-e-igreja-da-misericrd-fileaudio-file-hospi-1757527703562-1.ogg","","1831"
"68317cf0-b7a0-4495-9bdb-28d5d94ab41b","Capela de São Miguel Paulista","","","true","435d8a69-59e1-4222-88a7-a40f515c35bd","https://tysnkzmljlmmqpbotkxv.supabase.co/storage/v1/object/public/travel-app-images/wikimedia-68317cf0/capela-de-so-miguel-paulista-file100-2347-capela--1757527706500-1.jpg","","2907"
"8404c695-5cb2-4f7f-8b9d-67a855d5317c","Locobreque","","","false","","","Edge function error: Edge Function returned a non-2xx status code","761"
"573cdaa4-b3ab-4668-a151-a3cfd284b6f9","Desembarque de Pedro Álvares Cabral em Porto Seguro em 1500","","","true","d1d930e4-a185-4aae-89bb-8de619326794","https://tysnkzmljlmmqpbotkxv.supabase.co/storage/v1/object/public/travel-app-images/wikimedia-573cdaa4/desembarque-de-pedro-lvares-ca-fileaudio-file-of-de-1757527712178-1.ogg","","3099"
"e5259ba4-ee0c-42e6-be4d-0fdcd2ec52d4","Marco Padrão","","","true","09c0a116-da83-4b60-899c-c8eb28382421","https://tysnkzmljlmmqpbotkxv.supabase.co/storage/v1/object/public/travel-app-images/wikimedia-e5259ba4/marco-padro-fileat-so-vicente-20-1757527720607-1.jpg","","4524"
"c4edcf36-f038-4e2b-9643-7b7d0ab70973","9º Encontro de Monções no Sertão","","","true","3092aeb2-f31e-43ac-bea6-986ed6356de3","https://tysnkzmljlmmqpbotkxv.supabase.co/storage/v1/object/public/travel-app-images/wikimedia-c4edcf36/9-encontro-de-mones-no-serto-fileaudio-file-of-9--1757527726230-1.ogg","","2953"
"2addfb31-0e21-480a-aed4-12faecb71928","Monumento a João Ramalho","","","true","45baa40d-587d-4002-af0c-b618acac79ae","https://tysnkzmljlmmqpbotkxv.supabase.co/storage/v1/object/public/travel-app-images/wikimedia-2addfb31/monumento-a-joo-ramalho-filefundador-da-cida-1757527729384-1.jpg","","1479"
"f5aae419-12d2-4582-83d1-bb390c685541","Monumento 80 anos da Imigração Japonesa","","","false","","","Edge function error: Edge Function returned a non-2xx status code","582"
"7b8459d5-ce4c-48eb-9afe-3a4277182ff6","Soldado da Legião Paulista na Cisplatina e Gaúcho","","","true","76aadcaa-7486-4570-b778-136540d9311b","https://tysnkzmljlmmqpbotkxv.supabase.co/storage/v1/object/public/travel-app-images/wikimedia-7b8459d5/soldado-da-legio-paulista-na-c-fileaudio-file-of-so-1757527735551-1.wav","","7889"
"30425e96-ff49-4970-b095-1d39020ebc23","Retrato de Dona Leopoldina de Habsburgo e seus filhos","","","true","efced4c9-7710-4d50-a5d1-c7f0ab2d1fbb","https://tysnkzmljlmmqpbotkxv.supabase.co/storage/v1/object/public/travel-app-images/wikimedia-30425e96/retrato-de-dona-leopoldina-de--fileaudio-file-of-do-1757527742841-1.ogg","","2974"
"be254621-4f03-4a4a-a5d2-a753c9fc5ec0","Retrato de José Clemente Pereira","","","true","053e46b3-6770-4e7a-ac09-77e85408304e","https://tysnkzmljlmmqpbotkxv.supabase.co/storage/v1/object/public/travel-app-images/wikimedia-be254621/retrato-de-jos-clemente-pereir-fileaudio-file-of-re-1757527746782-1.oga","","2467"
"0e278b90-74e9-4d02-ae43-0f31bfad1cf5","Retrato de D. Pedro I","","","true","cfefbd23-c3e3-4f19-89be-bc250b6b59e1","https://tysnkzmljlmmqpbotkxv.supabase.co/storage/v1/object/public/travel-app-images/wikimedia-0e278b90/retrato-de-d-pedro-i-fileaudio-file-of-re-1757527751017-1.wav","","4569"
"eafca757-bd4f-44c1-b365-ab279e2fa83d","Sessão das Cortes de Lisboa","","","true","d1410e1b-0e0f-4c45-8ad1-b70be0237b8e","https://tysnkzmljlmmqpbotkxv.supabase.co/storage/v1/object/public/travel-app-images/wikimedia-eafca757/sesso-das-cortes-de-lisboa-fileaudio-file-of-se-1757527756167-1.ogg","","3507"
"ad4260f2-5c80-4a67-9a24-49d954b6e815","Bênção dos canoões (Porto Feliz)","","","true","ff8089c5-b217-4fda-ab31-372d036230ac","https://tysnkzmljlmmqpbotkxv.supabase.co/storage/v1/object/public/travel-app-images/wikimedia-ad4260f2/bno-dos-canoes-porto-feliz-filevoz-008ogg-1757527760564-1.ogg","","3072"
"0cdb0cc6-d0b9-4cbb-9e84-102e54010992","Carga de Canoas","","","true","e8812cfe-7f7f-4613-91ad-080dcf0edcf4","https://tysnkzmljlmmqpbotkxv.supabase.co/storage/v1/object/public/travel-app-images/wikimedia-0cdb0cc6/carga-de-canoas-fileaudio-file-of-ca-1757527768846-1.ogg","","4926"
"bf6dccd9-0864-4429-8bc0-149c8fc281be","Igreja e Páteo da Misericórdia","","","false","","","Edge function error: Edge Function returned a non-2xx status code","7634"
"e0e1e1a4-b6b7-4b0e-8024-ddf9f22451a6","Retrato de Dom Pedro I","","","true","73bfcc0e-06cc-44fc-a1e5-914f5420a54c","https://tysnkzmljlmmqpbotkxv.supabase.co/storage/v1/object/public/travel-app-images/wikimedia-e0e1e1a4/retrato-de-dom-pedro-i-filebenedito-calixto-1757527782627-1.jpg","","2056"
"b6c15da7-28f4-40d4-8653-a3b07db19f4b","Fundação de São Vicente","","","true","5d7dafb1-bebe-4c57-8df1-5f75a282d061","https://tysnkzmljlmmqpbotkxv.supabase.co/storage/v1/object/public/travel-app-images/wikimedia-b6c15da7/fundao-de-so-vicente-fileaudio-file-of-fu-1757527785974-1.ogg","","3476"
"2be41cde-c58d-4d06-ba37-3939176ff383","Retrato do Padre José de Anchieta","","","false","","","Edge function error: Edge Function returned a non-2xx status code","749"
"5a0a44a7-ac45-48b6-90ce-ba692863290e","Domingos Jorge Velho","","","true","cf8b5566-6523-4bd5-8179-31749576bf9d","https://tysnkzmljlmmqpbotkxv.supabase.co/storage/v1/object/public/travel-app-images/wikimedia-5a0a44a7/domingos-jorge-velho-fileaudio-file-of-do-1757527792466-1.ogg","","2799"
"c4d95540-8096-4a96-bb00-34127ba4ac32","Carta Geral das Bandeiras Paulistas","","","true","e31c9e18-e2fc-40f5-bce3-f276901b743a","https://tysnkzmljlmmqpbotkxv.supabase.co/storage/v1/object/public/travel-app-images/wikimedia-c4d95540/carta-geral-das-bandeiras-paul-filecartageralbandei-1757527795975-1.jpg","","1921"
"8c684d08-9d2d-4d51-a59a-61a2b113ac45","Retrato do Padre Bartolomeu Lourenço de Gusmão","","","false","","","Edge function error: Edge Function returned a non-2xx status code","541"
"e04bc859-3623-49df-b073-b6be751abfae","Matriz Colonial de Santos","","","true","7bb2ec17-ec9a-4cb7-945f-ca475512d6de","https://tysnkzmljlmmqpbotkxv.supabase.co/storage/v1/object/public/travel-app-images/wikimedia-e04bc859/matriz-colonial-de-santos-fileaudio-file-of-ma-1757527800094-1.ogg","","2512"
"2e206112-4869-404a-9923-17f909d5f3aa","Monumento à amizade entre Brasil e Japão","","","true","eeab575d-9bc3-4371-9bca-3fc38440a41c","https://tysnkzmljlmmqpbotkxv.supabase.co/storage/v1/object/public/travel-app-images/wikimedia-2e206112/monumento-amizade-entre-brasil-filemonumento-amizad-1757527805652-1.jpg","","4937"
"01f55b36-57bb-40bf-9eda-8e42e513a1fe","Ultramarinho","","","true","6b523bf8-1dbf-4ee8-9307-352a46d5c0de","https://tysnkzmljlmmqpbotkxv.supabase.co/storage/v1/object/public/travel-app-images/wikimedia-01f55b36/ultramarinho-fileat-cidade-univer-1757527815702-1.jpg","","5490"
"71178a2e-d714-48f2-8986-78b9bb0bca2f","Ruínas da Lagoinha","","","true","bac5001e-ff77-41fe-afd2-f6ac32a1c90f","https://tysnkzmljlmmqpbotkxv.supabase.co/storage/v1/object/public/travel-app-images/wikimedia-71178a2e/runas-da-lagoinha-fileruinas-da-lagoin-1757527820779-1.jpg","","4282"
"9ca5bd2e-4124-4ee3-86fb-775faa83827b","Japan House","","","true","24d8b0ad-602d-4bad-9741-41883e2bbf1d","https://tysnkzmljlmmqpbotkxv.supabase.co/storage/v1/object/public/travel-app-images/wikimedia-9ca5bd2e/japan-house-file20220505-3-uk-01-1757527825419-1.jpg","","2193"
"81a452a8-a28e-4e92-847a-0c8dd8eada37","Busto de Álvares de Azevedo","","","true","272a888f-24d9-43fa-816a-10fcd95e7a00","https://tysnkzmljlmmqpbotkxv.supabase.co/storage/v1/object/public/travel-app-images/wikimedia-81a452a8/busto-de-lvares-de-azevedo-fileconceito-social--1757527829456-1.jpg","","3710"
"2417f375-bc3b-4268-a6b0-47690ed99a3a","Fazenda de Café do Vale do Paraíba","","","true","8cddf9a2-9355-4fbd-826b-35ce99df80d3","https://tysnkzmljlmmqpbotkxv.supabase.co/storage/v1/object/public/travel-app-images/wikimedia-2417f375/fazenda-de-caf-do-vale-do-para-fileaudio-file-of-fa-1757527834247-1.wav","","4835"
"db4418fc-bc96-433c-8a2b-3ee2cca8e997","Biblioteca IME-USP","","","true","6b77742e-c86d-49f2-ab69-7513659c2926","https://tysnkzmljlmmqpbotkxv.supabase.co/storage/v1/object/public/travel-app-images/wikimedia-db4418fc/biblioteca-imeusp-fileapresentao-stela-1757527839389-1.pdf","","3028"
"b81a35a4-500a-47e7-a6e4-0a77b88c5c36","Biblioteca Florestan Fernandes","","","true","812f917a-8224-4b5e-8296-6666b815e171","https://tysnkzmljlmmqpbotkxv.supabase.co/storage/v1/object/public/travel-app-images/wikimedia-b81a35a4/biblioteca-florestan-fernandes-filebalco-de-informa-1757527844126-1.jpg","","5184"
"72de82cf-bff2-4937-b9a2-0f70abeaec93","Jardim Presidente","","","true","5d077801-7826-42b8-ab1e-81bdd354ef75","https://tysnkzmljlmmqpbotkxv.supabase.co/storage/v1/object/public/travel-app-images/wikimedia-72de82cf/jardim-presidente-filenamoradeiras-art-1757527849870-1.jpg","","2684"
"980dcd94-4177-4160-9bb1-3a8a2da0b3be","Jardim Iporanga","","","true","703c3f32-d189-4179-bf41-7437dc081015","https://tysnkzmljlmmqpbotkxv.supabase.co/storage/v1/object/public/travel-app-images/wikimedia-980dcd94/jardim-iporanga-filenamoradeiras-art-1757527852969-1.jpg","","1829"
"e797bb7d-a724-4d85-8e42-3ef4b7284298","Jardim Jordanópolis","","","true","b23e68ff-d074-4d4f-b756-4d50d543d6bf","https://tysnkzmljlmmqpbotkxv.supabase.co/storage/v1/object/public/travel-app-images/wikimedia-e797bb7d/jardim-jordanpolis-filenamoradeiras-art-1757527855940-1.jpg","","2097"
"1c6be474-2a4f-4c7b-8b81-c91dbbe0fb47","Estátua de Anhanguera","","","true","12b50309-b34b-4874-bc74-e5dfce7285ec","https://tysnkzmljlmmqpbotkxv.supabase.co/storage/v1/object/public/travel-app-images/wikimedia-1c6be474/esttua-de-anhanguera-fileanhanguera-panor-1757527863625-1.jpg","","3120"
"a8dc9a59-e209-43dd-96cc-bf6065a322e5","Monumento Amizade Sírio Libanesa","","","true","4502216a-448b-47fc-acfa-99729100e0a0","https://tysnkzmljlmmqpbotkxv.supabase.co/storage/v1/object/public/travel-app-images/wikimedia-a8dc9a59/monumento-amizade-srio-libanes-filemonumento-amizad-1757527867936-1.jpg","","3791"
"515f271d-3fe2-48b6-b250-b4f1886183a7","Inundação da Várzea do Carmo","","","true","902f12ae-ed72-4ba6-90b7-109a011cf389","https://tysnkzmljlmmqpbotkxv.supabase.co/storage/v1/object/public/travel-app-images/wikimedia-515f271d/inundao-da-vrzea-do-carmo-filebenedito-calixto-1757527873788-1.jpg","","10946"
"8eb356ec-50ec-4f00-b35c-8998e3397ed2","Drusas","","","true","f3134774-5ad4-4f6e-813e-0f29e39665c5","https://tysnkzmljlmmqpbotkxv.supabase.co/storage/v1/object/public/travel-app-images/wikimedia-8eb356ec/drusas-filecaminhada-noturn-1757527885997-1.jpg","","5966"
"e38d2648-0667-4cdf-a476-9d1759e89b42","Estátua Condor","","","true","e5a13386-1063-41d0-bb91-9f933da6c07e","https://tysnkzmljlmmqpbotkxv.supabase.co/storage/v1/object/public/travel-app-images/wikimedia-e38d2648/esttua-condor-fileat-so-paulo-braz-1757527891123-1.jpg","","3190"
"605b5670-9164-4909-a601-ca456f755434","Monumento a Luiz Pereira Barreto","","","true","b8490568-7737-45a8-a065-1295e580e667","https://tysnkzmljlmmqpbotkxv.supabase.co/storage/v1/object/public/travel-app-images/wikimedia-605b5670/monumento-a-luiz-pereira-barre-fileii-7004849922jpg-1757527895944-1.jpg","","4330"
"07c7fe30-173d-42de-bc86-11bc893d86aa","Giuseppe Verdi","","","true","afad48e9-6eb2-453d-89f3-37a033f06127","https://tysnkzmljlmmqpbotkxv.supabase.co/storage/v1/object/public/travel-app-images/wikimedia-07c7fe30/giuseppe-verdi-filecaminhada-noturn-1757527902154-1.jpg","","7226"
"0c207aea-70b4-4a3d-90d4-463f5a373daf","Cervantes","","","true","32a5a225-414a-429f-b214-a50aeecc072b","https://tysnkzmljlmmqpbotkxv.supabase.co/storage/v1/object/public/travel-app-images/wikimedia-0c207aea/cervantes-filecaminhada-noturn-1757527910001-1.jpg","","5036"
"8c04b7f8-0b82-4789-8622-2c482633fa7b","Maria Tudor","","","true","5203f0a5-ee6b-411d-936d-f7d6a7bc597d","https://tysnkzmljlmmqpbotkxv.supabase.co/storage/v1/object/public/travel-app-images/wikimedia-8c04b7f8/maria-tudor-filemonumento-antnio-1757527915677-1.jpg","","3980"
"05664d75-2632-4d6c-b032-36f82c73388b","Camões","","","true","0e3817bc-c38b-4206-b579-21b5e746bf0e","https://tysnkzmljlmmqpbotkxv.supabase.co/storage/v1/object/public/travel-app-images/wikimedia-05664d75/cames-filebiblioteca-mario-1757527920515-1.jpg","","3751"
"efa190ab-29f4-46b5-b50b-1ca6f18365bb","Oficina Cultural Casa Mário de Andrade","","","true","f1b776a8-b453-4c89-a95a-b85cf79c11d3","https://tysnkzmljlmmqpbotkxv.supabase.co/storage/v1/object/public/travel-app-images/wikimedia-efa190ab/oficina-cultural-casa-mrio-de--filecasa-mario-de-an-1757527928690-1.jpg","","2531"
"99da3ab8-bebe-4275-8a6a-9a6fa7ac89cd","Busto Vicente de Carvalho","","","true","88d37947-5158-4c6c-a7d6-f50fbccd0161","https://tysnkzmljlmmqpbotkxv.supabase.co/storage/v1/object/public/travel-app-images/wikimedia-99da3ab8/busto-vicente-de-carvalho-fileettore-ximenes-b-1757527932168-1.jpg","","3028"
"1ef000bf-fcdc-41a4-9cb7-d2bbb312eca2","Instituto Bardi","","","true","348cde84-92d3-4e57-88f8-1febfb225998","https://tysnkzmljlmmqpbotkxv.supabase.co/storage/v1/object/public/travel-app-images/wikimedia-1ef000bf/instituto-bardi-filea-casa-de-vidroj-1757527936213-1.jpg","","2775"
"05544f6b-2ada-4c6a-bb47-bfa24c1c30a1","Fauno","","","true","1df14a9d-3f94-420a-a328-f1d2fcae5087","https://tysnkzmljlmmqpbotkxv.supabase.co/storage/v1/object/public/travel-app-images/wikimedia-05544f6b/fauno-fileapproaching-the--1757527940274-1.jpg","","3629"
"673ce565-3d83-4e9d-81b9-fdb062eb95b0","Joaquim Eugenio de Lima","","","true","b113bf7d-2cce-4984-a829-b8fc4c988e50","https://tysnkzmljlmmqpbotkxv.supabase.co/storage/v1/object/public/travel-app-images/wikimedia-673ce565/joaquim-eugenio-de-lima-fileat-avenida-pauli-1757527945577-1.jpg","","4979"
"5f13eb34-dcc1-4434-97e1-ee61f9d6d6c4","Marco zero da cidade de São Paulo","","","true","63dc811a-784b-4a9f-9e3d-bc4e7c8023be","https://tysnkzmljlmmqpbotkxv.supabase.co/storage/v1/object/public/travel-app-images/wikimedia-5f13eb34/marco-zero-da-cidade-de-so-pau-fileat-so-paulo-braz-1757527951373-1.jpg","","4692"
"10770c73-ea6c-4c18-bf70-938fb8b183c8","Museu do Sistema Funicular","","","true","11995354-188a-4d26-835d-9f240c2bcb80","https://tysnkzmljlmmqpbotkxv.supabase.co/storage/v1/object/public/travel-app-images/wikimedia-10770c73/museu-do-sistema-funicular-fileat-paranapiacaba-1757527957108-1.jpg","","4622"
"f6e4dadc-be2e-41f2-9b91-314515623acc","Borba Gato","","","true","c9fdcdf5-a0fb-4059-8536-da5d60f73d53","https://tysnkzmljlmmqpbotkxv.supabase.co/storage/v1/object/public/travel-app-images/wikimedia-f6e4dadc/borba-gato-fileb-view-of-borba--1757527962353-1.jpg","","3554"
"d6078c36-5a1c-40b5-b2cf-d175a2af6b8d","Museu de Oceanografia","","","true","37d0cba2-b8d6-4c4c-90d7-fcf31065935f","https://tysnkzmljlmmqpbotkxv.supabase.co/storage/v1/object/public/travel-app-images/wikimedia-d6078c36/museu-de-oceanografia-filecincia-numa-esfe-1757527967165-1.jpg","","3538"
"84a67345-6af6-45a2-8082-7be06457c410","Museu de Arqueologia e Etnologia","","","true","972a67dc-2a1c-4d25-b55c-cab70b5d935e","https://tysnkzmljlmmqpbotkxv.supabase.co/storage/v1/object/public/travel-app-images/wikimedia-84a67345/museu-de-arqueologia-e-etnolog-filea-estao-da-luz-c-1757527971849-1.jpg","","3801"
"7e109c8e-ae56-4f33-b1b6-6c638cf47b71","Glória Imortal aos Fundadores de São Paulo","","","true","1a141ece-7c63-41f9-af93-1607733ae0f5","https://tysnkzmljlmmqpbotkxv.supabase.co/storage/v1/object/public/travel-app-images/wikimedia-7e109c8e/glria-imortal-aos-fundadores-d-file24-sada-fotocult-1757527980251-1.jpg","","2694"
"26670b2c-a256-4633-b7e0-8bddfeab073e","Teatro Oficina","","","true","d245377c-ef0c-4fc8-bcd6-5e3e0eab4a2d","https://tysnkzmljlmmqpbotkxv.supabase.co/storage/v1/object/public/travel-app-images/wikimedia-26670b2c/teatro-oficina-fileo-riso-o-choro-e-1757527983698-1.jpg","","4236"
"102f8449-1587-4509-8522-c096f06a0861","Pico do Jaraguá","","","true","ca44c411-890b-4add-86da-7bc8f16fc3ba","https://tysnkzmljlmmqpbotkxv.supabase.co/storage/v1/object/public/travel-app-images/wikimedia-102f8449/pico-do-jaragu-fileo-13-no-mais-aqu-1757527988621-1.jpg","","2111"
"bd5fe539-ecfe-4ed4-9da8-56034454575f","Casa do Bandeirante","","","true","9f8d08dc-7a8e-4716-ae1f-a18128b1c65a","https://tysnkzmljlmmqpbotkxv.supabase.co/storage/v1/object/public/travel-app-images/wikimedia-bd5fe539/casa-do-bandeirante-filea-casa-do-bandei-1757527993902-1.jpg","","5788"
"5a00deca-7cc9-4376-a150-fafbce092958","Praia de Boracéia","","","true","19501b30-7587-4f41-8daa-deb3bc311c85","https://tysnkzmljlmmqpbotkxv.supabase.co/storage/v1/object/public/travel-app-images/wikimedia-5a00deca/praia-de-boracia-fileaves-exticas-pan-1757527999166-1.jpg","","4156"
"e93484a7-9e9a-48d3-b0f2-f8814d5dd204","Museu do Futebol","","","true","2468c10f-3f40-4290-8849-c4c540e8f6a2","https://tysnkzmljlmmqpbotkxv.supabase.co/storage/v1/object/public/travel-app-images/wikimedia-e93484a7/museu-do-futebol-filearte-para-editat-1757528003706-1.png","","2332"
"f151cf35-cfdf-47cf-b2b7-f9cc83a174ba","Bonde","","","true","d1f80d1e-a289-4553-a1c7-6dd263064c58","https://tysnkzmljlmmqpbotkxv.supabase.co/storage/v1/object/public/travel-app-images/wikimedia-f151cf35/bonde-fileat-paranapiacaba-1757528007861-1.jpg","","4935"
"9a049bfd-6eb6-4157-b6e1-be9279312fe3","Locomotiva Jiboia","","","true","aee31355-da8b-481d-ae81-de97454f8621","https://tysnkzmljlmmqpbotkxv.supabase.co/storage/v1/object/public/travel-app-images/wikimedia-9a049bfd/locomotiva-jiboia-fileat-catavento-so--1757528013993-1.jpg","","5857"
"26c26203-9c0c-4ff0-b3b0-be171be3a3ad","Viaduto do Chá","","","true","6b059d62-f433-4705-b5a2-ef311845c435","https://tysnkzmljlmmqpbotkxv.supabase.co/storage/v1/object/public/travel-app-images/wikimedia-26c26203/viaduto-do-ch-file11a-sada-fotogrf-1757528019817-1.jpg","","2186"
"e9050172-e36a-41db-89f1-b9e682adb525","Pico do Urubu","","","true","7a21dad0-bc18-4d8a-912f-5b229637bd08","https://tysnkzmljlmmqpbotkxv.supabase.co/storage/v1/object/public/travel-app-images/wikimedia-e9050172/pico-do-urubu-filepanormica-do-pic-1757528023148-1.jpg","","4261"
"df7fdf13-b5dd-4473-86e8-b6ca15d84a6e","Prefeitura Regional Capela do Socorro","","","false","","","Edge function error: Edge Function returned a non-2xx status code","935"
"642c8626-bb50-4167-980d-687a9fb7b06d","Museu de Arte Moderna de São Paulo","","","true","07410321-1376-4802-b157-2a8a3a02d4c9","https://tysnkzmljlmmqpbotkxv.supabase.co/storage/v1/object/public/travel-app-images/wikimedia-642c8626/museu-de-arte-moderna-de-so-pa-fileamlia-toledo-set-1757528034883-1.jpg","","3582"
"601fad66-3ec3-4055-a99a-163608be30af","Foguete Sonda","","","true","5c49a0c0-9039-474a-adee-cc56e9e62d4c","https://tysnkzmljlmmqpbotkxv.supabase.co/storage/v1/object/public/travel-app-images/wikimedia-601fad66/foguete-sonda-fileaeb-sonda-family-1757528038917-1.svg","","2818"
"f0d42973-78fc-4b2f-8f80-4e35426a2856","Mão","","","true","25be967c-ce3c-4cc9-9475-e1e0d11020ed","https://tysnkzmljlmmqpbotkxv.supabase.co/storage/v1/object/public/travel-app-images/wikimedia-f0d42973/mo-file14491a-mo-e-o-sa-1757528043098-1.jpg","","3084"
"da4ec69d-fd8b-4a2f-b792-e6207f690603","São Cristovão","","","true","2a0a2ea9-383f-4727-932c-a649e039279b","https://tysnkzmljlmmqpbotkxv.supabase.co/storage/v1/object/public/travel-app-images/wikimedia-da4ec69d/so-cristovo-fileii-8032998826jpg-1757528047491-1.jpg","","2909"
"6b953ac7-c58c-4e8f-89e3-34e1ba31efed","Estátua de Netuno","","","false","","","Edge function error: Edge Function returned a non-2xx status code","832"
"61219505-0c1e-4141-926e-2d6fa4221ae4","Memorial da pessoa com deficiência","","","true","9c9e1e74-7be3-4b09-80c6-c8e4ed55ca3c","https://tysnkzmljlmmqpbotkxv.supabase.co/storage/v1/object/public/travel-app-images/wikimedia-61219505/memorial-da-pessoa-com-deficin-filememorial-da-incl-1757528052283-1.jpg","","2328"
"aedb2e1d-368f-40da-8c2c-354d4068bc6d","Museu do Tribunal de Justiça SP","","","true","7507fa01-306c-4f8b-82c4-1c99ff8d78fa","https://tysnkzmljlmmqpbotkxv.supabase.co/storage/v1/object/public/travel-app-images/wikimedia-aedb2e1d/museu-do-tribunal-de-justia-sp-filemuseu-do-tribuna-1757528056455-1.jpg","","4371"
"f8590b98-d1a0-4b53-a62f-6633fab5f796","Museu de Arte Contemporânea da Universidade de São Paulo","","","true","12d09539-fdf4-42a7-b185-00266eed9867","https://tysnkzmljlmmqpbotkxv.supabase.co/storage/v1/object/public/travel-app-images/wikimedia-f8590b98/museu-de-arte-contempornea-da--fileat-cidade-univer-1757528061820-1.jpg","","4331"
"6f35d8a1-2baf-4737-8f49-a0a01eb9619a","Obelisco do Piques","","","true","f0644711-1769-41d8-b95e-05cca5e2def4","https://tysnkzmljlmmqpbotkxv.supabase.co/storage/v1/object/public/travel-app-images/wikimedia-6f35d8a1/obelisco-do-piques-file20141209-largo-d-1757528067538-1.jpg","","4111"
"9329a5a8-e364-4f2a-a04d-8fa50c606e50","Pavilhão Carro Fúnebre de Santos Dumont","","","false","","","Edge function error: Edge Function returned a non-2xx status code","631"
"232e42bb-506c-441c-b21e-907622c2eb32","Locomotiva número 1 da Ytuana","","","true","9c5be3e4-a6cf-495a-9a72-f3e00fd8249f","https://tysnkzmljlmmqpbotkxv.supabase.co/storage/v1/object/public/travel-app-images/wikimedia-232e42bb/locomotiva-nmero-1-da-ytuana-filemuseuind01jpg-1757528077255-1.jpg","","2211"
"c29bded4-b38d-4724-a3aa-d2b89f80c675","Apóstolo Paulo","","","true","9b3cc1a5-0229-436b-bcd8-51efba4b1c74","https://tysnkzmljlmmqpbotkxv.supabase.co/storage/v1/object/public/travel-app-images/wikimedia-c29bded4/apstolo-paulo-fileapstolo-paulo-mu-1757528080313-1.jpg","","2478"
"028470ee-368b-4245-830d-2b5c2b159fab","Museu Anchieta","","","true","ddac77b1-de0a-45cf-b39d-f7aa9433e020","https://tysnkzmljlmmqpbotkxv.supabase.co/storage/v1/object/public/travel-app-images/wikimedia-028470ee/museu-anchieta-filealtar-para-culto-1757528084472-1.jpg","","2856"
"990c9a50-1754-49f9-a253-7fcd17fe3257","Painel do Edifício Nações Unidas","","","true","222a6bbe-3879-415b-957a-9152e1c9c6e7","https://tysnkzmljlmmqpbotkxv.supabase.co/storage/v1/object/public/travel-app-images/wikimedia-990c9a50/painel-do-edifcio-naes-unidas-fileat-paulista-aven-1757528088712-1.jpg","","4710"
"a3ddea83-a83f-4d34-95aa-b7cf4d92ff1b","Centro Cultural Banco do Brasil São Paulo","","","true","678bf61f-0393-4774-b935-708ed1d95bc4","https://tysnkzmljlmmqpbotkxv.supabase.co/storage/v1/object/public/travel-app-images/wikimedia-a3ddea83/centro-cultural-banco-do-brasi-fileccbb-30576001932-1757528093567-1.jpg","","2500"
"537a6ddc-f7c1-4274-ab56-2527640af855","Monumento a Rui Barbosa","","","true","d6a14c2a-6cb5-43be-9e34-360cc21e70f6","https://tysnkzmljlmmqpbotkxv.supabase.co/storage/v1/object/public/travel-app-images/wikimedia-537a6ddc/monumento-a-rui-barbosa-filepraa-ramos-de-az-1757528097047-1.jpg","","3069"
"26df15e0-86ce-47f8-8624-aa393c91e360","Estátua Guarani","","","true","7350d56d-3bfe-4159-bdb0-795fab2e3d5f","https://tysnkzmljlmmqpbotkxv.supabase.co/storage/v1/object/public/travel-app-images/wikimedia-26df15e0/esttua-guarani-fileanhangaba-2018-0-1757528101257-1.jpg","","4891"
"def99cff-e7b0-4154-b2ee-18d46e4cb54e","Lo Schiavo","","","true","6ff38663-6576-4f83-ac5b-291aeaf39616","https://tysnkzmljlmmqpbotkxv.supabase.co/storage/v1/object/public/travel-app-images/wikimedia-def99cff/lo-schiavo-file4praaramosdeazev-1757528106759-1.jpg","","2045"
"f56dfd19-3056-4548-a114-366631b8db5c","Salvador Rosa","","","true","f0d0ba78-f5a8-454d-bd08-7170b5c4e426","https://tysnkzmljlmmqpbotkxv.supabase.co/storage/v1/object/public/travel-app-images/wikimedia-f56dfd19/salvador-rosa-fileanhangaba-2018-0-1757528111325-1.jpg","","5268"
"8d8a7a72-f60e-488d-9a45-16ad90084f2c","Fosca","","","true","6f3c64c0-5040-4119-8305-71e0530e9c92","https://tysnkzmljlmmqpbotkxv.supabase.co/storage/v1/object/public/travel-app-images/wikimedia-8d8a7a72/fosca-file4praaramosdeazev-1757528120334-1.jpg","","2624"
"5cec484f-66e3-4b68-a1a4-ddd7409d2628","Mário de Andrade","","","true","fdffb998-927e-4e9c-8c78-a438f3045382","https://tysnkzmljlmmqpbotkxv.supabase.co/storage/v1/object/public/travel-app-images/wikimedia-5cec484f/mrio-de-andrade-filebusto-de-mrio-de-1757528124142-1.jpg","","3119"
"d750d80e-3a7f-43af-83c3-cda8c89a9f42","Dante","","","true","5835539f-a820-4db5-82fc-5d819f812365","https://tysnkzmljlmmqpbotkxv.supabase.co/storage/v1/object/public/travel-app-images/wikimedia-d750d80e/dante-filecaminhada-noturn-1757528129692-1.jpg","","6116"
"4f6c9aa0-4cfc-4c76-a49e-f85126f4c4ea","Busto de Chopin","","","true","72d8e99d-da44-41ce-a218-70d6de09222d","https://tysnkzmljlmmqpbotkxv.supabase.co/storage/v1/object/public/travel-app-images/wikimedia-4f6c9aa0/busto-de-chopin-fileapproximate-diag-1757528135448-1.jpg","","3357"
"7f35309d-9a60-4697-8a7b-ce755389ca3f","Busto Caetano de Campos","","","true","6fd23053-455f-4202-8d67-ed1f7cffb09e","https://tysnkzmljlmmqpbotkxv.supabase.co/storage/v1/object/public/travel-app-images/wikimedia-7f35309d/busto-caetano-de-campos-filecaetano-de-campo-1757528139988-1.jpg","","7965"
"83aa71e9-f2eb-4de8-b7d6-0fe68c0bc3e8","Índio Caçador","","","true","0d06f300-7fba-4366-bce4-db40e0fc12ff","https://tysnkzmljlmmqpbotkxv.supabase.co/storage/v1/object/public/travel-app-images/wikimedia-83aa71e9/ndio-caador-file20141219-joao-ba-1757528149820-1.jpg","","4298"
"8dae89c2-6e28-4f07-9eac-d8bd283bf15f","O Índio e o Tamanduá","","","true","9849d79f-89d0-4157-ab9f-0ef435c2e053","https://tysnkzmljlmmqpbotkxv.supabase.co/storage/v1/object/public/travel-app-images/wikimedia-8dae89c2/o-ndio-e-o-tamandu-fileo-ndio-e-o-taman-1757528154322-1.jpg","","3987"
"2c9428ed-6531-45e6-88e6-5500cc6aff17","Beco do Batman","","","true","987fa797-c65b-40b6-8e51-4d5dd08a82b4","https://tysnkzmljlmmqpbotkxv.supabase.co/storage/v1/object/public/travel-app-images/wikimedia-2c9428ed/beco-do-batman-filebeco-do-batman-d-1757528159210-1.jpg","","4527"
"83fbfba1-00a6-4b49-90ac-48d625aa35a0","Diana Caçadora","","","true","d25376df-3f71-4f44-8115-2a4e6c687c8c","https://tysnkzmljlmmqpbotkxv.supabase.co/storage/v1/object/public/travel-app-images/wikimedia-83fbfba1/diana-caadora-filediana-la-cazador-1757528164185-1.jpg","","2585"
"a3893f7d-c5e6-42db-a080-990f2889bf30","Museu Histórico Washington de Oliveira","","","true","069796e4-0f59-4732-97ba-ed3213463a8d","https://tysnkzmljlmmqpbotkxv.supabase.co/storage/v1/object/public/travel-app-images/wikimedia-a3893f7d/museu-histrico-washington-de-o-filemuseu-histrico-w-1757528167789-1.jpg","","2101"
"db191b90-2579-4748-af47-9d1556f8704b","Busto Goethe","","","true","beab8099-81bd-4c9c-9859-974231776d55","https://tysnkzmljlmmqpbotkxv.supabase.co/storage/v1/object/public/travel-app-images/wikimedia-db191b90/busto-goethe-filegoethe-monument--1757528175345-1.jpg","","3670"
"647e35fa-0505-403b-b285-0040d1561f47","Menino e o Catavento","","","true","eed0f407-22af-4cee-9da7-70535f0dcf86","https://tysnkzmljlmmqpbotkxv.supabase.co/storage/v1/object/public/travel-app-images/wikimedia-647e35fa/menino-e-o-catavento-filefaculdade-de-dir-1757528180311-1.jpg","","3838"
"2f8d4031-b1fd-4862-b8b5-473131efe79d","Busto do Luis Gama","","","true","24f92e19-643a-4854-8bf9-ddc15d4c42a0","https://tysnkzmljlmmqpbotkxv.supabase.co/storage/v1/object/public/travel-app-images/wikimedia-2f8d4031/busto-do-luis-gama-filecaminhada-noturn-1757528186479-1.jpg","","6095"
"b6eacb10-ca2b-4b40-adaf-98ac35bd1e0f","Amor Materno","","","true","6df3b285-3357-4d41-bb77-7708d7a3d17a","https://tysnkzmljlmmqpbotkxv.supabase.co/storage/v1/object/public/travel-app-images/wikimedia-b6eacb10/amor-materno-fileb-view-of-amor-m-1757528192228-1.jpg","","3661"
"a9b1482a-8655-4193-af6f-e22b0711e05b","Menina e o Bezerro","","","true","aef14552-34e6-44d8-ad6b-c8ef798ebc25","https://tysnkzmljlmmqpbotkxv.supabase.co/storage/v1/object/public/travel-app-images/wikimedia-a9b1482a/menina-e-o-bezerro-filea-menina-e-o-bez-1757528197090-1.jpg","","3823"
"75e20919-2380-42d0-89c7-4d426b5d4e22","Busto José Augusto César Salgado","","","true","473e30a2-261b-43e7-8952-9bb48242ac37","https://tysnkzmljlmmqpbotkxv.supabase.co/storage/v1/object/public/travel-app-images/wikimedia-75e20919/busto-jos-augusto-csar-salgado-filecaminhada-noturn-1757528202618-1.jpg","","6048"
"c8135bcf-5243-4619-9f9a-715b8b0a4047","Depois do Banho","","","true","3d79e75a-bb93-4226-8aa5-198b794d36ac","https://tysnkzmljlmmqpbotkxv.supabase.co/storage/v1/object/public/travel-app-images/wikimedia-c8135bcf/depois-do-banho-filecaminhada-noturn-1757528210521-1.jpg","","6473"
"6f3a3e5d-2488-4218-9443-dce826385a62","César Otávio Augusto","","","true","5a2a526d-b132-4a18-b73b-b7aa8ed10dd2","https://tysnkzmljlmmqpbotkxv.supabase.co/storage/v1/object/public/travel-app-images/wikimedia-6f3a3e5d/csar-otvio-augusto-filecaminhada-noturn-1757528217260-1.jpg","","5696"
"e99f4582-c628-42fd-a2f1-2bd33b68b40a","Busto José Pedro Leite Cordeiro","","","true","557ca620-4b88-4fc3-a7ed-4838eef2cfeb","https://tysnkzmljlmmqpbotkxv.supabase.co/storage/v1/object/public/travel-app-images/wikimedia-e99f4582/busto-jos-pedro-leite-cordeiro-filecaminhada-noturn-1757528223569-1.jpg","","4285"
"b0eae6e8-5593-4e9c-bb40-6a7e6f46902b","Ninando a Boneca","","","true","07d90f43-5aca-4ed8-99d4-4fff41242110","https://tysnkzmljlmmqpbotkxv.supabase.co/storage/v1/object/public/travel-app-images/wikimedia-b0eae6e8/ninando-a-boneca-filecaminhada-noturn-1757528228796-1.jpg","","37525"
"e8b4210b-e641-42c4-a206-9dfe8a36d11a","Busto Afonso Taunay","","","true","4de547ba-70d6-4cee-8665-6588af7cd12c","https://tysnkzmljlmmqpbotkxv.supabase.co/storage/v1/object/public/travel-app-images/wikimedia-e8b4210b/busto-afonso-taunay-fileafonso-descragno-1757528270852-1.jpg","","4171"
"dd5fae33-8f16-4b68-b675-80bad454d0a2","Ayrton Senna Túmulo","","","true","a38245e3-74c3-4cac-9c2f-5eeb26aa27cf","https://tysnkzmljlmmqpbotkxv.supabase.co/storage/v1/object/public/travel-app-images/wikimedia-dd5fae33/ayrton-senna-tmulo-fileayrton-senna-mor-1757528275322-1.jpg","","3233"
"f0573355-f943-48dc-8053-2a5edf899063","Instituto Martius-Staden","","","true","acc8123d-617a-44a8-bd16-f891c1da556e","https://tysnkzmljlmmqpbotkxv.supabase.co/storage/v1/object/public/travel-app-images/wikimedia-f0573355/instituto-martiusstaden-filebibliothek-des-m-1757528280030-1.jpg","","3711"
"89354494-7073-4f3e-9098-6d88885b8a50","Gruta de São Sebastião","","","true","62f53376-8392-4fbd-812b-148ea9d23ed2","https://tysnkzmljlmmqpbotkxv.supabase.co/storage/v1/object/public/travel-app-images/wikimedia-89354494/gruta-de-so-sebastio-filegruta-de-so-seba-1757528284584-1.jpg","","3425"
"59b01b48-77c9-4703-89d3-99b59ae119cd","Busto José Bonifácio","","","true","70b5672c-3055-447e-9aad-828a92a6759c","https://tysnkzmljlmmqpbotkxv.supabase.co/storage/v1/object/public/travel-app-images/wikimedia-59b01b48/busto-jos-bonifcio-filejos-bonifcio-de--1757528289977-1.jpg","","4790"
"6afe81a6-30d1-4511-93bb-58f5d57a70b2","A Leitura","","","true","8961ac74-2657-4bca-a91f-ecbf25d018c0","https://tysnkzmljlmmqpbotkxv.supabase.co/storage/v1/object/public/travel-app-images/wikimedia-6afe81a6/a-leitura-filea-leitura-01jpg-1757528295285-1.jpg","","4637"
"af373a79-dfc8-4b0a-92f0-e398cb866475","Escultura Eleazar de Carvalho","","","true","737a566a-2f6b-4606-a448-c917deae0ef0","https://tysnkzmljlmmqpbotkxv.supabase.co/storage/v1/object/public/travel-app-images/wikimedia-af373a79/escultura-eleazar-de-carvalho-fileat-estao-jlio-pr-1757528300741-1.jpg","","4825"
"b28d7a18-d0eb-4196-8d24-63c5d4b015eb","Cão Amestrado","","","true","0bcf3c76-6926-4489-b1ed-8a3a2b797e74","https://tysnkzmljlmmqpbotkxv.supabase.co/storage/v1/object/public/travel-app-images/wikimedia-b28d7a18/co-amestrado-fileparque-da-gua-br-1757528305812-1.jpg","","2389"
"e6dc2cf8-bf5b-4c82-bb59-db7366a5ac4b","São Pedro","","","true","dea0d74c-67e4-4d5b-ad33-3efe78c301d1","https://tysnkzmljlmmqpbotkxv.supabase.co/storage/v1/object/public/travel-app-images/wikimedia-e6dc2cf8/so-pedro-fileesttua-de-so-ped-1757528309531-1.jpg","","3259"
"6f2b23e8-c496-4ae2-b7e5-3d6f8b98852f","Museu Florestal Octávio Vecchi","","","true","2ebbc38a-bfa7-4127-8ca6-7d9f7150a0b2","https://tysnkzmljlmmqpbotkxv.supabase.co/storage/v1/object/public/travel-app-images/wikimedia-6f2b23e8/museu-florestal-octvio-vecchi-filecaminhada-histri-1757528313829-1.jpg","","3302"
"09390e3d-4af8-4d47-9411-0d3b80e01e5d","José Bonifácio","","","true","61d9b9d8-fcc7-402f-87a4-d3232a01e0ac","https://tysnkzmljlmmqpbotkxv.supabase.co/storage/v1/object/public/travel-app-images/wikimedia-09390e3d/jos-bonifcio-fileby-carlos-barret-1757528321859-1.jpg","","2317"
"91db6938-7db8-4c31-a3cc-e034ec00aec0","Museus de Arte Brasileira da FAAP","","","false","","","Edge function error: Edge Function returned a non-2xx status code","540"
"ee59356f-a742-4350-888a-588d4a8ea830","Casa Bandeirista","","","true","50bfac19-428c-4f95-a75d-4d4481dc08b4","https://tysnkzmljlmmqpbotkxv.supabase.co/storage/v1/object/public/travel-app-images/wikimedia-ee59356f/casa-bandeirista-filecasa-bandeirista-1757528327316-1.jpg","","4205"
"f24d7a86-114b-4533-a0ad-3bbb85c48ef1","Diálogo","","","true","22cb576b-df60-42c0-bfbe-14e321c79220","https://tysnkzmljlmmqpbotkxv.supabase.co/storage/v1/object/public/travel-app-images/wikimedia-f24d7a86/dilogo-file30122008-011trib-1757528332138-1.jpg","","2931"
"38629b0e-c1f4-4a08-8d85-fd46294cef14","Totem da Sé","","","true","adc98969-74c8-4b05-9939-ab51333f0577","https://tysnkzmljlmmqpbotkxv.supabase.co/storage/v1/object/public/travel-app-images/wikimedia-38629b0e/totem-da-s-fileat-so-paulo-braz-1757528336691-1.jpg","","4604"
"5eebad13-1b3d-4fb4-8ef6-7691f9b8fb41","Emblema de São Paulo","","","true","8cd30d88-dd8d-4beb-b982-b38a49dfea9b","https://tysnkzmljlmmqpbotkxv.supabase.co/storage/v1/object/public/travel-app-images/wikimedia-5eebad13/emblema-de-so-paulo-fileemblema-de-sp01j-1757528342111-1.jpg","","4259"
"bc51cf38-1ba3-43a4-a7ad-28cdbd95a363","Voo","","","true","11aece30-08ef-4db7-b27c-49fa1b2b35a8","https://tysnkzmljlmmqpbotkxv.supabase.co/storage/v1/object/public/travel-app-images/wikimedia-bc51cf38/voo-fileescultura-abertu-1757528347440-1.jpg","","7478"
"9e852b76-dde1-4798-8b85-9d751f063302","Impacto","","","true","47adb8df-66ea-40c4-b0ce-2deee669378d","https://tysnkzmljlmmqpbotkxv.supabase.co/storage/v1/object/public/travel-app-images/wikimedia-9e852b76/impacto-fileat-so-paulo-braz-1757528358466-1.jpg","","8494"
"457ba769-08f2-4b6a-b42d-c26e80785ee9","Satélite","","","true","3c8f1510-5198-457a-8486-ec92fa4d4634","https://tysnkzmljlmmqpbotkxv.supabase.co/storage/v1/object/public/travel-app-images/wikimedia-457ba769/satlite-fileescultura-abstra-1757528365241-1.jpg","","3541"
"5c8a3d42-4813-4e43-9b2b-1654a556afe0","Espaço Cósmico","","","true","6b4de020-4a19-47d3-9b78-2979be5654f3","https://tysnkzmljlmmqpbotkxv.supabase.co/storage/v1/object/public/travel-app-images/wikimedia-5c8a3d42/espao-csmico-filemonumento-espao--1757528369481-1.jpg","","3469"
"d0eb6c4f-ac92-4e12-b9cc-c0b3c8b33586","Abertura","","","true","d06b05b8-d193-4c2d-a0ed-bfa4d6b269eb","https://tysnkzmljlmmqpbotkxv.supabase.co/storage/v1/object/public/travel-app-images/wikimedia-d0eb6c4f/abertura-fileabertura-amilcar-1757528378745-1.jpg","","4238"
"ab305251-2f7f-44eb-8eff-3935b3762803","Igreja de Nossa Senhora da Penha","","","true","c42a0f74-9d2a-42a4-86c5-7f3765a763cf","https://tysnkzmljlmmqpbotkxv.supabase.co/storage/v1/object/public/travel-app-images/wikimedia-ab305251/igreja-de-nossa-senhora-da-pen-fileimagem-de-nossa--1757528382511-1.jpg","","1862"
"19fcfeff-254c-4e88-9bcc-ee4184e3ab2f","Mirante do Parque Continental","","","false","","","Edge function error: Edge Function returned a non-2xx status code","617"
"228ac69b-f588-4d45-8883-4afdb606548b","Locomotiva a vapor DÜBS","","","true","b7eda181-77eb-48d4-b4e2-43c54ea72aae","https://tysnkzmljlmmqpbotkxv.supabase.co/storage/v1/object/public/travel-app-images/wikimedia-228ac69b/locomotiva-a-vapor-dbs-fileat-catavento-so--1757528389018-1.jpg","","5350"
"76ebff37-dcdd-4aec-a020-4d3a949f7e23","Retrato de Joaquim Gonçalves Ledo","","","true","bf4f32b1-359d-4edc-b601-f8691f29e8d1","https://tysnkzmljlmmqpbotkxv.supabase.co/storage/v1/object/public/travel-app-images/wikimedia-76ebff37/retrato-de-joaquim-gonalves-le-fileaudio-file-of-re-1757528393819-1.ogg","","2987"
"a2f7b649-b70f-4746-9224-1b54d40166ee","Raposo Tavares","","","true","dbd1f0c2-6590-4746-bfba-83918891a7ec","https://tysnkzmljlmmqpbotkxv.supabase.co/storage/v1/object/public/travel-app-images/wikimedia-a2f7b649/raposo-tavares-fileescultura-de-rap-1757528397797-1.jpg","","3095"
"0fdeaa23-ca92-43d0-b2ee-e1bd365d32d4","Fernão Dias","","","true","a2b4f636-91c8-404e-bd62-09a26bdc7dfa","https://tysnkzmljlmmqpbotkxv.supabase.co/storage/v1/object/public/travel-app-images/wikimedia-0fdeaa23/ferno-dias-filefernao-dias-pais-1757528401887-1.jpg","","2073"
"8fb3ced8-7600-43aa-b06d-b76adc3d2623","Dom Pedro I","","","true","76afdca5-88a0-4c7a-8902-45db93616a3a","https://tysnkzmljlmmqpbotkxv.supabase.co/storage/v1/object/public/travel-app-images/wikimedia-8fb3ced8/dom-pedro-i-filemuseu-do-ipirang-1757528405232-1.jpg","","3489"
"ab14fb22-d039-491b-95c7-5b40a5401040","Ânforas de cristal","","","true","9e4f49b2-c9c2-42e0-a00f-42904cda8ae3","https://tysnkzmljlmmqpbotkxv.supabase.co/storage/v1/object/public/travel-app-images/wikimedia-ab14fb22/nforas-de-cristal-fileanforas-guas-dos-1757528409471-1.jpg","","2595"
"2069db27-af80-443c-9410-7354df6179b4","Fundação da Cidade de São Paulo","","","true","8644f882-77af-49a5-bac3-8d93c89416b6","https://tysnkzmljlmmqpbotkxv.supabase.co/storage/v1/object/public/travel-app-images/wikimedia-2069db27/fundao-da-cidade-de-so-paulo-fileaudio-file-of-fu-1757528413267-1.ogg","","3176"
"cb552bb8-bd24-404a-b58a-92d641c98ab9","Retrato do Conselheiro Bernardo A. Gavião Peixoto","","","true","7a489841-b82d-4b68-a102-33e498c2ab99","https://tysnkzmljlmmqpbotkxv.supabase.co/storage/v1/object/public/travel-app-images/wikimedia-cb552bb8/retrato-do-conselheiro-bernard-fileaudio-file-of-re-1757528421986-1.wav","","5056"
"aca0f6ed-11b6-4053-8df7-5db7f21cb6fe","Retrato de Anchieta","","","true","ab2b99ba-1b8e-47d8-89b5-0372242b578b","https://tysnkzmljlmmqpbotkxv.supabase.co/storage/v1/object/public/travel-app-images/wikimedia-aca0f6ed/retrato-de-anchieta-fileaudio-file-of-re-1757528429556-1.wav","","8255"
"4a8947e4-5888-4aa2-aa5d-6e4406ed43ba","João Ramalho e Filho","","","true","1ebed8a1-8e99-4da9-ab96-cfdf55ebdcf7","https://tysnkzmljlmmqpbotkxv.supabase.co/storage/v1/object/public/travel-app-images/wikimedia-4a8947e4/joo-ramalho-e-filho-fileaudiodescrio-de--1757528437983-1.wav","","6030"
"5b3024bf-8b48-4404-a384-a3971f9282f8","Cacique Tibiriçá e neto","","","true","b7f50b92-4f6a-478e-b1f9-2d4ec3b72e87","https://tysnkzmljlmmqpbotkxv.supabase.co/storage/v1/object/public/travel-app-images/wikimedia-5b3024bf/cacique-tibiri-e-neto-fileaudio-file-of-ca-1757528445133-1.wav","","6587"
"fd863906-afc5-481d-a256-4e42a886f96b","Retrato de Maria Quitéria de Jesus Medeiros","","","true","fe684620-63cc-41c0-919e-abe3604237c2","https://tysnkzmljlmmqpbotkxv.supabase.co/storage/v1/object/public/travel-app-images/wikimedia-fd863906/retrato-de-maria-quitria-de-je-fileaudio-file-of-re-1757528451418-1.ogg","","3195"
"1ebcbb4d-534f-4a2c-9652-33e55cdb9d2d","Teatro Gazeta","","","true","92057ab4-a9ac-42f9-8e5a-e608c8ee01b6","https://tysnkzmljlmmqpbotkxv.supabase.co/storage/v1/object/public/travel-app-images/wikimedia-1ebcbb4d/teatro-gazeta-filefachada-do-prdio-1757528455062-1.jpg","","2695"
"40d2556a-3f76-4284-a3a8-aa3a9f89c359","Vagão de passageiros","","","true","7bf50333-8db3-49a9-aca7-547270b46fa5","https://tysnkzmljlmmqpbotkxv.supabase.co/storage/v1/object/public/travel-app-images/wikimedia-40d2556a/vago-de-passageiros-fileat-paranapiacaba-1757528460035-1.jpg","","6145"
"b21aa6c7-0b87-448e-a8cd-d16bddf2c226","Memorial da Resistência de São Paulo","","","true","d4e1405c-b35b-4643-8a03-9d30939a0a8e","https://tysnkzmljlmmqpbotkxv.supabase.co/storage/v1/object/public/travel-app-images/wikimedia-b21aa6c7/memorial-da-resistncia-de-so-p-filecela-memorial-da-1757528466708-1.jpg","","3505"
"d9c9741e-0583-4bab-b0c1-9e048b8b32c0","Memorial","","","false","","","Edge function error: Edge Function returned a non-2xx status code","534"
"4c016f3a-a921-4b99-a7cf-1a320f6993f8","Locomotiva Elétrica MK 1 C + C - 1","","","true","076b80ac-1e14-4952-8525-9dcfd20e79dd","https://tysnkzmljlmmqpbotkxv.supabase.co/storage/v1/object/public/travel-app-images/wikimedia-4c016f3a/locomotiva-eltrica-mk-1-c-c-1-fileat-catavento-so--1757528472563-1.jpg","","6270"
"782b8c81-d8cf-4666-85f1-7df9d97c5ba8","Teatro Brasileiro de Comédia","","","true","6e3b2f4d-9ca8-49f9-92b6-b248cca9ef81","https://tysnkzmljlmmqpbotkxv.supabase.co/storage/v1/object/public/travel-app-images/wikimedia-782b8c81/teatro-brasileiro-de-comdia-fileaquela-coisa-tod-1757528483291-1.jpg","","2486"
"b0156f10-b5a0-4999-b501-47ab500d2f09","Chafariz dos Contos","","","true","163919b9-a151-4ae2-b31f-cb0ff14bb165","https://tysnkzmljlmmqpbotkxv.supabase.co/storage/v1/object/public/travel-app-images/wikimedia-b0156f10/chafariz-dos-contos-filechafariz-dos-con-1757528486630-1.jpg","","1980"
"3ee66c46-6d3c-40b5-b5b3-e7020b5a7e5e","Cais do Valongo","","","false","","","Edge function error: Edge Function returned a non-2xx status code","506"
"57ab5a4f-e953-45dc-8f31-aae2afd64ef6","Obelisco da Praça 7 de Setembro","","","true","0fd0a159-6b6a-44a7-a2ee-4da107dc21b6","https://tysnkzmljlmmqpbotkxv.supabase.co/storage/v1/object/public/travel-app-images/wikimedia-57ab5a4f/obelisco-da-praa-7-de-setembro-file500px-photo-1546-1757528491867-1.jpeg","","3203"
"99d68021-ba7f-4d67-8dbc-851943b12224","Pico das Agulhas Negras","","","true","cdd5c6dc-6090-4066-b744-cf6369358ac1","https://tysnkzmljlmmqpbotkxv.supabase.co/storage/v1/object/public/travel-app-images/wikimedia-99d68021/pico-das-agulhas-negras-file2009-20090708-26-1757528496466-1.jpg","","4393"
"7eac87dc-8539-4bff-ba40-6af47e0448d7","Morro do Castelo","","","true","f41bd9df-05a6-4851-82f0-c347ed4199fb","https://tysnkzmljlmmqpbotkxv.supabase.co/storage/v1/object/public/travel-app-images/wikimedia-7eac87dc/morro-do-castelo-filea-glria-vista-do-1757528502338-1.jpg","","4966"
"c8ed496c-5a50-40be-8825-4125c96e93c0","Praça do Papa","","","true","35632160-d810-4cea-8d34-7897dd33447b","https://tysnkzmljlmmqpbotkxv.supabase.co/storage/v1/object/public/travel-app-images/wikimedia-c8ed496c/praa-do-papa-fileii-14632925726jp-1757528507646-1.jpg","","3002"
"54c3099b-e89f-49d6-bacb-ef57de97a83d","Mirante do Mangabeiras","","","true","d35fdfd2-074c-4961-a834-d7b6b3e03848","https://tysnkzmljlmmqpbotkxv.supabase.co/storage/v1/object/public/travel-app-images/wikimedia-54c3099b/mirante-do-mangabeiras-filebairrossopedroes-1757528511385-1.jpg","","3490"
"aebcee8b-0599-4682-bbfc-919e9f5008c8","Morro do Livramento","","","true","758777dc-8984-41a2-a264-b997cb4f70e0","https://tysnkzmljlmmqpbotkxv.supabase.co/storage/v1/object/public/travel-app-images/wikimedia-aebcee8b/morro-do-livramento-filequestes-hygienic-1757528516168-1.pdf","","3759"
"f00280cc-5412-4391-8693-d6b76eba8c10","Gruta Rei do Mato","","","true","b95a0dc7-bbac-4899-975a-48e851976fd5","https://tysnkzmljlmmqpbotkxv.supabase.co/storage/v1/object/public/travel-app-images/wikimedia-f00280cc/gruta-rei-do-mato-fileentrada-da-gruta-1757528520168-1.jpg","","3058"
"5e35357a-9592-40b0-924b-0d4b3b81bd5f","Serra da Piedade","","","true","5da0a0da-7ba1-43a7-8cd6-160ca4624f7e","https://tysnkzmljlmmqpbotkxv.supabase.co/storage/v1/object/public/travel-app-images/wikimedia-5e35357a/serra-da-piedade-filesem-nome-5jpg-1757528529011-1.jpg","","3801"
"da637f80-4449-44c1-9660-a37e4c5c6558","Pico Agudo","","","true","5909977e-fd1e-4d2c-858f-5a211f01f60e","https://tysnkzmljlmmqpbotkxv.supabase.co/storage/v1/object/public/travel-app-images/wikimedia-da637f80/pico-agudo-fileagulhajpg-1757528533607-1.jpg","","2995"
"3a5baec3-6c00-4253-b231-37b702299002","Pedra de São Domingos","","","true","7e0e3efd-50d9-4c32-b6d4-48b091eb533b","https://tysnkzmljlmmqpbotkxv.supabase.co/storage/v1/object/public/travel-app-images/wikimedia-3a5baec3/pedra-de-so-domingos-filepedra-de-so-domi-1757528537229-1.jpg","","3716"
"39699903-6518-4975-8514-31b0af89baed","Dedo de Deus","","","true","5dac5d4d-d99c-4817-9cd5-e55523b1cefd","https://tysnkzmljlmmqpbotkxv.supabase.co/storage/v1/object/public/travel-app-images/wikimedia-39699903/dedo-de-deus-fileangeloleitholdde-1757528541836-1.jpg","","2277"
"1a049107-1075-4e24-bca3-1a18cc99f190","Pedra do Sino","","","true","660a9665-b3ed-4eda-a345-a79c4ee52e69","https://tysnkzmljlmmqpbotkxv.supabase.co/storage/v1/object/public/travel-app-images/wikimedia-1a049107/pedra-do-sino-fileamanhecer-no-par-1757528545106-1.jpg","","2888"
"78a527b2-86d8-4cbc-9b0b-cc8152ff56e6","Pico Itaguaré","","","true","b07ea690-64cd-44f3-9d48-984fd348ed33","https://tysnkzmljlmmqpbotkxv.supabase.co/storage/v1/object/public/travel-app-images/wikimedia-78a527b2/pico-itaguar-filecontorno-do-pico-1757528549231-1.jpg","","3004"
"e57ca786-1c18-4b63-af5a-c99ad886aee3","Pico dos Marins","","","true","39445b76-a869-419a-b01e-fd3ea7ed9a22","https://tysnkzmljlmmqpbotkxv.supabase.co/storage/v1/object/public/travel-app-images/wikimedia-e57ca786/pico-dos-marins-file1-pico-dos-marin-1757528553781-1.jpg","","4516"
"d761af8d-923e-49c6-82c1-da13e1c09e86","Monumento Natural dos Costões Rochosos","","","false","","","Edge function error: Edge Function returned a non-2xx status code","603"
"2bd9ccd0-43d7-4dfb-a07d-4d3dd4651381","Pico do Papagaio","","","true","b6c6116a-daeb-4bbc-9969-0a8b41df2754","https://tysnkzmljlmmqpbotkxv.supabase.co/storage/v1/object/public/travel-app-images/wikimedia-2bd9ccd0/pico-do-papagaio-fileaiuruoca-poo-joa-1757528560321-1.jpg","","3332"
"43dc829a-4891-47ee-8a54-cfc20df184d3","Pedra da Mina","","","true","a30ba76a-2aa4-45e9-adda-72ff1c509991","https://tysnkzmljlmmqpbotkxv.supabase.co/storage/v1/object/public/travel-app-images/wikimedia-43dc829a/pedra-da-mina-file100-1518-por-do--1757528564919-1.jpg","","3340"
"dd948064-beb7-4d44-a8b0-3a496c3eef91","Pedra Partida","","","true","a4cffd83-d793-491e-ab1e-da8bee6cbb5c","https://tysnkzmljlmmqpbotkxv.supabase.co/storage/v1/object/public/travel-app-images/wikimedia-dd948064/pedra-partida-filedo-topo-da-pedra-1757528574132-1.jpg","","5162"
"55311bce-bc86-42c0-895d-b9b465d9b7ac","Estátua de Castelo Branco","","","false","","","Edge function error: Edge Function returned a non-2xx status code","573"
"afb71eec-a552-4fbc-aa34-797cce882cec","Estátua da Liberdade da Havan","","","false","","","Edge function error: Edge Function returned a non-2xx status code","697"
"5eba3225-cacb-4ce7-9b13-16758d7259f4","Monumento em Homenagem aos Militares do 4º RCD Mortos no Cumprimento do Dever","","","false","","","Edge function error: Edge Function returned a non-2xx status code","574"
"65fb3361-55f0-477f-bbff-6550aaa0f98d","Arma de Engenharia","","","false","","","Edge function error: Edge Function returned a non-2xx status code","447"
"0e317e9c-9695-4602-876a-7fc4a401cab2","Busto do General Plínio Pitaluga","","","false","","","Edge function error: Edge Function returned a non-2xx status code","630"
"65a770d6-700a-4929-aa97-d94dadf8a50e","Frei Orlando","","","false","","","Edge function error: Edge Function returned a non-2xx status code","731"
"c428cae3-b850-4087-a8de-fc8834d991bf","Busto de Antônio Viol","","","false","","","Edge function error: Edge Function returned a non-2xx status code","560"
"b5027e12-1d62-45c1-9133-97e42bbee185","Monumento à Mãe Mineira","","","true","cd60de9d-6197-409e-9930-bf432a94f24f","https://tysnkzmljlmmqpbotkxv.supabase.co/storage/v1/object/public/travel-app-images/wikimedia-b5027e12/monumento-me-mineira-fileparque-municipal-1757528591192-1.jpg","","4836"
"802137cc-78f3-4154-be74-eedce9f26f3b","Morro da Providência","","","true","d4eb455f-b457-49d5-bfa9-55a4b37cb2ad","https://tysnkzmljlmmqpbotkxv.supabase.co/storage/v1/object/public/travel-app-images/wikimedia-802137cc/morro-da-providncia-filequestes-hygienic-1757528596714-1.pdf","","3383"
"ffbe9db2-50e3-4a19-9b51-ea5d0d71f867","Deusa das Águas","","","true","07f0287f-f16b-4919-a1c6-6dde435ae81a","https://tysnkzmljlmmqpbotkxv.supabase.co/storage/v1/object/public/travel-app-images/wikimedia-ffbe9db2/deusa-das-guas-fileparque-municipal-1757528605196-1.jpg","","4005"