ID,Name,City,State,Wikimedia_URL,Has_Image_URL,Has_OSM_Tags
"8350bd10-865c-42cb-8c4f-7fd6d136ca8e","Castelinho do Flamengo","Rio de Janeiro","RJ","https://commons.wikimedia.org/wiki/Category:Castelinho do Flamengo","true","false"
"1c7a2638-ad5c-435e-be2a-9fe60bd1e779","Centro Cultural e Informativo do Consulado Geral do Japão no Rio de Janeiro","Rio de Janeiro","RJ","https://commons.wikimedia.org/wiki/File:Entrada do Consulado-geral do Japão no Rio de Janeiro.jpg","true","false"
"f0f26949-7a79-44e4-b01c-ce02e18a85da","Museu do Ingá","Rio de Janeiro","RJ","https://commons.wikimedia.org/wiki/Category:Museu de História e Artes do Estado do Rio de Janeiro","true","false"
"903cbf35-9ecd-4863-a875-cc36c5518955","Aos Herois de Laguna e Dourados","Rio de Janeiro","RJ","https://commons.wikimedia.org/wiki/Category:Monumento aos Heróis de Laguna e Dourados","true","false"
"f8a99329-4b0f-4e7e-b83b-b94a644b93c1","Pedra da Gávea","Rio de Janeiro","RJ","https://commons.wikimedia.org/wiki/Category:Pedra da Gávea","true","false"
"592d9ba2-6dcc-4d3c-84d3-5f2b20b978de","Morro da Urca","Rio de Janeiro","RJ","https://commons.wikimedia.org/wiki/Category:Morro da Urca","true","false"
"c786721c-39e2-46a7-a411-813e25a8d12f","Pedra Bonita","Rio de Janeiro","RJ","https://commons.wikimedia.org/wiki/Category:Pedra Bonita (Rio de Janeiro)","true","false"
"567e31b8-f0a6-46ab-b8f0-35729265a8da","Museu da República","Rio de Janeiro","RJ","https://commons.wikimedia.org/wiki/Category:Palácio do Catete","true","false"
"501659d6-f058-4290-82b6-671ac19cd1c2","Sala Cecília Meireles","Rio de Janeiro","RJ","https://commons.wikimedia.org/wiki/Category:Sala Cecília Meireles","true","false"
"0e4ef566-da16-496f-815f-7aaa141506f5","Igreja de Nossa Senhora do Carmo da Lapa do Desterro","Rio de Janeiro","RJ","https://commons.wikimedia.org/wiki/Category:Igreja Nossa Senhora do Carmo da Lapa do Desterro","true","false"
"7a5ff5d2-3a18-471d-8381-b2e1cb105a7f","Morro da Muzema","Rio de Janeiro","RJ","https://commons.wikimedia.org/wiki/Category:Morro da Muzema","true","false"
"ea1632e6-9962-467e-86a0-ad3fde6ec241","Pedra da Panela","Rio de Janeiro","RJ","https://commons.wikimedia.org/wiki/Category:Pedra da Panela","true","false"
"f2d582ef-af77-474f-a72e-bf59ee770c72","Teatro Municipal Carlos Gomes","Rio de Janeiro","RJ","https://commons.wikimedia.org/wiki/Category:Teatro Carlos Gomes (Rio de Janeiro)","true","false"
"0822aab7-35f7-493b-a5be-862922837f42","Corcovado","Rio de Janeiro","RJ","https://commons.wikimedia.org/wiki/Category:Corcovado","true","false"
"1a2b1079-7865-4d8f-8dad-89bbf0444886","Morro Cara de Cão","Rio de Janeiro","RJ","https://commons.wikimedia.org/wiki/Category:Morro Cara de Cão","true","false"
"e36fa43d-f7a5-4d1c-8249-d4e5ff0a2115","Pinheiro Machado","Rio de Janeiro","RJ","https://commons.wikimedia.org/wiki/Category:Monumento ao Senador Pinheiro Machado","true","false"
"09348829-dc6b-4001-bccb-102f3fe5017d","Morro do Elefante","Rio de Janeiro","RJ","https://commons.wikimedia.org/wiki/Category:Morro do Elefante","true","false"
"37ee05b6-bef5-4e01-b91c-5a6a0546a9f9","Morro do Borel","Rio de Janeiro","RJ","https://commons.wikimedia.org/wiki/Category:Morro do Borel","true","false"
"ca8b8669-9894-40f6-bb40-508e08ea0216","Pedra dos Cabritos","Rio de Janeiro","RJ","https://commons.wikimedia.org/wiki/Category:Pedra dos Cabritos","true","false"
"a89ba19d-a339-4637-b389-f131891ddada","Retrato do Padre Diogo Antônio Feijó","São Paulo","SP","https://commons.wikimedia.org/wiki/Category:Retrato do Padre Diogo Antônio Feijó (Oscar Pereira da Silva)","true","false"
"51627bcc-38a8-4157-9a0a-54b21190fde6","Museu do Universo","Rio de Janeiro","RJ","https://commons.wikimedia.org/wiki/Category:Museu do Universo","true","false"
"8adffd93-0a13-4770-baff-91790d1dd322","Estátua de Teixeira Soares","Rio de Janeiro","RJ","https://commons.wikimedia.org/wiki/Category:Teixeira Soares (sculpture)","true","false"
"138cd721-2316-4803-aa8d-e8023da557df","Príncipe Regente Dom Pedro e Jorge de Avilez a Bordo da Fragata União","São Paulo","SP","https://commons.wikimedia.org/wiki/Category:Pedro I do Brasil e Avilez","true","false"
"bb64eba6-4f18-4618-97f0-4b644cadc520","Busto de Bartolomeu Mitre","Rio de Janeiro","RJ","https://commons.wikimedia.org/wiki/Category:Bust of Bartolomé Mitre (Rio de Janeiro)","true","false"
"1b2cd12f-3858-42ec-a168-2790cd126993","Ismael Silva","Rio de Janeiro","RJ","https://commons.wikimedia.org/wiki/Category:Ismael Silva (sculpture)","true","false"
"689ed2e4-5373-4b10-9dcc-0fc19175c302","Memorial a Aldir Blanc","Rio de Janeiro","RJ","https://commons.wikimedia.org/wiki/File:Monumento_no_Jardim_Aldir_Blanc.jpg","true","false"
"a0e5fd39-0386-42bb-ba69-10a882d1df0f","Coronel Xavier de Brito","Rio de Janeiro","RJ","https://commons.wikimedia.org/wiki/Category:Busto do Coronel Xavier de Brito (Rio de Janeiro)","true","false"
"3b612a98-216f-4e6e-8f4a-ab3856b8b27a","Nijinski","Rio de Janeiro","RJ","https://commons.wikimedia.org/wiki/Category:Nijinsky (sculpture)","true","false"
"1650ef03-64ea-4f29-8487-b6ba5754ad3b","Teatro Riachuelo","Rio de Janeiro","RJ","https://commons.wikimedia.org/wiki/Category:Teatro Riachuelo (Rio de Janeiro)","true","false"
"4e656b9a-9780-444b-8cc6-79b6d22adacb","Morro de São Maron","Rio de Janeiro","RJ","https://commons.wikimedia.org/wiki/Category:Maron (saint)","true","false"
"d4e10ee9-e155-4877-92b5-cc0ec52d66fe","Museu Marítimo","Santos","SP","https://commons.wikimedia.org/wiki/Category:Museu Marítimo","true","false"
"1acc8b7f-81f9-4158-8cb0-4818ea5bcaa0","Partida de Porto Feliz","São Paulo","SP","https://commons.wikimedia.org/wiki/Category:Partida de Porto Feliz","true","false"
"62771072-4495-490f-8e62-86d9ac832b12","Pedra do Telégrafo","Rio de Janeiro","RJ","https://commons.wikimedia.org/wiki/Category:Morro de Guaratiba","true","false"
"61ba803e-b5e4-4cbd-bf69-76965567e55f","Retrato de José Bonifácio de Andrada e Silva","São Paulo","SP","https://commons.wikimedia.org/wiki/Category:José Bonifácio de Andrada e Silva by Benedito Calixto","true","false"
"14414fcc-2c06-4019-8984-1735fa30f3eb","Passo da Ponte Seca","Belo Horizonte","BH","https://commons.wikimedia.org/wiki/Category:Passo da Ponte Seca","true","false"
"622b23b3-95b8-48b7-89fb-028ad1ab5409","Ilha Porchat","island","SP","https://commons.wikimedia.org/wiki/Category:Ilha Porchat","true","false"
"0daa4bf1-7fbe-4e87-bb57-c2053be9eedd","Pico do Cristal","Vitória","ES","https://commons.wikimedia.org/wiki/Category:Pico do Cristal","true","false"
"dd18bba0-9a0f-4c12-9d12-5d980f4ecae3","Igreja de São Salvador","Região de SE","SE","https://commons.wikimedia.org/wiki/Category:Igreja de São Salvador (Aracaju)","true","false"
"0c3d23ee-ed36-4a61-b481-ae82b110cdbc","Combate de Botocudos em Mogi das Cruzes","São Paulo","SP","https://commons.wikimedia.org/wiki/Category:Combate de Botocudos em Mogi das Cruzes","true","false"
"5d9bba29-c08e-4f15-927e-4675168e2d19","Aquário de Ubatuba","Ubatuba","SP","https://commons.wikimedia.org/wiki/Category:Aquário de Ubatuba","true","false"
"39931a9d-876a-4343-a2d7-c35136a0f6d8","Construção de Açude - Fazenda Cachoeira - Campinas","Campinas","SP","https://commons.wikimedia.org/wiki/Category:Construção de Açude - Fazenda Cachoeira","true","false"
"f66bc59d-97c3-478e-9eb3-4f946bac9a2d","Capela de Nossa Senhora dos Anjos","Belo Horizonte","BH","https://commons.wikimedia.org/wiki/Category:Capela de Nossa Senhora dos Anjos (Mariana)","true","false"
"268e6988-ceff-4c9b-a33f-9e2bd950e158","Monumento Cruz do Pascoal","Salvador","BA","https://commons.wikimedia.org/wiki/Category:Oratório Público da Cruz do Pascoal","true","false"
"c414c43b-4765-409a-9008-724b1aaf5c66","Monjolo Comum - Primórdios da Lavoura Paulista","Primórdios da Lavoura Paulista","SP","https://commons.wikimedia.org/wiki/Category:Monjolo Comum - Primórdios da Lavoura Paulista","true","false"
"a4ea0c1a-b75d-40b0-a7a8-6bc870239eed","Bica da Rainha","Rio de Janeiro","RJ","https://commons.wikimedia.org/wiki/Category:Bica da Rainha","true","false"
"a68bdfb1-bf1d-456f-a664-414449eb135a","Museu Franciscano de Arte Sacra","Região de PB","PB","https://commons.wikimedia.org/wiki/Category:Museu Franciscano de Arte Sacra","true","false"
"38656ff8-5c90-4d9c-b590-64b3ef3a27db","Dom Pedro II","Rio de Janeiro","RJ","https://commons.wikimedia.org/wiki/Category:Statue of Pedro II of Brazil in Quinta da Boa Vista","true","false"
"4058c1d6-3398-4f64-ab9a-1647a21d67e2","Estátua Maria Leopoldina","Rio de Janeiro","RJ","https://commons.wikimedia.org/wiki/Category:Monument to Maria Leopoldina (Quinta da Boa Vista)","true","false"
"d472a6be-3571-45c0-813b-135c011da33a","Instituto Tomie Ohtake","Sao Paulo","SP","https://commons.wikimedia.org/wiki/Category:Instituto Tomie Ohtake","true","false"
"b905ea79-51ce-4866-a601-89fe2faa6ba2","João Paulo II","Rio de Janeiro","RJ","https://commons.wikimedia.org/wiki/Category:João Paulo II statue (Rio de Janeiro)","true","false"
"6058d035-9dca-4262-abd9-0c946e297bed","Jesus Sem-teto","Rio de Janeiro","RJ","https://commons.wikimedia.org/wiki/Category:Homeless Jesus by Timothy Schmalz, Catedral de São Sebastião do Rio de Janeiro","true","false"
"75f5156c-ee66-4025-afed-4f81973f35c9","Casa de Cultura Câmara Torres","Rio de Janeiro","RJ","https://commons.wikimedia.org/wiki/Category:Casa da Cultura Câmara Torres","true","false"
"6b9aea3c-056d-439a-a314-f80269324c8a","Monumento a Suzana Dias","São Paulo","SP","https://commons.wikimedia.org/wiki/Category:Suzana Dias (sculpture)","true","false"
"3fec8199-e996-4075-a847-595ab06c886f","Monumento a Frei Agostinho de Jesus","São Paulo","SP","https://commons.wikimedia.org/wiki/Category:Frei Agostinho de Jesus (sculpture)","true","false"
"6cc6e55c-d8fc-4f2b-b0de-089cae59c90b","Pedra da Galinha Choca","Fortaleza","CE","https://commons.wikimedia.org/wiki/Category:Pedra da Galinha Choca","true","false"
"cc30243b-1aef-452c-8f4c-65d40f524858","Pico da Bandeira","Vitória","ES","https://commons.wikimedia.org/wiki/Category:Pico da Bandeira","true","false"
"ff64e936-df5e-4f71-ac1a-dc346c7eec42","Estátua Princesa Isabel","Rio de Janeiro","RJ","https://commons.wikimedia.org/wiki/Category:Isabel, Princess Imperial of Brazil","true","false"
"c9e7e483-285c-4f60-9dbd-b21d684f8498","Confeitaria Colombo","Rio de Janeiro","RJ","https://commons.wikimedia.org/wiki/Category:Confeitaria Colombo","true","false"
"d5264cf2-7d5e-4071-bd2b-31025bd9a94a","Museu de Arte Moderna da Bahia","Salvador","BA","https://commons.wikimedia.org/wiki/Category:Museu de Arte Moderna da Bahia","true","false"
"bc664dd8-e55a-4abe-992a-3eda14a5c9cf","Museu de Geociências","São Paulo","SP","https://commons.wikimedia.org/wiki/Category:Museu de Geociências (USP)","true","false"
"697cc5a6-125c-478a-91ac-fdf5d59318d7","Gruta de Maquiné","Belo Horizonte","BH","https://commons.wikimedia.org/wiki/Category:Gruta de Maquiné","true","false"
"41f27083-27d8-4bf4-9bf8-c0db7b4cb16a","Garganta del Diablo","Curitiba","PR","https://commons.wikimedia.org/wiki/Category:Garganta do Diabo","true","false"
"629bc914-5252-4c34-90a1-d4c71d2d6777","Pico do Papagaio","Rio de Janeiro","RJ","https://commons.wikimedia.org/wiki/Category:Pico do Papagaio (Angra dos Reis)","true","false"
"e47e130f-6d8d-4a96-8720-ab29aa5deb59","Capela Mayrink","Rio de Janeiro","RJ","https://commons.wikimedia.org/wiki/Category:Capela Mayrink","true","false"
"edcb9e4b-f526-48df-9781-b98cada54f7d","Teatro Glauce Rocha","Rio de Janeiro","RJ","https://commons.wikimedia.org/wiki/Category:Teatro Glauce Rocha (Rio de Janeiro)","true","false"
"1120f7c6-1a2d-4578-9b2f-735445a2a320","Bico do Papagaio","Rio de Janeiro","RJ","https://commons.wikimedia.org/wiki/Category:Bico do Papagaio (Rio de Janeiro)","true","false"
"7a234b6c-2e9c-41fd-875d-2042cec98450","Museu da Cidade","Salvador","BA","https://commons.wikimedia.org/wiki/Category:Museu da Cidade, Salvador","true","false"
"c2c33947-06c1-4676-9067-261cab5cc161","Baleia","Porto Alegre","RS","https://commons.wikimedia.org/wiki/File:Baleia_da_UNISINOS.jpg","true","false"
"28b83861-b33b-4030-a7cb-e5db526c2f81","Mahatma Gandhi","Rio de Janeiro","RJ","https://commons.wikimedia.org/wiki/Category:Estátua de Mahatma Gandhi (Rio de Janeiro)","true","false"
"3338d7bc-4207-4999-b0d5-1f1e0d7347f5","Museu do Açude","Rio de Janeiro","RJ","https://commons.wikimedia.org/wiki/Category:Museu do Açude","true","false"
"7e7f26dc-8fc6-403b-8960-65fa5a965265","Igreja do Boqueirão","Salvador","BA","https://commons.wikimedia.org/wiki/Category:Igreja de Nossa Senhora da Conceição do Boqueirão","true","false"
"8158d8e7-460f-4279-9a43-163d1e7a9e39","Farol de Ponta Verde","Região de AL","AL","https://commons.wikimedia.org/wiki/File:Farol_da_Ponta_Verde_(51442877377).jpg","true","false"
"41e8b592-6d53-453c-89c6-bb87559c1691","Museu Histórico e Diplomático do Itamaraty","Rio de Janeiro","RJ","https://commons.wikimedia.org/wiki/Category:Museu Histórico e Diplomático","true","false"
"c0e21f53-a3e8-4c52-974a-55ef6aeb5bc8","Parque Arqueológico Itacoatiara do Ingá","Região de PB","PB","https://commons.wikimedia.org/wiki/Category:Pedra do Ingá","true","false"
"7d2a83c6-57e6-4759-87ef-abe22d44a8cd","Arcos da Orla","Região de SE","SE","https://commons.wikimedia.org/wiki/Category:Arcos da Orla de Atalaia","true","false"
"c84df6ef-b0d5-47b4-a0e3-b0de4474e273","Pedra do Tendó","Fortaleza","CE","https://commons.wikimedia.org/wiki/Category:Pedra do Tendó","true","false"
"b8e9bfa7-299c-4ced-8cc4-4a310c7366bf","Museu Abelardo Rodrigues","Salvador","BA","https://commons.wikimedia.org/wiki/Category:Museu Abelardo Rodrigues","true","false"
"28d1d5ca-81ef-499b-806a-3c53c8a0d595","Fundação Casa de Jorge Amado","Salvador","BA","https://commons.wikimedia.org/wiki/Category:Fundação Casa de Jorge Amado","true","false"
"2fd60e34-5520-41c3-80b7-eb9c5fe89231","Museu da Gastronomia Baiana","Salvador","BA","https://commons.wikimedia.org/wiki/Category:Museu da Gastronomia Baiana","true","false"
"da63bb29-59eb-46c9-b1b8-8ca922c3c8f8","Teatro Miguel Santana","Salvador","BA","https://commons.wikimedia.org/wiki/Category:Teatro Miguel Santana","true","false"
"20f10fd7-5d3b-44ee-acd2-6ab02c13b3cb","Pico do Jabre","Fortaleza","CE","https://commons.wikimedia.org/wiki/Category:Pico do Jabre","true","false"
"b94c2376-2abc-400e-8af7-16e1a4986970","Ponta do Humaitá","Salvador","BA","https://commons.wikimedia.org/wiki/Category:Ponta de Humaitá","true","false"
"8d579ec5-dfc5-4ec9-8ba2-497b5c99d1ba","Museu de Arte Popular","Região de PB","PB","https://commons.wikimedia.org/wiki/Category:Museu de Arte Popular da Paraíba","true","false"
"17a9d4c4-a945-412c-8006-f6167592cabf","Museu de Arqueologia de Itaipu","Niterói","RJ","https://commons.wikimedia.org/wiki/Category:Museu Socioambiental de Itaipu","true","false"
"7b3416e4-5bfb-4680-8613-c52e69cc12eb","Juscelino Kubitschek","Rio de Janeiro","RJ","https://commons.wikimedia.org/wiki/Category:Busto de Juscelino Kubitschek (Rio de Janeiro)","true","false"
"00ca0d87-a97e-4c16-a10d-483bb5474a5c","Pico do Papagaio","Região de PB","PB","https://commons.wikimedia.org/wiki/Category:Pico do Papagaio (Triunfo)","true","false"
"2d8bb19f-81a3-4ef4-9630-64762f552861","Pedra da Macela","Rio de Janeiro","RJ","https://commons.wikimedia.org/wiki/Category:Pedra da Macela","true","false"
"84916f65-e30c-465a-98a3-56b7101e5ff9","Teatro Espaço","Rio de Janeiro","RJ","https://commons.wikimedia.org/wiki/Category:Teatro Espaço","true","false"
"792bbfd4-ef9a-4665-b5e8-a07bc1f437e0","Morro do Sacopã","Rio de Janeiro","RJ","https://commons.wikimedia.org/wiki/Category:Morro do Sacopã","true","false"
"4cdf2ba0-33c7-4d3a-a0c9-38a99496931b","Museu das Bandeiras","Goiânia","GO","https://commons.wikimedia.org/wiki/Category:Museu das Bandeiras","true","false"
"92b41ac8-40d4-4daf-ac09-620e7e9e5d4f","Museu do Catetinho","Brasília","DF","https://commons.wikimedia.org/wiki/Category:Catetinho","true","false"
"c10fc4cd-72e0-45ad-b2af-dbf103850bf1","Pedra Fundamental de Brasília","Brasília","DF","https://commons.wikimedia.org/wiki/Category:Pedra fundamental de Brasília","true","false"
"40e1d022-3523-49d4-89ff-dac8f900ccb0","Complexo Cultural da República","Brasília","DF","https://commons.wikimedia.org/wiki/Category:Complexo Cultural da República","true","false"
"122353aa-52e7-4d5c-9873-369225f85cea","Espaço Cultural Lúcio Costa - Maquete de Brasília","Brasilia","DF","https://commons.wikimedia.org/wiki/Category:Espaço Lúcio Costa","true","false"
"43fba817-7265-4b5a-ac0d-948d012da9a3","Pombal","Brasília","DF","https://commons.wikimedia.org/wiki/Category:Pombal (Brasília)","true","false"
"a9d2b37a-e891-4fa0-a8af-13c37e3dfe9f","Museu Casa Guignard","Belo Horizonte","BH","https://commons.wikimedia.org/wiki/Category:Museu Casa Guignard","true","false"
"3a02a15f-04a4-473c-9563-53b26c1c8ce7","Igreja da Ordem Terceira da Santíssima Trindade","Salvador","BA","https://commons.wikimedia.org/wiki/Category:Igreja da Ordem Terceira da Santíssima Trindade","true","false"
"d9987fe2-78fb-492c-bf2f-b0e09939d8e5","Teatro Jorge Amado","Salvador","BA","https://commons.wikimedia.org/wiki/Category:Teatro Jorge Amado","true","false"
"c73fdaf6-72de-4fec-8032-12a82b554b30","A Justiça","Brasília","DF","https://commons.wikimedia.org/wiki/Category:Justiça (Alfredo Ceschiatti)","true","false"
"046ee61c-0b23-4dd1-8686-2cd874e21fea","Forte São Pedro","Salvador","BA","https://commons.wikimedia.org/wiki/Category:Forte de São Pedro (Salvador)","true","false"
"0c056c96-eaac-47b4-877f-9a08943474d5","Igreja Nossa Senhora da Escada","Salvador","BA","https://commons.wikimedia.org/wiki/Category:Capela de Nossa Senhora da Escada","true","false"
"4f85a60e-27d7-480b-af67-f0f187ceac83","Igreja Nossa Senhora do Monte","Região de PB","PB","https://commons.wikimedia.org/wiki/Category:Igreja de Nossa Senhora do Monte (Olinda)","true","false"
"7ef385bd-0348-4489-85d3-3f8cca8c12db","Estátua de Marechal Juarez Távora","Fortaleza","CE","https://commons.wikimedia.org/wiki/Category:Juarez Távora","true","false"
"62024cf0-8057-49c8-8501-63adc1037e5b","Saltos del Moconá","Porto Alegre","RS","https://commons.wikimedia.org/wiki/Category:Saltos del Moconá","true","false"
"6882de0e-7a20-4961-aa0a-1318440190c9","Igreja de São Francisco da Prainha","Rio de Janeiro","RJ","https://commons.wikimedia.org/wiki/Category:Igreja de São Francisco da Prainha","true","false"
"8279e106-9791-4c70-91c4-a2cf3d6fa4b8","Praça do Voluntário","Campo Grande","MS","https://commons.wikimedia.org/wiki/File:Jardim Alto da Boa Vista (Presidente Prudente) - Praça dos Voluntários.JPG","true","false"
"d2e75d9b-8122-4f50-8e4a-4b2f4a242515","Igreja Matriz de São Miguel e Almas","Jequitinhonha","BA","https://commons.wikimedia.org/wiki/File:Paróquia São Miguel e Almas de Jequitinhonha.jpg","true","false"
"6a651f50-deb7-4cf8-a45f-d82188d973b2","Igreja Matriz de Nossa Senhora da Conceição","Serro","MG","https://commons.wikimedia.org/wiki/Category:Igreja Matriz de Nossa Senhora da Conceição (Serro)","true","false"
"01590680-bd96-47b3-afdd-7c342f0f7ce0","Museu de Cabangu","Belo Horizonte","BH","https://commons.wikimedia.org/wiki/Category:Museu de Cabangu","true","false"
"ec1e2853-1f24-4c47-9330-941dcb0e78d8","Marco das Três Fronteiras","Porto Alegre","RS","https://commons.wikimedia.org/wiki/File:Marco das Três Fronteiras - Itapiranga.jpg","true","false"
"4a6b8c58-9687-445a-a72d-1ee01f3128fa","Grande Sala","Rio de Janeiro","RJ","https://commons.wikimedia.org/wiki/File:Cidade das Artes nov 2017 06.jpg","true","false"
"0004411f-b2b3-4d8c-9074-461e066d7976","Sala de Leitura","Rio de Janeiro","RJ","https://commons.wikimedia.org/wiki/Category:Sala de Leitura, Cidade das Artes","true","false"
"2eb7cdfb-0038-40ca-bea4-15ea087c419c","Museu da Polícia Civil","Rio de Janeiro","RJ","https://commons.wikimedia.org/wiki/Category:Museu da Polícia Civil (Rio de Janeiro)","true","false"
"4454254b-1af8-4e2e-b14b-2d2496357e9a","Obelisco Militar de Brasília","Brasília","DF","https://commons.wikimedia.org/wiki/File:Army_Headquarters_Brasilia.jpg","true","false"
"cc081e62-f3f3-485c-9f76-8de948633c41","Mirante do Sacopã","Rio de Janeiro","RJ","https://commons.wikimedia.org/wiki/Category:Mirante do Sacopã","true","false"
"4bc187f8-1487-4ece-aba8-f51660667423","Noel Rosa","Rio de Janeiro","RJ","https://commons.wikimedia.org/wiki/Category:Noel Rosa (statue)","true","false"
"c6a7d23f-d789-4812-853e-06ab0be8d9cc","Ludwik Lejzer Zamenhof","Curitiba","PR","https://commons.wikimedia.org/wiki/File:LudwikLejzerZamenhof.Esperanto.Curitiba.JPG","true","false"
"15f2e9e6-5de5-4646-8c05-a17fe43421de","Igreja Ortodoxa São Jorge","Brasília","DF","https://commons.wikimedia.org/wiki/Category:Igreja Ortodoxa Sao Jorge (Brasília)","true","false"
"a3a356e0-d6ac-41e2-bd5d-3f3d8c81ce85","Museu do Mar","Santos","SP","https://commons.wikimedia.org/wiki/Category:Museu do Mar (Santos)","true","false"
"79ad0ece-c122-4f33-8eca-9f9cb93a496c","Fazenda São Bernardino","Nova Iguaçu","MG","https://commons.wikimedia.org/wiki/Category:Fazenda São Bernardino","true","false"
"4513e234-b8c1-41fd-9277-9f50a44605a9","Igreja de Nossa Senhora da Penha","Salvador","BA","https://commons.wikimedia.org/wiki/Category:Igreja Nossa Senhora da Penha","true","false"
"c170df50-df31-419b-a037-8d7eaae0c813","Capela Dourada","Região de PB","PB","https://commons.wikimedia.org/wiki/Category:Capela Dourada (Recife)","true","false"
"7b5703bf-772e-440f-883e-8f5bd9cab5ea","Museu da Música Brasileira","Salvador","BA","https://commons.wikimedia.org/wiki/Category:Museu da Música Brasileira","true","false"
"f4348741-58ce-486e-8e71-efffd6564594","À Paz, Ampulheta","Ampulheta","RJ","https://commons.wikimedia.org/wiki/Category:Monumento à Paz Mundial","true","false"
"4785fdae-375f-493e-a25f-735732a05e4b","Ana Carolina da Costa Lino","Rio de Janeiro","RJ","https://commons.wikimedia.org/wiki/Category:Ana Carolina (statue)","true","false"
"04f788ea-8b65-436f-83f3-4270d9128942","Canto das Sereias","Rio de Janeiro","RJ","https://commons.wikimedia.org/wiki/Category:Canto das Sereias (sculpture)","true","false"
"0046a417-8e0b-4ed9-a9e9-5af913bd7c0b","Museu do Homen do Nordeste","Casa Forte","PB","https://commons.wikimedia.org/wiki/Category:Museu do Homem do Nordeste","true","false"
"67d60edb-0a9b-4b9c-882a-5ac999faf739","Cruz Caída","Salvador","BA","https://commons.wikimedia.org/wiki/Category:Cruz Caída","true","false"
"9ce97aae-a0ab-4d49-a694-ea7521dc9328","Museu Penitenciário do Estado do Rio de Janeiro","Rio de Janeiro","RJ","https://commons.wikimedia.org/wiki/Category:Museu Penitenciário do Estado do Rio de Janeiro","true","false"
"d3dbb167-e8fe-4d78-93b2-17eb38830929","Casa Museu Pedro Américo","Região de PB","PB","https://commons.wikimedia.org/wiki/Category:Museu Casa de Pedro Américo","true","false"
"91c55870-458b-416a-b3ed-be7b948caabc","Teatro ICBA","Salvador","BA","https://commons.wikimedia.org/wiki/Category:Teatro ICBA","true","false"
"db081dd6-1ab1-4f9a-97d1-48e7f8e8cec4","Iemanjá","Salvador","BA","https://commons.wikimedia.org/wiki/Category:Escultura Yemanjá","true","false"
"927ce6d3-604d-4100-adac-7c36f1dd2d9b","Museu da Cidade do Recife","Recife","PB","https://commons.wikimedia.org/wiki/Category:Museu da Cidade do Recife","true","false"
"91c45228-06ba-4024-932d-75f260d1ab3a","Dom Pedro Fernandes Sardinha","Salvador","BA","https://commons.wikimedia.org/wiki/File:BispoSardinha.jpg","true","false"
"bb8023f7-5348-416f-92c3-b181aa71f164","Tortura Nunca Mais","Região de PB","PB","https://commons.wikimedia.org/wiki/Category:Monumento Tortura Nunca Mais","true","false"
"575b5902-c72d-467b-8f6b-113417917f4e","Estrella","São Paulo","SP","https://commons.wikimedia.org/wiki/Category:Estrella","true","false"
"6ae88715-e3e6-4cda-82b0-c6c186a551e3","José de Anchieta","São Paulo","SP","https://commons.wikimedia.org/wiki/Category:José de Anchieta by Heitor Usai (bronze, 1954)","true","false"
"98900723-cceb-4f42-9071-4480deddcaf4","Igreja Matriz do Sagrado Coração de Jesus","Salvador","BA","https://commons.wikimedia.org/wiki/File:Igreja Matriz Sagrado Coração de Jesus e escola parochial 02.jpg","true","false"
"ded31a82-efcd-4adf-8675-2615a2084877","Centro de Atendimento ao Turista","Santana de Parnaíba","SP","https://commons.wikimedia.org/wiki/Category:Centro de Atendimento ao Turista (Santana de Parnaíba)","true","false"
"35dfe900-dad3-4489-84e4-e7dc8ca443ee","Teatro da Universidade Católica","Perdizes","SP","https://commons.wikimedia.org/wiki/Category:Teatro da Pontifícia Universidade Católica de São Paulo","true","false"
"d06a0596-37f4-415c-8df0-873f4024572a","Museu da Vida","Belo Horizonte","BH","https://commons.wikimedia.org/wiki/Category:Museu da Vida (Rio de Janeiro)","true","false"
"82a70b53-50bd-4eb7-99b7-e5845820da11","Martim Lutero","Porto Alegre","RS","https://commons.wikimedia.org/wiki/Category:Bust Martin Luther (São Leopoldo)","true","false"
"f0bcd40b-b6be-4a5f-9a57-3dc5dcb5115f","Capela Nossa Senhora da Guia","Belo Horizonte","BH","https://commons.wikimedia.org/wiki/Category:Capela de Nossa Senhora da Guia (Cabo Frio)","true","false"
"b32ade88-6cea-4bc7-8bb6-260b12f18782","Museu Terra do rei","Três Corações","MG","https://commons.wikimedia.org/wiki/File:Museu_Terra_do_Rei.jpg","true","false"
"71e19b73-18be-4ff4-a88b-87b7ded280d5","Portico de entrada da cidade de Rio Grande","Porto Alegre","RS","https://commons.wikimedia.org/wiki/File:Portico de Rio Grande (RS).jpg","true","false"
"c02f7cdd-f0a1-443b-ac82-12c671325d67","Busto de Bartlet James","Rio de Janeiro","RJ","https://commons.wikimedia.org/wiki/Category:Bust of Barllet James","true","false"
"b90e0bee-374d-4367-b13a-ad7b5180b6f8","Busto de Rui Barbosa","Belo Horizonte","BH","https://commons.wikimedia.org/wiki/File:Praça Rui Barbosa (Araçatuba) 2.jpg","true","false"
"18de98a3-c1d4-4cba-88a0-c01a902bdb1c","Independência ou Morte","São Paulo","SP","https://commons.wikimedia.org/wiki/Category:Independence or Death by Pedro Américo","true","false"
"ea3e3ade-c46f-4809-abd1-006c396705e2","Patrulha do Sgt Max Wolf Filho","Belo Horizonte","BH","https://commons.wikimedia.org/wiki/File:Monumento_A_Patrulha_do_Sargento_Max_Wolf_Filho.jpg","true","false"
"b1a71c58-5757-4067-981c-2e7aa81320a2","São Paulo em 1841","São Paulo","SP","https://commons.wikimedia.org/wiki/Category:São Paulo em 1841 (city model)","true","false"
"4ec7f18c-89c2-41ee-98bf-fae8ded89336","Maria Fumaça","Porto Alegre","RS","https://commons.wikimedia.org/wiki/File:Estação Alegrete • Maria Fumaça na praça • 2.jpg","true","false"
"b991c555-dc7d-48d0-8016-f1ab83ea9f91","Discóbolo","Belo Horizonte","BH","https://commons.wikimedia.org/wiki/Category:Discobolus","true","false"
"c3a88d84-6db0-4db8-8029-49fa6a91153e","Sargento dos Voluntários da Pátria","Belo Horizonte","BH","https://commons.wikimedia.org/wiki/Category:Voluntários da Pátria (Brazil)","true","false"
"6f2968a4-0274-472a-b0b8-644288aa2caf","Monsenhor José Guimarães Fonseca","Belo Horizonte","BH","https://commons.wikimedia.org/wiki/File:Busto_do_Monsenhor_José_Guimarães_Fonseca.jpg","true","false"
"50207549-546d-4241-b39b-ed80c4761136","Simon Bolívar","Rio de Janeiro","RJ","https://commons.wikimedia.org/wiki/Category:Equestrian statue of Simón Bolívar in Rio de Janeiro","true","false"
"61060310-af1e-437a-87eb-724ef9c2bb0b","Museu do Mar Aleixo Belov","Salvador","BA","https://commons.wikimedia.org/wiki/Category:Museu do Mar Aleixo Belov","true","false"
"97eb7eed-fcee-423d-885c-bea93a79b2da","Poesia em Ruínas","Rio de Janeiro","RJ","https://commons.wikimedia.org/wiki/Category:Poesia em Ruínas (sculpture)","true","false"
"6b9f4f6c-50bc-4584-9001-ca99a4dbad00","Marco do Centenário de Criação da Diocese de Caetité","Salvador","BA","https://commons.wikimedia.org/wiki/File:Painel comemorativo do centenário da Diocese de Caetité.jpg","true","false"
"1afddd4e-2e0f-4c99-a20d-b01e6d994e70","Barra do Peperi","Porto Alegre","RS","https://commons.wikimedia.org/wiki/File:Foz do Peperi.jpg","true","false"
"b350140b-1dde-462c-b61f-ee1c54d23b00","Resistir é Preciso","Porto Alegre","RS","https://commons.wikimedia.org/wiki/File:Resistir é preciso.jpg","true","false"
"e602d54a-e684-4503-94f5-3ac0f916f1b7","L. L. Zamenhof","Belo Horizonte","BH","https://commons.wikimedia.org/wiki/Category:Bust_of_Ludwik_Zamenhof_in_Belo_Horizonte","true","false"
"18c49677-2326-4675-a4d7-e28344ed2ace","Rede Comunitária de Educação e Pesquisa","Porto Alegre","RS","https://commons.wikimedia.org/wiki/File:Placa PARC Chapecó UFFS.jpg","true","false"
"edbb8e21-0968-4fe4-93bd-c52a48316da2","Mural Corcovado","Rio de Janeiro","RJ","https://commons.wikimedia.org/wiki/Category:Mural Corcovado (sculpture)","true","false"
"fc8dcc40-ac6d-42c7-bb7e-df949fb3a316","Álvaro Reis","Rio de Janeiro","RJ","https://commons.wikimedia.org/wiki/Category:Álvaro Reis (statue)","true","false"
"d4aecddd-697d-40e0-8a16-b794b8d32951","Cápsula do Tempo (1972–2022)","Rio de Janeiro","RJ","https://commons.wikimedia.org/wiki/Category:Cápsula do Tempo na Quinta da Boa Vista (Rio de Janeiro)","true","false"
"35678299-e407-48d8-a831-ec695f54355e","Rubens Paiva","Rio de Janeiro","RJ","https://commons.wikimedia.org/wiki/Category:Rubens Paiva","true","false"
"b956fee7-4c61-42a3-aa32-6eab35d1c413","Lamartine Babo","Rio de Janeiro","RJ","https://commons.wikimedia.org/wiki/Category:Lamartine Babo","true","false"
"6b038257-7a42-46d2-ba19-6e89781193cf","Fidelidade","Rio de Janeiro","RJ","https://commons.wikimedia.org/wiki/Category:Fidelidade (sculpture)","true","false"
"5fd93c7c-f817-4bd6-b313-6ebdcf890a39","Paróquia Bom Samaritano","Rio de Janeiro","RJ","https://commons.wikimedia.org/wiki/Category:Igreja Luterana em Ipanema","true","false"
"ad8d895d-2891-46a0-83ba-b0c9838f601e","La Dama y el Caballo","Região de PB","PB","https://commons.wikimedia.org/wiki/File:Esculturas - IRB 01.jpg","true","false"
"533b6493-4937-4285-b9fe-6964f1d07318","APM - Arquivo Público Municipal de Campos dos Goytacazes - Waldir Pinto de Carvalho","Campos dos Goytacazes","MG","https://commons.wikimedia.org/wiki/Category:Solar e Capela do Engenho do Colégio","true","false"
"588a5c87-64c7-431e-a180-e9d9a394807c","Condor","São Paulo","SP","https://commons.wikimedia.org/wiki/Category:Condor by Bruno Giorgi (bronze, 1979)","true","false"
"b48d8c22-6415-458d-9308-0b1bf9c50eee","Estátua de Tim Maia","Rio de Janeiro","RJ","https://commons.wikimedia.org/wiki/Category:Estátua de Tim Maia","true","false"
"ff6fd862-bdf0-467f-8a7f-c02a39d1c23c","Museu do Cristal de Blumenau","Florianópolis","SC","https://commons.wikimedia.org/wiki/File:LOGO_MUSEU.jpg","true","false"
"1e360a2a-11a8-460a-84ea-2d102d392eb0","Rolo Compressor, Máquina a Vapor","Máquina a Vapor","MG","https://commons.wikimedia.org/wiki/Category:Rolo Compressor, Máquina a Vapor (Amparo)","true","false"
"1a7e37ae-8d4d-4375-9c73-aaf16377165c","Imagem Nossa Senhora Aparecida","São Paulo","SP","https://commons.wikimedia.org/wiki/Category:Our Lady Aparecida","true","false"
"4a2bca53-a830-4fc5-95b0-2fce723f8030","Hospital e Igreja da Misericórdia de Santos","São Paulo","SP","https://commons.wikimedia.org/wiki/Category:Hospital e Igreja da Misericórdia de Santos (painting)","true","false"
"68317cf0-b7a0-4495-9bdb-28d5d94ab41b","Capela de São Miguel Paulista","São Paulo","SP","https://commons.wikimedia.org/wiki/Category:Igreja de São Miguel Paulista","true","false"
"8404c695-5cb2-4f7f-8b9d-67a855d5317c","Locobreque","São Paulo","SP","https://commons.wikimedia.org/wiki/Category:Unidentified steam train, Paranapiacaba","true","false"
"573cdaa4-b3ab-4668-a151-a3cfd284b6f9","Desembarque de Pedro Álvares Cabral em Porto Seguro em 1500","São Paulo","SP","https://commons.wikimedia.org/wiki/Category:Desembarque de Pedro Álvares Cabral em Porto Seguro em 1500","true","false"
"e5259ba4-ee0c-42e6-be4d-0fdcd2ec52d4","Marco Padrão","São Paulo","SP","https://commons.wikimedia.org/wiki/Category:Marco Padrão","true","false"
"c4edcf36-f038-4e2b-9643-7b7d0ab70973","9º Encontro de Monções no Sertão","São Paulo","SP","https://commons.wikimedia.org/wiki/Category:9º Encontro de Monções no Sertão","true","false"
"2addfb31-0e21-480a-aed4-12faecb71928","Monumento a João Ramalho","São Paulo","SP","https://commons.wikimedia.org/wiki/Category:Monument to João Ramalho (Santo André)","true","false"
"f5aae419-12d2-4582-83d1-bb390c685541","Monumento 80 anos da Imigração Japonesa","São Paulo","SP","https://commons.wikimedia.org/wiki/Category:Monumento 80 anos da Imigração Japonesa","true","false"
"7b8459d5-ce4c-48eb-9afe-3a4277182ff6","Soldado da Legião Paulista na Cisplatina e Gaúcho","São Paulo","SP","https://commons.wikimedia.org/wiki/Category:Soldado da Legião Paulista na Cisplatina e Gaúcho","true","false"
"30425e96-ff49-4970-b095-1d39020ebc23","Retrato de Dona Leopoldina de Habsburgo e seus filhos","São Paulo","SP","https://commons.wikimedia.org/wiki/Category:Dona Leopoldina da Áustria e seus filhos","true","false"
"be254621-4f03-4a4a-a5d2-a753c9fc5ec0","Retrato de José Clemente Pereira","São Paulo","SP","https://commons.wikimedia.org/wiki/Category:Retrato de José Clemente Pereira (Oscar Pereira da Silva)","true","false"
"0e278b90-74e9-4d02-ae43-0f31bfad1cf5","Retrato de D. Pedro I","São Paulo","SP","https://commons.wikimedia.org/wiki/Category:Retrato de Dom Pedro I (Oscar Pereira da Silva)","true","false"
"eafca757-bd4f-44c1-b365-ab279e2fa83d","Sessão das Cortes de Lisboa","São Paulo","SP","https://commons.wikimedia.org/wiki/Category:Sessão das Cortes de Lisboa","true","false"
"ad4260f2-5c80-4a67-9a24-49d954b6e815","Bênção dos canoões (Porto Feliz)","São Paulo","SP","https://commons.wikimedia.org/wiki/Category:Bênção dos Canoões (Porto Feliz)","true","false"
"0cdb0cc6-d0b9-4cbb-9e84-102e54010992","Carga de Canoas","São Paulo","SP","https://commons.wikimedia.org/wiki/Category:Carga de Canoas","true","false"
"bf6dccd9-0864-4429-8bc0-149c8fc281be","Igreja e Páteo da Misericórdia","São Paulo","SP","https://commons.wikimedia.org/wiki/Category:Igreja e Páteo da Misericórdia","true","false"
"e0e1e1a4-b6b7-4b0e-8024-ddf9f22451a6","Retrato de Dom Pedro I","São Paulo","SP","https://commons.wikimedia.org/wiki/Category:Dom Pedro I by Benedito Calixto","true","false"
"b6c15da7-28f4-40d4-8653-a3b07db19f4b","Fundação de São Vicente","São Paulo","SP","https://commons.wikimedia.org/wiki/Category:Fundação de São Vicente","true","false"
"2be41cde-c58d-4d06-ba37-3939176ff383","Retrato do Padre José de Anchieta","São Paulo","SP","https://commons.wikimedia.org/wiki/Category:Retrato do Padre José de Anchieta (Benedito Calixto)","true","false"
"5a0a44a7-ac45-48b6-90ce-ba692863290e","Domingos Jorge Velho","São Paulo","SP","https://commons.wikimedia.org/wiki/Category:Domingos Jorge Velho (Benedito Calixto)","true","false"
"c4d95540-8096-4a96-bb00-34127ba4ac32","Carta Geral das Bandeiras Paulistas","São Paulo","SP","https://commons.wikimedia.org/wiki/Category:Carta Geral das Bandeiras Paulistas","true","false"
"8c684d08-9d2d-4d51-a59a-61a2b113ac45","Retrato do Padre Bartolomeu Lourenço de Gusmão","São Paulo","SP","https://commons.wikimedia.org/wiki/Category:Retrato do Padre Bartolomeu de Gusmão (Benedito Calixto)","true","false"
"e04bc859-3623-49df-b073-b6be751abfae","Matriz Colonial de Santos","São Paulo","SP","https://commons.wikimedia.org/wiki/Category:Matriz Colonial de Santos","true","false"
"2e206112-4869-404a-9923-17f909d5f3aa","Monumento à amizade entre Brasil e Japão","São Paulo","SP","https://commons.wikimedia.org/wiki/Category:Monumento à Amizade entre Brasil e Japão (Tomie Ohtake)","true","false"
"01f55b36-57bb-40bf-9eda-8e42e513a1fe","Ultramarinho","São Paulo","SP","https://commons.wikimedia.org/wiki/Category:Ultramarinho","true","false"
"71178a2e-d714-48f2-8986-78b9bb0bca2f","Ruínas da Lagoinha","São Paulo","SP","https://commons.wikimedia.org/wiki/Category:Ruinas da Lagoinha","true","false"
"9ca5bd2e-4124-4ee3-86fb-775faa83827b","Japan House","São Paulo","SP","https://commons.wikimedia.org/wiki/Category:Japan House São Paulo","true","false"
"81a452a8-a28e-4e92-847a-0c8dd8eada37","Busto de Álvares de Azevedo","São Paulo","SP","https://commons.wikimedia.org/wiki/Category:Monumento de Álvares de Azevedo","true","false"
"2417f375-bc3b-4268-a6b0-47690ed99a3a","Fazenda de Café do Vale do Paraíba","São Paulo","SP","https://commons.wikimedia.org/wiki/Category:Fazenda de Café do Vale do Paraíba (painting)","true","false"
"db4418fc-bc96-433c-8a2b-3ee2cca8e997","Biblioteca IME-USP","São Paulo","SP","https://commons.wikimedia.org/wiki/Category:Biblioteca do Instituto de Matemática e Estatística da USP","true","false"
"b81a35a4-500a-47e7-a6e4-0a77b88c5c36","Biblioteca Florestan Fernandes","São Paulo","SP","https://commons.wikimedia.org/wiki/Category:Biblioteca Florestan Fernandes","true","false"
"72de82cf-bff2-4937-b9a2-0f70abeaec93","Jardim Presidente","São Paulo","SP","https://commons.wikimedia.org/wiki/Category:Cidade Dutra","true","false"
"980dcd94-4177-4160-9bb1-3a8a2da0b3be","Jardim Iporanga","São Paulo","SP","https://commons.wikimedia.org/wiki/Category:Cidade Dutra","true","false"
"e797bb7d-a724-4d85-8e42-3ef4b7284298","Jardim Jordanópolis","São Paulo","SP","https://commons.wikimedia.org/wiki/Category:Cidade Dutra","true","false"
"1c6be474-2a4f-4c7b-8b81-c91dbbe0fb47","Estátua de Anhanguera","São Paulo","SP","https://commons.wikimedia.org/wiki/Category:Monumento ao Anhanguera","true","false"
"a8dc9a59-e209-43dd-96cc-bf6065a322e5","Monumento Amizade Sírio Libanesa","São Paulo","SP","https://commons.wikimedia.org/wiki/Category:Monument to Syrian-Lebanese Friendship","true","false"
"515f271d-3fe2-48b6-b250-b4f1886183a7","Inundação da Várzea do Carmo","São Paulo","SP","https://commons.wikimedia.org/wiki/Category:Inundação da Várzea do Carmo, 1892","true","false"
"8eb356ec-50ec-4f00-b35c-8998e3397ed2","Drusas","São Paulo","SP","https://commons.wikimedia.org/wiki/Category:Monumento Drusa","true","false"
"e38d2648-0667-4cdf-a476-9d1759e89b42","Estátua Condor","São Paulo","SP","https://commons.wikimedia.org/wiki/Category:Condor by Bruno Giorgi (bronze, 1979)","true","false"
"605b5670-9164-4909-a601-ca456f755434","Monumento a Luiz Pereira Barreto","São Paulo","SP","https://commons.wikimedia.org/wiki/Category:Monumento a Luiz Pereira Barreto","true","false"
"07c7fe30-173d-42de-bc86-11bc893d86aa","Giuseppe Verdi","São Paulo","SP","https://commons.wikimedia.org/wiki/Category:Giuseppe Verdi (by Amadeo Zani)","true","false"
"0c207aea-70b4-4a3d-90d4-463f5a373daf","Cervantes","São Paulo","SP","https://commons.wikimedia.org/wiki/Category:Cervantes by Rafael Galvez (bronze, 1947)","true","false"
"8c04b7f8-0b82-4789-8622-2c482633fa7b","Maria Tudor","São Paulo","SP","https://commons.wikimedia.org/wiki/Category:Maria Tudor (Praça Ramos de Azevedo)","true","false"
"05664d75-2632-4d6c-b032-36f82c73388b","Camões","São Paulo","SP","https://commons.wikimedia.org/wiki/Category:Camões by José Cucê (bronze, 1942)","true","false"
"efa190ab-29f4-46b5-b50b-1ca6f18365bb","Oficina Cultural Casa Mário de Andrade","São Paulo","SP","https://commons.wikimedia.org/wiki/Category:Casa Mário de Andrade","true","false"
"99da3ab8-bebe-4275-8a6a-9a6fa7ac89cd","Busto Vicente de Carvalho","São Paulo","SP","https://commons.wikimedia.org/wiki/Category:Vicente de Carvalho (statue)","true","false"
"1ef000bf-fcdc-41a4-9cb7-d2bbb312eca2","Instituto Bardi","São Paulo","SP","https://commons.wikimedia.org/wiki/Category:Casa de Vidro","true","false"
"05544f6b-2ada-4c6a-bb47-bfa24c1c30a1","Fauno","São Paulo","SP","https://commons.wikimedia.org/wiki/Category:Fauno by Victor Brecheret (granite, 1942)","true","false"
"673ce565-3d83-4e9d-81b9-fdb062eb95b0","Joaquim Eugenio de Lima","São Paulo","SP","https://commons.wikimedia.org/wiki/Category:Joaquim Eugênio de Lima by Roque de Mingo (bronze, 1952)","true","false"
"5f13eb34-dcc1-4434-97e1-ee61f9d6d6c4","Marco zero da cidade de São Paulo","São Paulo","SP","https://commons.wikimedia.org/wiki/Category:Marco Zero (São Paulo)","true","false"
"10770c73-ea6c-4c18-bf70-938fb8b183c8","Museu do Sistema Funicular","São Paulo","SP","https://commons.wikimedia.org/wiki/Category:Museu Tecnológico Ferroviário do Funicular","true","false"
"f6e4dadc-be2e-41f2-9b91-314515623acc","Borba Gato","São Paulo","SP","https://commons.wikimedia.org/wiki/Category:Borba Gato statue (Santo Amaro)","true","false"
"d6078c36-5a1c-40b5-b2cf-d175a2af6b8d","Museu de Oceanografia","São Paulo","SP","https://commons.wikimedia.org/wiki/Category:Museu Oceanográfico da Universidade de São Paulo","true","false"
"84a67345-6af6-45a2-8082-7be06457c410","Museu de Arqueologia e Etnologia","São Paulo","SP","https://commons.wikimedia.org/wiki/Category:Museu de Arqueologia e Etnologia da Universidade de São Paulo","true","false"
"7e109c8e-ae56-4f33-b1b6-6c638cf47b71","Glória Imortal aos Fundadores de São Paulo","São Paulo","SP","https://commons.wikimedia.org/wiki/Category:Glória Imortal aos Fundadores de São Paulo","true","false"
"26670b2c-a256-4633-b7e0-8bddfeab073e","Teatro Oficina","São Paulo","SP","https://commons.wikimedia.org/wiki/Category:Teatro Oficina","true","false"
"102f8449-1587-4509-8522-c096f06a0861","Pico do Jaraguá","São Paulo","SP","https://commons.wikimedia.org/wiki/Category:Pico do Jaraguá","true","false"
"bd5fe539-ecfe-4ed4-9da8-56034454575f","Casa do Bandeirante","São Paulo","SP","https://commons.wikimedia.org/wiki/Category:Casa do Bandeirante","true","false"
"5a00deca-7cc9-4376-a150-fafbce092958","Praia de Boracéia","São Paulo","SP","https://commons.wikimedia.org/wiki/Category:Praia de Boraceia","true","false"
"e93484a7-9e9a-48d3-b0f2-f8814d5dd204","Museu do Futebol","São Paulo","SP","https://commons.wikimedia.org/wiki/Category:Museu do Futebol (São Paulo)","true","false"
"f151cf35-cfdf-47cf-b2b7-f9cc83a174ba","Bonde","São Paulo","SP","https://commons.wikimedia.org/wiki/Category:Unidentified tram, Paranapiacaba","true","false"
"9a049bfd-6eb6-4157-b6e1-be9279312fe3","Locomotiva Jiboia","São Paulo","SP","https://commons.wikimedia.org/wiki/Category:Jiboia Locomotive","true","false"
"26c26203-9c0c-4ff0-b3b0-be171be3a3ad","Viaduto do Chá","São Paulo","SP","https://commons.wikimedia.org/wiki/Category:Viaduto do Chá","true","false"
"e9050172-e36a-41db-89f1-b9e682adb525","Pico do Urubu","São Paulo","SP","https://commons.wikimedia.org/wiki/Category:Pico do Urubu","true","false"
"df7fdf13-b5dd-4473-86e8-b6ca15d84a6e","Prefeitura Regional Capela do Socorro","São Paulo","SP","https://commons.wikimedia.org/wiki/Category:Subprefecture of Capela do Socorro","true","false"
"642c8626-bb50-4167-980d-687a9fb7b06d","Museu de Arte Moderna de São Paulo","São Paulo","SP","https://commons.wikimedia.org/wiki/Category:Museu de Arte Moderna de São Paulo","true","false"
"601fad66-3ec3-4055-a99a-163608be30af","Foguete Sonda","São Paulo","SP","https://commons.wikimedia.org/wiki/Category:Sonda (sounding rocket)","true","false"
"f0d42973-78fc-4b2f-8f80-4e35426a2856","Mão","São Paulo","SP","https://commons.wikimedia.org/wiki/Category:Mão (Memorial da América Latina)","true","false"
"da4ec69d-fd8b-4a2f-b792-e6207f690603","São Cristovão","São Paulo","SP","https://commons.wikimedia.org/wiki/Category:Igreja de São Cristóvão (São Paulo)","true","false"
"6b953ac7-c58c-4e8f-89e3-34e1ba31efed","Estátua de Netuno","São Paulo","SP","https://commons.wikimedia.org/wiki/File:Estátua de Netuno - Cidade Ocian - Praia Grande SP - panoramio.jpg","true","false"
"61219505-0c1e-4141-926e-2d6fa4221ae4","Memorial da pessoa com deficiência","São Paulo","SP","https://commons.wikimedia.org/wiki/Category:Memorial da Inclusão","true","false"
"aedb2e1d-368f-40da-8c2c-354d4068bc6d","Museu do Tribunal de Justiça SP","São Paulo","SP","https://commons.wikimedia.org/wiki/Category:Museu do Tribunal de Justiça","true","false"
"f8590b98-d1a0-4b53-a62f-6633fab5f796","Museu de Arte Contemporânea da Universidade de São Paulo","São Paulo","SP","https://commons.wikimedia.org/wiki/Category:Museu de Arte Contemporânea da Universidade de São Paulo","true","false"
"6f35d8a1-2baf-4737-8f49-a0a01eb9619a","Obelisco do Piques","São Paulo","SP","https://commons.wikimedia.org/wiki/Category:Obelisco do Piques","true","false"
"9329a5a8-e364-4f2a-a04d-8fa50c606e50","Pavilhão Carro Fúnebre de Santos Dumont","São Paulo","SP","https://commons.wikimedia.org/wiki/File:Gh011f.jpg","true","false"
"232e42bb-506c-441c-b21e-907622c2eb32","Locomotiva número 1 da Ytuana","São Paulo","SP","https://commons.wikimedia.org/wiki/Category:C.Y.E.F. nº 1 Regina","true","false"
"c29bded4-b38d-4724-a3aa-d2b89f80c675","Apóstolo Paulo","São Paulo","SP","https://commons.wikimedia.org/wiki/Category:Apóstolo Paulo by Murilo Sá Toledo (bronze, 2009)","true","false"
"028470ee-368b-4245-830d-2b5c2b159fab","Museu Anchieta","São Paulo","SP","https://commons.wikimedia.org/wiki/Category:Museu Anchieta (São Paulo)","true","false"
"990c9a50-1754-49f9-a253-7fcd17fe3257","Painel do Edifício Nações Unidas","São Paulo","SP","https://commons.wikimedia.org/wiki/Category:Edifício Nações Unidas panel by Clóvis Graciano","true","false"
"a3ddea83-a83f-4d34-95aa-b7cf4d92ff1b","Centro Cultural Banco do Brasil São Paulo","São Paulo","SP","https://commons.wikimedia.org/wiki/Category:Centro Cultural Banco do Brasil (São Paulo)","true","false"
"537a6ddc-f7c1-4274-ab56-2527640af855","Monumento a Rui Barbosa","São Paulo","SP","https://commons.wikimedia.org/wiki/Category:Ruy Barbosa (Praça Ramos de Azevedo)","true","false"
"26df15e0-86ce-47f8-8624-aa393c91e360","Estátua Guarani","São Paulo","SP","https://commons.wikimedia.org/wiki/Category:Guarany (Praça Ramos de Azevedo)","true","false"
"def99cff-e7b0-4154-b2ee-18d46e4cb54e","Lo Schiavo","São Paulo","SP","https://commons.wikimedia.org/wiki/Category:Schiavo (Praça Ramos de Azevedo)","true","false"
"f56dfd19-3056-4548-a114-366631b8db5c","Salvador Rosa","São Paulo","SP","https://commons.wikimedia.org/wiki/Category:Salvador Rosa (Praça Ramos de Azevedo)","true","false"
"8d8a7a72-f60e-488d-9a45-16ad90084f2c","Fosca","São Paulo","SP","https://commons.wikimedia.org/wiki/Category:Fosca (Praça Ramos de Azevedo)","true","false"
"5cec484f-66e3-4b68-a1a4-ddd7409d2628","Mário de Andrade","São Paulo","SP","https://commons.wikimedia.org/wiki/Category:Mário de Andrade by Bruno Giorgi (bronze, 1945)","true","false"
"d750d80e-3a7f-43af-83c3-cda8c89a9f42","Dante","São Paulo","SP","https://commons.wikimedia.org/wiki/Category:Dante by Bruno Giorgi (marble, 1955)","true","false"
"4f6c9aa0-4cfc-4c76-a49e-f85126f4c4ea","Busto de Chopin","São Paulo","SP","https://commons.wikimedia.org/wiki/Category:Chopin (bronze, 1954)","true","false"
"7f35309d-9a60-4697-8a7b-ce755389ca3f","Busto Caetano de Campos","São Paulo","SP","https://commons.wikimedia.org/wiki/Category:Caetano de Campos by Amedeo Zani (bronze, 1930)","true","false"
"83aa71e9-f2eb-4de8-b7d6-0fe68c0bc3e8","Índio Caçador","São Paulo","SP","https://commons.wikimedia.org/wiki/Category:Índio Caçador by João Batista Ferri (bronze, 1940)","true","false"
"8dae89c2-6e28-4f07-9eac-d8bd283bf15f","O Índio e o Tamanduá","São Paulo","SP","https://commons.wikimedia.org/wiki/Category:O Índio e o Tamanduá","true","false"
"2c9428ed-6531-45e6-88e6-5500cc6aff17","Beco do Batman","São Paulo","SP","https://commons.wikimedia.org/wiki/Category:Beco do Batman","true","false"
"83fbfba1-00a6-4b49-90ac-48d625aa35a0","Diana Caçadora","São Paulo","SP","https://commons.wikimedia.org/wiki/Category:Estátua de Diana a Caçadora","true","false"
"a3893f7d-c5e6-42db-a080-990f2889bf30","Museu Histórico Washington de Oliveira","São Paulo","SP","https://commons.wikimedia.org/wiki/Category:Museu Histórico Washington de Oliveira","true","false"
"db191b90-2579-4748-af47-9d1556f8704b","Busto Goethe","São Paulo","SP","https://commons.wikimedia.org/wiki/Category:Goethe by Tao Sigulda (bronze, 1976)","true","false"
"647e35fa-0505-403b-b285-0040d1561f47","Menino e o Catavento","São Paulo","SP","https://commons.wikimedia.org/wiki/Category:O Menino e o Catavento by O. M. di Palma (bronze, 1914)","true","false"
"2f8d4031-b1fd-4862-b8b5-473131efe79d","Busto do Luis Gama","São Paulo","SP","https://commons.wikimedia.org/wiki/Category:Luiz Gama by Yolando Mallozzi","true","false"
"b6eacb10-ca2b-4b40-adaf-98ac35bd1e0f","Amor Materno","São Paulo","SP","https://commons.wikimedia.org/wiki/Category:Amor Materno (Largo do Arouche)","true","false"
"a9b1482a-8655-4193-af6f-e22b0711e05b","Menina e o Bezerro","São Paulo","SP","https://commons.wikimedia.org/wiki/Category:A Menina e o Bezerro","true","false"
"75e20919-2380-42d0-89c7-4d426b5d4e22","Busto José Augusto César Salgado","São Paulo","SP","https://commons.wikimedia.org/wiki/Category:José Augusto César Salgado by Luís Morrone","true","false"
"c8135bcf-5243-4619-9f9a-715b8b0a4047","Depois do Banho","São Paulo","SP","https://commons.wikimedia.org/wiki/Category:Depois do Banho","true","false"
"6f3a3e5d-2488-4218-9443-dce826385a62","César Otávio Augusto","São Paulo","SP","https://commons.wikimedia.org/wiki/Category:Statue of Augustus of Prima Porta (Largo do Arouche)","true","false"
"e99f4582-c628-42fd-a2f1-2bd33b68b40a","Busto José Pedro Leite Cordeiro","São Paulo","SP","https://commons.wikimedia.org/wiki/Category:José Pedro Leite Cordeiro by Luis Morrone (bronze, 1986)","true","false"
"b0eae6e8-5593-4e9c-bb40-6a7e6f46902b","Ninando a Boneca","São Paulo","SP","https://commons.wikimedia.org/wiki/Category:Ninando a Boneca","true","false"
"e8b4210b-e641-42c4-a206-9dfe8a36d11a","Busto Afonso Taunay","São Paulo","SP","https://commons.wikimedia.org/wiki/Category:Afonso d'Escragnolle Taunay (statue)","true","false"
"dd5fae33-8f16-4b68-b675-80bad454d0a2","Ayrton Senna Túmulo","São Paulo","SP","https://commons.wikimedia.org/wiki/Category:Grave of Ayrton Senna","true","false"
"f0573355-f943-48dc-8053-2a5edf899063","Instituto Martius-Staden","São Paulo","SP","https://commons.wikimedia.org/wiki/Category:Instituto Martius-Staden","true","false"
"89354494-7073-4f3e-9098-6d88885b8a50","Gruta de São Sebastião","São Paulo","SP","https://commons.wikimedia.org/wiki/Category:Gruta de São Sebastião (Laranjal Paulista)","true","false"
"59b01b48-77c9-4703-89d3-99b59ae119cd","Busto José Bonifácio","São Paulo","SP","https://commons.wikimedia.org/wiki/Category:José Bonifácio de Andrade e Silva by Luiz Morrone (bronze, 1965)","true","false"
"6afe81a6-30d1-4511-93bb-58f5d57a70b2","A Leitura","São Paulo","SP","https://commons.wikimedia.org/wiki/Category:A Leitura by Caetano Fraccaroli (bronze, 1943)","true","false"
"af373a79-dfc8-4b0a-92f0-e398cb866475","Escultura Eleazar de Carvalho","São Paulo","SP","https://commons.wikimedia.org/wiki/Category:Eleazar de Carvalho (bronze, 2000)","true","false"
"b28d7a18-d0eb-4196-8d24-63c5d4b015eb","Cão Amestrado","São Paulo","SP","https://commons.wikimedia.org/wiki/Category:Cão Amestrado","true","false"
"e6dc2cf8-bf5b-4c82-bb59-db7366a5ac4b","São Pedro","São Paulo","SP","https://commons.wikimedia.org/wiki/Category:São Pedro by Julio Guerra","true","false"
"6f2b23e8-c496-4ae2-b7e5-3d6f8b98852f","Museu Florestal Octávio Vecchi","São Paulo","SP","https://commons.wikimedia.org/wiki/Category:Museu Florestal Octávio Vecchi","true","false"
"09390e3d-4af8-4d47-9411-0d3b80e01e5d","José Bonifácio","São Paulo","SP","https://commons.wikimedia.org/wiki/Category:José Bonifácio de Andrade e Silva by Alfredo Ceschiatti (bronze, 1972)","true","false"
"91db6938-7db8-4c31-a3cc-e034ec00aec0","Museus de Arte Brasileira da FAAP","São Paulo","SP","https://commons.wikimedia.org/wiki/Category:Museu de Arte Brasileira da FAAP (São Paulo)","true","false"
"ee59356f-a742-4350-888a-588d4a8ea830","Casa Bandeirista","São Paulo","SP","https://commons.wikimedia.org/wiki/Category:Casa Bandeirista do Itaim","true","false"
"f24d7a86-114b-4533-a0ad-3bbb85c48ef1","Diálogo","São Paulo","SP","https://commons.wikimedia.org/wiki/Category:Diálogo by Franz Weissmann","true","false"
"38629b0e-c1f4-4a08-8d85-fd46294cef14","Totem da Sé","São Paulo","SP","https://commons.wikimedia.org/wiki/Category:Totem da Sé","true","false"
"5eebad13-1b3d-4fb4-8ef6-7691f9b8fb41","Emblema de São Paulo","São Paulo","SP","https://commons.wikimedia.org/wiki/Category:Emblema de São Paulo by Rubem Valentim","true","false"
"bc51cf38-1ba3-43a4-a7ad-28cdbd95a363","Voo","São Paulo","SP","https://commons.wikimedia.org/wiki/Category:Voo by Caciporé Torres","true","false"
"9e852b76-dde1-4798-8b85-9d751f063302","Impacto","São Paulo","SP","https://commons.wikimedia.org/wiki/Category:Impacto by Mário Cravo","true","false"
"457ba769-08f2-4b6a-b42d-c26e80785ee9","Satélite","São Paulo","SP","https://commons.wikimedia.org/wiki/Category:Satélite by Francisco Stockinger (sculpture, 1978)","true","false"
"5c8a3d42-4813-4e43-9b2b-1654a556afe0","Espaço Cósmico","São Paulo","SP","https://commons.wikimedia.org/wiki/Category:Espaço Cósmico","true","false"
"d0eb6c4f-ac92-4e12-b9cc-c0b3c8b33586","Abertura","São Paulo","SP","https://commons.wikimedia.org/wiki/Category:Abertura by Amilcar de Castro","true","false"
"ab305251-2f7f-44eb-8eff-3935b3762803","Igreja de Nossa Senhora da Penha","São Paulo","SP","https://commons.wikimedia.org/wiki/Category:Our Lady of Peñafrancia","true","false"
"19fcfeff-254c-4e88-9bcc-ee4184e3ab2f","Mirante do Parque Continental","São Paulo","SP","https://commons.wikimedia.org/wiki/File:Mirante_continental.jpg","true","false"
"228ac69b-f588-4d45-8883-4afdb606548b","Locomotiva a vapor DÜBS","São Paulo","SP","https://commons.wikimedia.org/wiki/Category:Dubs 2351 Locomotive","true","false"
"76ebff37-dcdd-4aec-a020-4d3a949f7e23","Retrato de Joaquim Gonçalves Ledo","São Paulo","SP","https://commons.wikimedia.org/wiki/Category:Retrato de Joaquim Gonçalves Ledo (Oscar Pereira da Silva)","true","false"
"a2f7b649-b70f-4746-9224-1b54d40166ee","Raposo Tavares","São Paulo","SP","https://commons.wikimedia.org/wiki/Category:Raposo Tavares by Luigi Brizzolara (marble)","true","false"
"0fdeaa23-ca92-43d0-b2ee-e1bd365d32d4","Fernão Dias","São Paulo","SP","https://commons.wikimedia.org/wiki/Category:Fernão Dias by Luigi Brizzolara (marble)","true","false"
"8fb3ced8-7600-43aa-b06d-b76adc3d2623","Dom Pedro I","São Paulo","SP","https://commons.wikimedia.org/wiki/Category:Pedro I of Brazil by Rodolfo Bernardelli (bronze, 1923)","true","false"
"ab14fb22-d039-491b-95c7-5b40a5401040","Ânforas de cristal","São Paulo","SP","https://commons.wikimedia.org/wiki/Category:Crystal amphoras of the Museu Paulista","true","false"
"2069db27-af80-443c-9410-7354df6179b4","Fundação da Cidade de São Paulo","São Paulo","SP","https://commons.wikimedia.org/wiki/Category:Fundação de São Paulo (Oscar Pereira da Silva)","true","false"
"cb552bb8-bd24-404a-b58a-92d641c98ab9","Retrato do Conselheiro Bernardo A. Gavião Peixoto","São Paulo","SP","https://commons.wikimedia.org/wiki/Category:Retrato do Conselheiro Bernardo A. Gavião Peixoto","true","false"
"aca0f6ed-11b6-4053-8df7-5db7f21cb6fe","Retrato de Anchieta","São Paulo","SP","https://commons.wikimedia.org/wiki/Category:Retrato de Anchieta (Oscar Pereira da Silva)","true","false"
"4a8947e4-5888-4aa2-aa5d-6e4406ed43ba","João Ramalho e Filho","São Paulo","SP","https://commons.wikimedia.org/wiki/Category:João Ramalho e Filho","true","false"
"5b3024bf-8b48-4404-a384-a3971f9282f8","Cacique Tibiriçá e neto","São Paulo","SP","https://commons.wikimedia.org/wiki/Category:Cacique Tibiriçá e Neto","true","false"
"fd863906-afc5-481d-a256-4e42a886f96b","Retrato de Maria Quitéria de Jesus Medeiros","São Paulo","SP","https://commons.wikimedia.org/wiki/Category:Retrato de Maria Quitéria de Jesus Medeiros","true","false"
"1ebcbb4d-534f-4a2c-9652-33e55cdb9d2d","Teatro Gazeta","São Paulo","SP","https://commons.wikimedia.org/wiki/Category:Teatro Gazeta","true","false"
"40d2556a-3f76-4284-a3a8-aa3a9f89c359","Vagão de passageiros","São Paulo","SP","https://commons.wikimedia.org/wiki/Category:Unidentified carriage, Paranapiacaba","true","false"
"b21aa6c7-0b87-448e-a8cd-d16bddf2c226","Memorial da Resistência de São Paulo","São Paulo","SP","https://commons.wikimedia.org/wiki/Category:Memorial da Resistência de São Paulo","true","false"
"d9c9741e-0583-4bab-b0c1-9e048b8b32c0","Memorial","São Paulo","SP","https://commons.wikimedia.org/wiki/File:Obelisco e canhões na praça de Cananéia2.jpg","true","false"
"4c016f3a-a921-4b99-a7cf-1a320f6993f8","Locomotiva Elétrica MK 1 C + C - 1","São Paulo","SP","https://commons.wikimedia.org/wiki/Category:Electric Locomotive No. 330 of the Companhia Paulista Railway","true","false"
"782b8c81-d8cf-4666-85f1-7df9d97c5ba8","Teatro Brasileiro de Comédia","São Paulo","SP","https://commons.wikimedia.org/wiki/Category:Teatro Brasileiro de Comédia","true","false"
"b0156f10-b5a0-4999-b501-47ab500d2f09","Chafariz dos Contos","Belo Horizonte","BH","https://commons.wikimedia.org/wiki/Category:Chafariz dos Contos","true","false"
"3ee66c46-6d3c-40b5-b5b3-e7020b5a7e5e","Cais do Valongo","Belo Horizonte","BH","https://commons.wikimedia.org/wiki/File:Cais do Valongo - RJ.jpg","true","false"
"57ab5a4f-e953-45dc-8f31-aae2afd64ef6","Obelisco da Praça 7 de Setembro","Belo Horizonte","BH","https://commons.wikimedia.org/wiki/Category:Obelisco da Praça Sete de Setembro (Belo Horizonte)","true","false"
"99d68021-ba7f-4d67-8dbc-851943b12224","Pico das Agulhas Negras","Belo Horizonte","BH","https://commons.wikimedia.org/wiki/Category:Pico das Agulhas Negras","true","false"
"7eac87dc-8539-4bff-ba40-6af47e0448d7","Morro do Castelo","Belo Horizonte","BH","https://commons.wikimedia.org/wiki/Category:Morro do Castelo","true","false"
"c8ed496c-5a50-40be-8825-4125c96e93c0","Praça do Papa","Belo Horizonte","BH","https://commons.wikimedia.org/wiki/Category:Praça Israel Pinheiro","true","false"
"54c3099b-e89f-49d6-bacb-ef57de97a83d","Mirante do Mangabeiras","Belo Horizonte","BH","https://commons.wikimedia.org/wiki/Category:Mirante do Mangabeiras","true","false"
"aebcee8b-0599-4682-bbfc-919e9f5008c8","Morro do Livramento","Belo Horizonte","BH","https://commons.wikimedia.org/wiki/Category:Morro do Livramento","true","false"
"f00280cc-5412-4391-8693-d6b76eba8c10","Gruta Rei do Mato","Belo Horizonte","BH","https://commons.wikimedia.org/wiki/Category:Gruta Rei do Mato","true","false"
"5e35357a-9592-40b0-924b-0d4b3b81bd5f","Serra da Piedade","Belo Horizonte","BH","https://commons.wikimedia.org/wiki/Category:Serra da Piedade","true","false"
"da637f80-4449-44c1-9660-a37e4c5c6558","Pico Agudo","Belo Horizonte","BH","https://commons.wikimedia.org/wiki/Category:Pico Agudo","true","false"
"3a5baec3-6c00-4253-b231-37b702299002","Pedra de São Domingos","Belo Horizonte","BH","https://commons.wikimedia.org/wiki/Category:Pedra de São Domingos","true","false"
"39699903-6518-4975-8514-31b0af89baed","Dedo de Deus","Belo Horizonte","BH","https://commons.wikimedia.org/wiki/Category:Dedo_de_Deus","true","false"
"1a049107-1075-4e24-bca3-1a18cc99f190","Pedra do Sino","Belo Horizonte","BH","https://commons.wikimedia.org/wiki/Category:Pedra do Sino","true","false"
"78a527b2-86d8-4cbc-9b0b-cc8152ff56e6","Pico Itaguaré","Belo Horizonte","BH","https://commons.wikimedia.org/wiki/Category:Pico do Itaguaré","true","false"
"e57ca786-1c18-4b63-af5a-c99ad886aee3","Pico dos Marins","Belo Horizonte","BH","https://commons.wikimedia.org/wiki/Category:Pico dos Marins","true","false"
"d761af8d-923e-49c6-82c1-da13e1c09e86","Monumento Natural dos Costões Rochosos","Belo Horizonte","BH","https://commons.wikimedia.org/wiki/File:Costoes rochosos 2.jpg","true","false"
"2bd9ccd0-43d7-4dfb-a07d-4d3dd4651381","Pico do Papagaio","Belo Horizonte","BH","https://commons.wikimedia.org/wiki/Category:Parque Estadual da Serra do Papagaio","true","false"
"43dc829a-4891-47ee-8a54-cfc20df184d3","Pedra da Mina","Belo Horizonte","BH","https://commons.wikimedia.org/wiki/Category:Pedra da Mina","true","false"
"dd948064-beb7-4d44-a8b0-3a496c3eef91","Pedra Partida","Belo Horizonte","BH","https://commons.wikimedia.org/wiki/Category:Pedra Redonda (Monte Verde)","true","false"
"55311bce-bc86-42c0-895d-b9b465d9b7ac","Estátua de Castelo Branco","Belo Horizonte","BH","https://commons.wikimedia.org/wiki/File:Estatua Castelo Branco Barroso-MG.jpg","true","false"
"afb71eec-a552-4fbc-aa34-797cce882cec","Estátua da Liberdade da Havan","Belo Horizonte","BH","https://commons.wikimedia.org/wiki/File:Havan_estátua_Araçatuba.jpg","true","false"
"5eba3225-cacb-4ce7-9b13-16758d7259f4","Monumento em Homenagem aos Militares do 4º RCD Mortos no Cumprimento do Dever","Belo Horizonte","BH","https://commons.wikimedia.org/wiki/File:Monumento_em_Homenagem_aos_Militares_do_4º_RCD_Mortos_no_Cumprimento_do_Dever.png","true","false"
"65fb3361-55f0-477f-bbff-6550aaa0f98d","Arma de Engenharia","Belo Horizonte","BH","https://commons.wikimedia.org/wiki/File:Bote_de_Fibra_da_Portada_Leve_M2.jpg","true","false"
"0e317e9c-9695-4602-876a-7fc4a401cab2","Busto do General Plínio Pitaluga","Belo Horizonte","BH","https://commons.wikimedia.org/wiki/File:Busto_do_General_Plínio_Pitaluga.jpg","true","false"
"65a770d6-700a-4929-aa97-d94dadf8a50e","Frei Orlando","Belo Horizonte","BH","https://commons.wikimedia.org/wiki/File:Busto_Frei_Orlando_na_ESA.jpg","true","false"
"c428cae3-b850-4087-a8de-fc8834d991bf","Busto de Antônio Viol","Belo Horizonte","BH","https://commons.wikimedia.org/wiki/File:Monumento a Antonio Viol em Araçatuba.jpg","true","false"
"b5027e12-1d62-45c1-9133-97e42bbee185","Monumento à Mãe Mineira","Belo Horizonte","BH","https://commons.wikimedia.org/wiki/Category:Mãe Mineira","true","false"
"802137cc-78f3-4154-be74-eedce9f26f3b","Morro da Providência","Belo Horizonte","BH","https://commons.wikimedia.org/wiki/Category:Morro do Livramento","true","false"
"ffbe9db2-50e3-4a19-9b51-ea5d0d71f867","Deusa das Águas","Belo Horizonte","BH","https://commons.wikimedia.org/wiki/Category:A Deusa das Águas","true","false"