title,city,possible_phone,url,service_guess,score
Plus Orlando Rent a Car,Orlando,+1 (407) 906-5566,https://instagram.com/plusorlando_rentacar,Car Rental,10
Omega Rental Car,Orlando,(407) 915-1984,https://instagram.com/omegarentalcar_,Car Rental,10
Chumbinho Florida Cars,Orlando,+1 (321) 217-4344,https://instagram.com/chumbinhofloridacars,Car Rental,10
Go USA Rental Car,Orlando/Miami,+1 774-622-7714,https://instagram.com/gousarentalcar,Car Rental,10
Reserve Car,Orlando/Miami,+1 774-622-7714,https://instagram.com/reservecar_,Car Rental,10
Route66 Rental Car,Orlando,+1 (407) 575-2908,https://instagram.com/route66rentalcar,Car Rental,10
Lev Rental Car,Orlando,+55 11 98995-5242,https://instagram.com/levrentalcar,Car Rental,10
Orlando Rent Car (Ofuiclear),Orlando/Miami,+55 21 96531-7966,https://instagram.com/ofuiclear,Car Rental,10
Zeus Rental Car,Orlando,+1 667-802-9836,https://instagram.com/zeusrentalcar,Car Rental,10
Transfer Car Brasil,Orlando,+55 81 99818-8006,https://instagram.com/transfercar_brasil,Car Rental,10
Florida Rental Car,Orlando,+1 407-744-2457,https://instagram.com/floridarentalcar,Car Rental,10
Fast Fleet Orlando,Orlando,+1 689-220-4100,https://instagram.com/fastfleetorlando,Car Rental,10
Aluguel de Carro Orlando,Orlando,+1 689-210-9284,https://instagram.com/alugueldecarro_orlando,Car Rental,10
Travel One Rent a Car,Orlando,Link na Bio,https://instagram.com/travelonerentacar,Car Rental,9
Moov Rental Car,Orlando,Link na Bio,https://instagram.com/moov_rentalcar,Car Rental,9
JMC Rent a Car,Orlando,Link na Bio,https://instagram.com/jmcrentacar,Car Rental,9
TH Rent-A-Car,Miami,Link na Bio,https://instagram.com/threntacar,Car Rental,9
Nilson do Vale,Miami,Link na Bio,https://instagram.com/nilson.dovale,Car Rental,9
Fla Invest Business,Miami/Orlando,689-345-2240,https://instagram.com/fla_invest_business,Car Rental,10
World Strollers (Cars),Orlando,(407) 621-1084,https://instagram.com/world_strollers,Car Rental,10
Up Rent a Car,Orlando,Link na Bio,https://instagram.com/uprentacar,Car Rental,9
Miami Carro,Miami,Link na Bio,https://instagram.com/miamicarro,Car Rental,9
Carro Florida,Miami,305-970-3518,https://instagram.com/carroflorida,Car Rental,10
Seven Car Rental Orlando,Orlando,+1 407 607 1994,https://facebook.com/sevencarrentalorlando,Car Rental,10
Crivelaro Rentals Cars,Orlando,(689) 305-7140,https://facebook.com/Crivelaro-Rentals-Cars,Car Rental,10
Alugue Comigo Orlando,Orlando/Miami,Link na Bio,https://instagram.com/aluguecomigoorlando,Car Rental,9
Aluguel Carros Fácil,Orlando,+1 267-423-1842,Facebook Group Ad,Car Rental,8
YOOU Rent a Car,Orlando,Link na Bio,https://instagram.com/yoourentacar,Car Rental,9
SG Rentals,Miami/Orlando,Link na Bio,https://instagram.com/sg.rentals,Car Rental,9
Todah Service,Miami,+1 954-892-4910,https://instagram.com/todahservice,Car Rental,10
Bex Rental Car,Orlando/Miami,Link na Bio,https://www.instagram.com/bexrentalcar/,Car Rental,10
João Bravo Oficial,Orlando,Link na Bio,https://www.instagram.com/joaobravooficial/,Car Rental,10
Snap Rental Car,Orlando,Link na Bio,https://www.instagram.com/srentalcar/,Car Rental,10
Ricardo Reis Orlando,Orlando,Link na Bio,https://www.instagram.com/ricardoreis_orlando/,Car Rental,10
Luiz na América,Orlando,+1 (689) 345-2240,https://www.instagram.com/luiznaamerica/,Car Rental,10
Go Way Rental Car,Miami/Orlando,+1 (954) 907-2596,https://www.instagram.com/gowayrentalcar/,Car Rental,10
Turo na Prática,Orlando,Link na Bio,https://www.instagram.com/turonapratica/,Car Rental,9
Smart Vacation Experience,Orlando,+55 (31) 99365-0111,https://www.instagram.com/smart_vacation_experience/,Car Rental,10
Road Florida Rent a Car,Orlando,Link na Bio,https://www.instagram.com/roadfloridarentacar/,Car Rental,10
Jorge Durian,Orlando,Link na Bio,https://www.instagram.com/jorgedurianoficial/,Car Rental,10
Kito Mansano,Orlando/Miami,Link na Bio,https://www.instagram.com/kitomansano/,Car Rental,10
América Rental Car,Orlando,Link na Bio,https://www.instagram.com/americarentalcar/,Car Rental,10
Niftour Orlando,Orlando,Link na Bio,https://www.instagram.com/niftour/,Car Rental,10
Victor Nocci,Orlando,Direct,https://www.instagram.com/victor.nocci/,Car Rental,9
GS Car Rental,Orlando/Miami,Messenger,https://www.facebook.com/gscarrental/,Car Rental,8
Eagle Car Rental,Miami,Link na Bio,https://www.instagram.com/eaglecarrental/,Car Rental,9
Florida Speed Rent a Car,Orlando,Link na Bio,https://www.instagram.com/floridaspeedrentacar/,Car Rental,10
Vou de Carro Orlando,Orlando,Link na Bio,https://www.instagram.com/voudecarroorlando/,Car Rental,10
Orlando Star Car,Orlando,Link na Bio,https://www.instagram.com/orlandostarcar/,Car Rental,10
Top Florida Rentals,Miami/Orlando,Link na Bio,https://www.instagram.com/topfloridarentals/,Car Rental,10
