name,lat,lng,category,religion,denomination,address,city,country,website,description
Igreja Adventista do Sétimo Dia - Abrantes,39.46398179,-8.20314546,amenity=place_of_worship,christian,seventh_day_adventist,"Av. Defensores de Chaves, 23, 2200-301 Abrantes",Abrantes,Portugal,https://www.adventistas.org.pt/abrantes,Igreja Adventista do Sétimo Dia em Abrantes. Horários: Sábado 10:00 | Terça 20:00
Igreja Adventista do Sétimo Dia - Albufeira,37.09026,-8.19643,amenity=place_of_worship,christian,seventh_day_adventist,"Caminho do Monte, Urb. Noémia Brito da Mana, Lt. B, Loja E - Torre da Medronheira, 8200-639 Albufeira",Albufeira,Portugal,https://www.adventistas.org.pt/albufeira,Igreja Adventista do Sétimo Dia em Albufeira. Horários: Sábado 10:00 | Quarta 20:00 Domingo 20:00
Igreja Adventista do Sétimo Dia - Alcanena,39.46071,-8.66137,amenity=place_of_worship,christian,seventh_day_adventist,"Rua do Monte Branco, nº 33 ou Apartado 117, 2380-057 Alcanena",Alcanena,Portugal,https://www.adventistas.org.pt/alcanena,Igreja Adventista do Sétimo Dia em Alcanena. Horários: Sábado 15:30
Igreja Adventista do Sétimo Dia - Almada,38.67521,-9.16199,amenity=place_of_worship,christian,seventh_day_adventist,"Rua da Liberdade, 33 A, 2800-155 Almada",Almada,Portugal,https://www.adventistas.org.pt/almada,Igreja Adventista do Sétimo Dia em Almada. Horários: Sábado 10:00 | Terça 20:00
Igreja Adventista do Sétimo Dia - Almeirim,39.20509,-8.62287,amenity=place_of_worship,christian,seventh_day_adventist,"Rua Augusto do Carmo Ribeiro, 13 R/C, 2080-063 Almeirim",Almeirim,Portugal,https://www.adventistas.org.pt/almeirim,Igreja Adventista do Sétimo Dia em Almeirim. Horários: Sábado 10:00
Igreja Adventista do Sétimo Dia - Alpendurada,41.09291,-8.24612,amenity=place_of_worship,christian,seventh_day_adventist,"Rua de Lamas, nº160, 4575-028 Alpendurada e Matos",Alpendurada e Matos,Portugal,https://www.adventistas.org.pt/alpendurada,Igreja Adventista do Sétimo Dia em Alpendurada e Matos. Horários: Sábado 10:00 | Segunda 20:00 (Hora de Inverno) 20:30 (Hora de Verão)
Igreja Adventista do Sétimo Dia - Amadora,38.75712,-9.24008,amenity=place_of_worship,christian,seventh_day_adventist,"Rua 1º de Maio, 27 A, 2700-677 Amadora",Amadora,Portugal,https://www.iasdamadora.org,Igreja Adventista do Sétimo Dia em Amadora. Horários: Sábado 10:00 | Quarta 16:00 e 20:30
Igreja Adventista do Sétimo Dia - Angra do Heroísmo,38.65765,-27.21382,amenity=place_of_worship,christian,seventh_day_adventist,"Rua da Guarita, 43 C, 9700-096 Angra do Heroísmo",Angra do Heroísmo,Portugal,https://www.adventistas.org.pt/angradoheroismo,Igreja Adventista do Sétimo Dia em Angra do Heroísmo. Horários: Sábado 10:00 | Quarta 20:00 (na ig. da Praia da Vitória)
Igreja Adventista do Sétimo Dia - Arcos de Valdevez,41.84486,-8.4219,amenity=place_of_worship,christian,seventh_day_adventist,"Edifício de S. Bento, R/C - Largo de S. Bento, 4970-435 Arcos de Valdevez",Arcos de Valdevez,Portugal,https://www.adventistas.org.pt/arcosdevaldevez,Igreja Adventista do Sétimo Dia em Arcos de Valdevez. Horários: Sábado 10:00 | Terça 20:00
Igreja Adventista do Sétimo Dia - Arganil,40.21685,-8.05392,amenity=place_of_worship,christian,seventh_day_adventist,"Rua Armando Nogueira de Carvalho, 3, 3300-030 Arganil",Arganil,Portugal,https://www.adventistas.org.pt/arganil,Igreja Adventista do Sétimo Dia em Arganil. Horários: Sábado 10:00 | Terça 19:30 (inverno) 20:30 (verão)
Igreja Adventista do Sétimo Dia - Atalaia do Campo,40.05313,-7.44267,amenity=place_of_worship,christian,seventh_day_adventist,"Rua da Igreja Adventista, 6230-130 Atalaia do Campo",Atalaia do Campo,Portugal,https://www.adventistas.org.pt/atalaiadocampo,Igreja Adventista do Sétimo Dia em Atalaia do Campo. Horários: Sábado 10:00 | Quarta 20:00
Igreja Adventista do Sétimo Dia - Atalaia do Gavião,39.45448,-7.87338,amenity=place_of_worship,christian,seventh_day_adventist,"Rua da Amieira, 16, 6040-011 Atalaia GAV",Atalaia GAV,Portugal,https://www.adventistas.org.pt/atalaiadogaviao,Igreja Adventista do Sétimo Dia em Atalaia GAV. Horários: Sábado 10:00
Igreja Adventista do Sétimo Dia - Aveiro,40.64356,-8.61465,amenity=place_of_worship,christian,seventh_day_adventist,"Praceta Mário Nascimento, nº 20, Quinta da Bela Vista - Esgueira, 3800-395 Aveiro",Aveiro,Portugal,https://iasdaveiro.pt/,Igreja Adventista do Sétimo Dia em Aveiro. Horários: Sábado 9:45 | Terça 20:30
Igreja Adventista do Sétimo Dia - Avintes,41.10105,-8.54993,amenity=place_of_worship,christian,seventh_day_adventist,"Rua de Agras, 133, 4430-759 Avintes",Avintes,Portugal,https://www.iasdavintes.pt,Igreja Adventista do Sétimo Dia em Avintes. Horários: Sábado 10:00 | Quarta 20:30
Igreja Adventista do Sétimo Dia - Baixa da Banheira - Vila Chã,38.65451,-9.04553,amenity=place_of_worship,christian,seventh_day_adventist,"Rua Augusto Gil, 26-A, 2835-123 Baixa da Banheira",Baixa da Banheira,Portugal,https://www.adventistas.org.pt/baixadabanheiravilacha,Igreja Adventista do Sétimo Dia em Baixa da Banheira. Horários: Sábado 9:30 | Quarta 20:00
Igreja Adventista do Sétimo Dia - Barreiro,38.65603,-9.07322,amenity=place_of_worship,christian,seventh_day_adventist,"Rua Júlio Diniz, 16 – Verderena, 2830-287 Barreiro",Barreiro,Portugal,https://www.iasdbarreiro.net,Igreja Adventista do Sétimo Dia em Barreiro. Horários: Sábado 9:45 | Terça 20:00
Igreja Adventista do Sétimo Dia - Beja,38.01181,-7.86175,amenity=place_of_worship,christian,seventh_day_adventist,"Rua do Canal, 29 R/C, 7800-483 Beja",Beja,Portugal,https://www.adventistas.org.pt/beja,Igreja Adventista do Sétimo Dia em Beja. Horários: Sábado 10:00 | Quarta 20:00
Igreja Adventista do Sétimo Dia - Benavente,38.98398,-8.81261,amenity=place_of_worship,christian,seventh_day_adventist,"Rua do Pinheiro, nº 2, 2130-045 Benavente",Benavente,Portugal,https://www.adventistas.org.pt/benavente,Igreja Adventista do Sétimo Dia em Benavente. Horários: Sábado 09:30 | Quarta 19:30
Igreja Adventista do Sétimo Dia - Braga,41.53453,-8.416080000000001,amenity=place_of_worship,christian,seventh_day_adventist,"Rua da Cruz Vermelha, 6 - Agrinha Nogueira, 4715-176 Braga",Braga,Portugal,https://www.adventistas.org.pt/braga,Igreja Adventista do Sétimo Dia em Braga. Horários: Sábado 10:00 | Quarta 20:00
Igreja Adventista do Sétimo Dia - Bragança,41.7975205,-6.76303405,amenity=place_of_worship,christian,seventh_day_adventist,"Rua Alameda Santa Apolónia, nº 54 – R/c Dtº, 5300-114 Bragança",Bragança,Portugal,https://www.adventistas.org.pt/braganca,Igreja Adventista do Sétimo Dia em Bragança. Horários: Sábado 10:00
Igreja Adventista do Sétimo Dia - Brandoa,38.78003,-9.23109,amenity=place_of_worship,christian,seventh_day_adventist,"Rua Doutora Madalena Perdigão, nº 23 – Serra da Mira, 2650-284 Amadora",Amadora,Portugal,https://www.adventistas.org.pt/brandoa,Igreja Adventista do Sétimo Dia em Amadora. Horários: Sábado 10:00 | Quarta 20:00 | Domingo 18:00
Igreja Adventista do Sétimo Dia - Cacém,38.77693,-9.28143,amenity=place_of_worship,christian,seventh_day_adventist,"Praceta Rui das Neves Machado, nº 2, Loja 3, 2735-190 Agualva – Cacém",Agualva – Cacém,Portugal,https://www.adventistas.org.pt/cacem,Igreja Adventista do Sétimo Dia em Agualva – Cacém. Horários: Sábado 10:00 | Terça 20:00 | Domingo 19:00
Igreja Adventista do Sétimo Dia - Caldas da Rainha,39.39977,-9.14436,amenity=place_of_worship,christian,seventh_day_adventist,"Rua Carlos Garrido, 1, 2500-071 Caldas da Rainha",Caldas da Rainha,Portugal,https://www.adventistas.org.pt/caldasdarainha,Igreja Adventista do Sétimo Dia em Caldas da Rainha. Horários: Sábado 09:45 |Quarta 20:30
Igreja Adventista do Sétimo Dia - Camarate,38.802319,-9.144466,amenity=place_of_worship,christian,seventh_day_adventist,"Praceta dos Palmares, Lote 1, r/c frente, Bairro de Fetais, 2680-158 Camarate",Camarate,Portugal,https://www.adventistas.org.pt/camarate,Igreja Adventista do Sétimo Dia em Camarate. Horários: Sábado 10h30 | Terça 20h00
Igreja Adventista do Sétimo Dia - Canelas,41.0811,-8.60015,amenity=place_of_worship,christian,seventh_day_adventist,"Rua Delfim de Lima, 2068 – Apartado 515, 4411-701 Canelas VNG",Canelas VNG,Portugal,https://www.iasdcanelas.org,Igreja Adventista do Sétimo Dia em Canelas VNG. Horários: Sábado 09:45 | Quarta 21:00 (verão) 20:30 (inverno)
Igreja Adventista do Sétimo Dia - Caniço,32.65861,-16.82422,amenity=place_of_worship,christian,seventh_day_adventist,"Rua Pedreira, 2 – Assomada, 9125-132 Caniço",Caniço,Portugal,https://www.adventistas.org.pt/canico,Igreja Adventista do Sétimo Dia em Caniço. Horários: Sábado 10:00 | Quarta 20:00
Igreja Adventista do Sétimo Dia - CAOD,41.12031,-8.57978,amenity=place_of_worship,christian,seventh_day_adventist,"Rua do Jorgim, 166 - Oliveira do Douro, 4430-436 Vila Nova de Gaia",Vila Nova de Gaia,Portugal,https://www.adventistas.org.pt/caod,Igreja Adventista do Sétimo Dia em Vila Nova de Gaia. Horários: Sábado 10:00 | Terça 19:30 (crianças) 20:00 (igreja/adultos)
Igreja Adventista do Sétimo Dia - Carregal do Sal,40.43015,-8.00621,amenity=place_of_worship,christian,seventh_day_adventist,"Rua Dr. Francisco Sá Carneiro, 11 C, 3430-048 Carregal do Sal",Carregal do Sal,Portugal,https://www.adventistas.org.pt/carregaldosal,Igreja Adventista do Sétimo Dia em Carregal do Sal. Horários: Sábado 09:45 |Terça 20:00 (inverno) 20:30 (verão)
Igreja Adventista do Sétimo Dia - Casal de Cambra,38.80436,-9.22988,amenity=place_of_worship,christian,seventh_day_adventist,"Av. de Timor, nº 5 A, 2605-874 Casal de Cambra",Casal de Cambra,Portugal,https://www.adventistas.org.pt/casaldecambra,Igreja Adventista do Sétimo Dia em Casal de Cambra. Horários: Sábado 10:00 | Quarta 20:00 | Domingo 19:00
Igreja Adventista do Sétimo Dia - Cascais,38.69657,-9.42598,amenity=place_of_worship,christian,seventh_day_adventist,"Rua Marquês das Minas, 3, 2750-433 Cascais",Cascais,Portugal,https://www.adventistas.org.pt/cascais,Igreja Adventista do Sétimo Dia em Cascais. Horários: Sábado 9:30 e 12:00 | Quarta 20:00
Igreja Adventista do Sétimo Dia - Castelo Branco,39.82367,-7.4857,amenity=place_of_worship,christian,seventh_day_adventist,"Quinta Amieiro de Cima, Lt. 40 R/C Esqº, 6000-130 Castelo Branco",Castelo Branco,Portugal,https://www.adventistas.org.pt/castelobranco,Igreja Adventista do Sétimo Dia em Castelo Branco. Horários: Sábado 10:00 | Terça 19:30
Igreja Adventista do Sétimo Dia - Chaves,41.74342,-7.4741800000000005,amenity=place_of_worship,christian,seventh_day_adventist,"Rua Alferes João Baptista, Edifício Nova Era, Bloco 1 Loja 8, 5400-317 Chaves",Chaves,Portugal,https://www.adventistas.org.pt/chaves,Igreja Adventista do Sétimo Dia em Chaves. Horários: Sábado 10:00 | Quarta 20:00
Igreja Adventista do Sétimo Dia - Coimbra,40.20879,-8.41383,amenity=place_of_worship,christian,seventh_day_adventist,"Rua Teixeira de Carvalho, 22, 3000-396 Coimbra",Coimbra,Portugal,https://www.iasdcoimbra.tv,Igreja Adventista do Sétimo Dia em Coimbra. Horários: Sábado 09:30 | Quarta 20:30
Igreja Adventista do Sétimo Dia - Comenda,39.39544,-7.78518,amenity=place_of_worship,christian,seventh_day_adventist,"Rua da Fonte Velha, 6040-041 Comenda",Comenda,Portugal,https://www.adventistas.org.pt/comenda,Igreja Adventista do Sétimo Dia em Comenda. Horários: Sábado 10:00 | Quarta 19:00
Igreja Adventista do Sétimo Dia - Corroios,38.64328,-9.15792,amenity=place_of_worship,christian,seventh_day_adventist,"Rua Cidade Porto de Amélia, 8 – Quinta de S. Nicolau, 2855-069 Corroios",Corroios,Portugal,https://www.adventistas.org.pt/corroios,Igreja Adventista do Sétimo Dia em Corroios. Horários: Sábado 09:30 | Segunda 20:30 | Quarta 20:30
Igreja Adventista do Sétimo Dia - Elvas,38.87512,-7.17222,amenity=place_of_worship,christian,seventh_day_adventist,"Cidade Jardim, Torre 2 – Praceta dos Descobrimentos, 7350-110 Elvas",Elvas,Portugal,https://www.adventistas.org.pt/elvas,Igreja Adventista do Sétimo Dia em Elvas. Horários: Sábado 10:00 | Terça 20:00
Igreja Adventista do Sétimo Dia - Entroncamento,39.46423,-8.46783,amenity=place_of_worship,christian,seventh_day_adventist,"Rua 5 de Outubro, 73, 2330-095 Entroncamento",Entroncamento,Portugal,https://www.adventistas.org.pt/entroncamento,Igreja Adventista do Sétimo Dia em Entroncamento. Horários: Sábado 10:00 | Terça 20:00
Igreja Adventista do Sétimo Dia - Ermesinde,41.21046,-8.56255,amenity=place_of_worship,christian,seventh_day_adventist,"Rua Rodrigues de Freitas, 74, 4445-628 Ermesinde",Ermesinde,Portugal,https://www.adventistas.org.pt/ermesinde,Igreja Adventista do Sétimo Dia em Ermesinde. Horários: Sábado 10:00 | Quarta 20:30
Igreja Adventista do Sétimo Dia - Espinho,41.00429,-8.63711,amenity=place_of_worship,christian,seventh_day_adventist,"Rua 26, nº 1035, 4500-285 Espinho",Espinho,Portugal,http://www.iasdespinho.pt/,Igreja Adventista do Sétimo Dia em Espinho. Horários: Sábado 10:00 | Quarta 20:30 | Domingo 18:00
Igreja Adventista do Sétimo Dia - Évora,38.54657,-7.91798,amenity=place_of_worship,christian,seventh_day_adventist,"Rua da Cortiça, 18, 7005-353 Évora",Évora,Portugal,https://www.adventistas.org.pt/vora,Igreja Adventista do Sétimo Dia em Évora. Horários: Sábado 9:30-11:30 | Quarta 20:30
Igreja Adventista do Sétimo Dia - Fafe,41.45300857,-8.1640451,amenity=place_of_worship,christian,seventh_day_adventist,"R. António Sérgio, 47 , 4820-256 Fafe",Fafe,Portugal,,Igreja Adventista do Sétimo Dia em Fafe.
Igreja Adventista do Sétimo Dia - Faro,37.02618906,-7.93309122,amenity=place_of_worship,christian,seventh_day_adventist,"Avenida Calouste Gulbenkian, 16, 8000-072 Faro",Faro,Portugal,https://www.adventistas.org.pt/faro,Igreja Adventista do Sétimo Dia em Faro. Horários: Sábado 09h45 | Quarta 20h00
Igreja Adventista do Sétimo Dia - Fetais,38.41166692,-28.07193736,amenity=place_of_worship,christian,seventh_day_adventist,"Estrada Regional – Fetais da Calheta de Nesquim, 9930-053 Lajes do Pico",Lajes do Pico,Portugal,https://www.adventistas.org.pt/fetais,Igreja Adventista do Sétimo Dia em Lajes do Pico. Horários: Sábado 10:00 | Quarta 20:00
Igreja Adventista do Sétimo Dia - Figueira da Foz,40.15183,-8.84938,amenity=place_of_worship,christian,seventh_day_adventist,"Rua Bartolomeu Dias, 95 (junto ao Quartel), 3080-046 Figueira da Foz",Figueira da Foz,Portugal,https://www.adventistas.org.pt/figueiradafoz,Igreja Adventista do Sétimo Dia em Figueira da Foz. Horários: Sábado 10:00 | Quarta 20:00
Igreja Adventista do Sétimo Dia - Funchal,32.65055,-16.90144,amenity=place_of_worship,christian,seventh_day_adventist,"Rua Conde Carvalhal, 6 A, 9060-011 Funchal",Funchal,Portugal,https://iasdfunchal.xadow.info,Igreja Adventista do Sétimo Dia em Funchal. Horários: Sábado 10:00 | Quarta 20:00
Igreja Adventista do Sétimo Dia - Fundão,40.13825,-7.50545,amenity=place_of_worship,christian,seventh_day_adventist,"Av. Monsenhor Santos Carreto, Ltº 27 R/C, 6230-292 Fundão",Fundão,Portugal,https://www.adventistas.org.pt/fundao,Igreja Adventista do Sétimo Dia em Fundão. Horários: Sábado 10:00 | Quarta 19:00
Igreja Adventista do Sétimo Dia - Gândara dos Olivais,39.77244,-8.8275,amenity=place_of_worship,christian,seventh_day_adventist,"Rua Vítor Cordeiro, Lt. 8, 223 R/C Esq., Urbanização do Brejo – Gândara dos Olivais, 2415-650 Leiria",Leiria,Portugal,https://www.adventistas.org.pt/gandaradosolivais,Igreja Adventista do Sétimo Dia em Leiria. Horários: Sábado 10:00 | Terça 20:30
Igreja Adventista do Sétimo Dia - Guarda,40.55588,-7.24357,amenity=place_of_worship,christian,seventh_day_adventist,"Rua do Pina, 24 R/C – Guarda Gare, 6300-847 Guarda",Guarda,Portugal,https://www.adventistas.org.pt/guarda,Igreja Adventista do Sétimo Dia em Guarda. Horários: Sábado 10:00
Igreja Adventista do Sétimo Dia - Guimarães,41.43631,-8.29426,amenity=place_of_worship,christian,seventh_day_adventist,"Rua Paulo VI, nº 221 - Urgezes, 4810-508 Guimarães",Guimarães,Portugal,https://www.adventistas.org.pt/guimaraes,Igreja Adventista do Sétimo Dia em Guimarães. Horários: Sábado 10:00 | Terça 20:30
Igreja Adventista do Sétimo Dia - Horta,38.53541,-28.627580000000002,amenity=place_of_worship,christian,seventh_day_adventist,"Rua Dr. Melo e Simas, N.º5, 9900-127 Horta - Açores",Horta - Açores,Portugal,https://www.adventistas.org.pt/horta,Igreja Adventista do Sétimo Dia em Horta - Açores. Horários: Sábado 10:00 | Quarta 20:00
Igreja Adventista do Sétimo Dia - Lagoa,37.13582,-8.44884,amenity=place_of_worship,christian,seventh_day_adventist,"Igreja Adventista do 7º Dia - Lagoas do Cardo (junto à Sociedade Columbófila), 8400-380 Lagoa",Lagoa,Portugal,https://www.adventistas.org.pt/lagoa,Igreja Adventista do Sétimo Dia em Lagoa. Horários: Sábado 10:00 | Quarta 20:00
Igreja Adventista do Sétimo Dia - Lagos,37.10307,-8.6742,amenity=place_of_worship,christian,seventh_day_adventist,"Rua dos Camachinhos, 5 A, 8600-725 Lagos",Lagos,Portugal,https://www.adventistas.org.pt/lagos,Igreja Adventista do Sétimo Dia em Lagos. Horários: Sábado: 10:00 | Quarta: Inverno 19:00 / Verão 20:00
Igreja Adventista do Sétimo Dia - Leiria,39.72684,-8.80903,amenity=place_of_worship,christian,seventh_day_adventist,"Rua Padre Lino António, Lt. 42 R/C, Lugar da Cruz da Areia - Ap. 1063, 2410-055 Leiria",Leiria,Portugal,https://www.adventistas.org.pt/leiria,Igreja Adventista do Sétimo Dia em Leiria. Horários: Sábado 09:45 | Quarta 20:30
Igreja Adventista do Sétimo Dia - Lisboa/Alvalade,38.75595,-9.1435,amenity=place_of_worship,christian,seventh_day_adventist,"Rua Acácio Paiva, 29, 1700-004 Lisboa",Lisboa,Portugal,https://www.adventistas.org.pt/lisboaalvalade,Igreja Adventista do Sétimo Dia em Lisboa. Horários: Sábado 1º culto 09:00 2º culto 12:00 | Terça 15:00 e 19:30
Igreja Adventista do Sétimo Dia - Lisboa/Central,38.72758,-9.14124,amenity=place_of_worship,christian,seventh_day_adventist,"Rua Joaquim Bonifácio, 17, 1150-195 Lisboa",Lisboa,Portugal,https://www.iasdcentral.pt,Igreja Adventista do Sétimo Dia em Lisboa. Horários: Sábado 09:45 | Quarta 15:00 e 19:30 | Domingo 18:30
Igreja Adventista do Sétimo Dia - Lisboa/Roçadas,38.72597,-9.1282,amenity=place_of_worship,christian,seventh_day_adventist,"Av. General Roçadas, 36 A e B, 1170-163 Lisboa",Lisboa,Portugal,https://iasdlxrocadas.pt/,Igreja Adventista do Sétimo Dia em Lisboa. Horários: Sábado 10:00 | Quarta 20:00
Igreja Adventista do Sétimo Dia - Marinha Grande,39.75146327,-8.93222345,amenity=place_of_worship,christian,seventh_day_adventist,"Rua das Flores, 13C, 2430-269 Marinha Grande",Marinha Grande,Portugal,,Igreja Adventista do Sétimo Dia em Marinha Grande.
Igreja Adventista do Sétimo Dia - Matosinhos,41.18068,-8.68763,amenity=place_of_worship,christian,seventh_day_adventist,"Rua D. João I, 130, 4450-161 Matosinhos",Matosinhos,Portugal,https://www.adventistas.org.pt/matosinhos,Igreja Adventista do Sétimo Dia em Matosinhos. Horários: Sábado 10:00 | Terça 20:30
Igreja Adventista do Sétimo Dia - Mirandela,41.48288,-7.18861,amenity=place_of_worship,christian,seventh_day_adventist,"Rua Professor Pintor Gil Teixeira Lopes, 36, 5370-474 Mirandela",Mirandela,Portugal,https://www.adventistas.org.pt/mirandela,Igreja Adventista do Sétimo Dia em Mirandela. Horários: Sábado 09:30 | Quarta 20:00
Igreja Adventista do Sétimo Dia - Moinho do Torrão,39.35048,-7.90052,amenity=place_of_worship,christian,seventh_day_adventist,"Monte dos Pereiros, 6040-071 Margem",Margem,Portugal,https://www.adventistas.org.pt/moinhodotorrao,Igreja Adventista do Sétimo Dia em Margem. Horários: Sábado 10:00 | Terça 15:30
Igreja Adventista do Sétimo Dia - Moura,38.13944,-7.45494,amenity=place_of_worship,christian,seventh_day_adventist,"Rua Roque Antunes, 10 R/C Esq., 7860-183 Moura",Moura,Portugal,https://www.adventistas.org.pt/moura,Igreja Adventista do Sétimo Dia em Moura. Horários: Sábado 10:00 | Quarta 20:00
Igreja Adventista do Sétimo Dia - Nisa,39.51594,-7.64758,amenity=place_of_worship,christian,seventh_day_adventist,"Rua Júlio Basso, 1, 6050-315 Nisa",Nisa,Portugal,https://www.adventistas.org.pt/nisa,Igreja Adventista do Sétimo Dia em Nisa. Horários: Sábado 10:00
Igreja Adventista do Sétimo Dia - Odivelas,38.79312,-9.17654,amenity=place_of_worship,christian,seventh_day_adventist,"Rua José Malhoa, 16 A (à R. Egas Moniz), 2675-396 Odivelas",Odivelas,Portugal,https://www.adventistas.org.pt/odivelas,Igreja Adventista do Sétimo Dia em Odivelas. Horários: Sábado 9:30 - 11:00 | Sábado 11:30 - 13:00 | Quarta 20:00
Igreja Adventista do Sétimo Dia - Oliveira de Azeméis,40.8365,-8.47975,amenity=place_of_worship,christian,seventh_day_adventist,"Rua Manuel Brandão, 110, 3720-252 Oliveira de Azeméis",Oliveira de Azeméis,Portugal,https://www.adventistas.org.pt/oliveiradeazemeis,Igreja Adventista do Sétimo Dia em Oliveira de Azeméis. Horários: Sábado 10:00 | Terça 19:00
Igreja Adventista do Sétimo Dia - Oliveira do Douro,41.12483,-8.57754,amenity=place_of_worship,christian,seventh_day_adventist,"Rua Dr. Gaspar da Costa Leite, 395 - Oliveira do Douro, 4430-387 Vila Nova de Gaia",Vila Nova de Gaia,Portugal,https://www.adventistas.org.pt/oliveiradodouro,Igreja Adventista do Sétimo Dia em Vila Nova de Gaia. Horários: Sábado 10:00 | Terça 20:30
Igreja Adventista do Sétimo Dia - Oliveira do Hospital,40.36096,-7.85379,amenity=place_of_worship,christian,seventh_day_adventist,"Av. Calouste Gulbenkian, nº 7 B R/C, 3400-161 Oliveira do Hospital",Oliveira do Hospital,Portugal,https://www.adventistas.org.pt/oliveiradohospital,Igreja Adventista do Sétimo Dia em Oliveira do Hospital. Horários: Sábado 10:00 | Quarta 20:00
Igreja Adventista do Sétimo Dia - Paivas,38.61827,-9.11852,amenity=place_of_worship,christian,seventh_day_adventist,"Praça Eça de Queiroz, nº 7 R/C – Paivas, 2845-344 Amora",Amora,Portugal,https://www.adventistas.org.pt/paivas,Igreja Adventista do Sétimo Dia em Amora. Horários: Sábado 09:45 | Terça 20:30
Igreja Adventista do Sétimo Dia - Penafiel,41.207323,-8.28113255,amenity=place_of_worship,christian,seventh_day_adventist,"Avenida Soares de Moura, 80, 4560-493 Penafiel",Penafiel,Portugal,https://www.adventistas.org.pt/penafiel,Igreja Adventista do Sétimo Dia em Penafiel. Horários: Sábado 15:30
Igreja Adventista do Sétimo Dia - Penela,40.02224,-8.33444,amenity=place_of_worship,christian,seventh_day_adventist,"Serra de Sta Maria, 3230-055 Espinhal",Espinhal,Portugal,https://www.adventistas.org.pt/penela,Igreja Adventista do Sétimo Dia em Espinhal. Horários: Sábado 10:00 | Terça 19:30 | Sexta 19:30
Igreja Adventista do Sétimo Dia - Peniche,39.3582375,-9.38479479,amenity=place_of_worship,christian,seventh_day_adventist,"Rua Vale Verde, nº 1, 2520-491 Peniche",Peniche,Portugal,https://www.adventistas.org.pt/peniche,Igreja Adventista do Sétimo Dia em Peniche. Horários: Sábado 10:00 | Quarta 20:00 (via zoom)
Igreja Adventista do Sétimo Dia - Pinhal Novo,38.62852,-8.91465,amenity=place_of_worship,christian,seventh_day_adventist,"Rua Mouzinho de Albuquerque, 35 B, 2955-210 Pinhal Novo",Pinhal Novo,Portugal,https://www.adventistas.org.pt/pinhalnovo,Igreja Adventista do Sétimo Dia em Pinhal Novo. Horários: Sábado 10:00 | Terça 20:00
Igreja Adventista do Sétimo Dia - Pombal,39.9108,-8.62905,amenity=place_of_worship,christian,seventh_day_adventist,"Rua Albergaria dos Doze, nº 39 R/c Esq., 3100-456 Pombal",Pombal,Portugal,https://www.adventistas.org.pt/pombal,Igreja Adventista do Sétimo Dia em Pombal. Horários: Sábado 10:00 | Terça 20:30 (verão) 20:00 (inverno)
Igreja Adventista do Sétimo Dia - Ponta Delgada,37.74516,-25.66973,amenity=place_of_worship,christian,seventh_day_adventist,"Rua de Sant’Anna, 72 – Matriz, 9500-108 Ponta Delgada",Ponta Delgada,Portugal,https://www.adventistas.org.pt/pontadelgada,Igreja Adventista do Sétimo Dia em Ponta Delgada. Horários: Sábado 10:00 | Terça 19:15
Igreja Adventista do Sétimo Dia - Ponte de Sôr,39.25311,-8.01038,amenity=place_of_worship,christian,seventh_day_adventist,"Rua João Pedro de Andrade, 6, 7400-264 Ponte de Sôr",Ponte de Sôr,Portugal,https://www.adventistas.org.pt/pontedesor,Igreja Adventista do Sétimo Dia em Ponte de Sôr. Horários: Sábado 10:00 | Terça 20:00 (verão) 19:00 (inverno)
Igreja Adventista do Sétimo Dia - Portalegre,39.29028,-7.43385,amenity=place_of_worship,christian,seventh_day_adventist,"Rua 1º de Maio, 103, 7300-205 Portalegre",Portalegre,Portugal,https://www.adventistas.org.pt/portalegre,Igreja Adventista do Sétimo Dia em Portalegre. Horários: Sábado 10:00 | Terça 20:00
Igreja Adventista do Sétimo Dia - Portimão,37.12938,-8.53966,amenity=place_of_worship,christian,seventh_day_adventist,"Rua das Oliveiras, 49 – Bairro do Pontal, 8500-601 Portimão",Portimão,Portugal,https://www.adventistas.org.pt/portimao,Igreja Adventista do Sétimo Dia em Portimão. Horários: Sábado 10:00 | Quarta 20:00
Igreja Adventista do Sétimo Dia - Portimão Leste,37.15055311,-8.54744704,amenity=place_of_worship,christian,seventh_day_adventist,"Tv. dos Bairros 23, 8500-426 Portimão, 8500-426 Portimão",Portimão,Portugal,https://www.adventistas.org.pt/portimaoleste,Igreja Adventista do Sétimo Dia em Portimão.
Igreja Adventista do Sétimo Dia - Porto,41.14723,-8.5968,amenity=place_of_worship,christian,seventh_day_adventist,"Rua Ferreira Cardoso, 103, 4300-198 Porto",Porto,Portugal,https://www.adventistas.org.pt/porto,Igreja Adventista do Sétimo Dia em Porto. Horários: Sábado 09:45 | Terça 15:00 e 20:30
Igreja Adventista do Sétimo Dia - Porto Santo,33.06125,-16.33451,amenity=place_of_worship,christian,seventh_day_adventist,"Sítio da Vila - Rua Dr. Pedro Lomelino, 3 B, 9400-163 Porto Santo",Porto Santo,Portugal,https://www.adventistas.org.pt/portosanto,Igreja Adventista do Sétimo Dia em Porto Santo. Horários: Sábado 10:00 | Quarta 20:00
Igreja Adventista do Sétimo Dia - Póvoa de St.ª Iria,38.85630214,-9.07089981,amenity=place_of_worship,christian,seventh_day_adventist,"Praceta Jaime Cortesão, nº 1 – Quinta da Piedade, 2625-170 Póvoa de Santa Iria",Póvoa de Santa Iria,Portugal,https://www.adventistas.org.pt/povoadestiria,Igreja Adventista do Sétimo Dia em Póvoa de Santa Iria. Horários: Sábado 09:45 | Quarta 20:30
Igreja Adventista do Sétimo Dia - Póvoa de St.º Adrião,38.80263,-9.16662,amenity=place_of_worship,christian,seventh_day_adventist,"Rua dos Malmequeres, 27 C/v - Casal do Privilégio, 2620-406 Póvoa de Santo Adrião",Póvoa de Santo Adrião,Portugal,https://www.adventistas.org.pt/povoadestadriao,Igreja Adventista do Sétimo Dia em Póvoa de Santo Adrião. Horários: Sábado 10:00 | Quarta 20:00
Igreja Adventista do Sétimo Dia - Quarteira,37.06883222,-8.10592916,amenity=place_of_worship,christian,seventh_day_adventist,"Rua Gil Eanes, 13, 8125-220 Quarteira",Quarteira,Portugal,https://www.adventistas.org.pt/quarteira,Igreja Adventista do Sétimo Dia em Quarteira. Horários: Sábado 10:00 | Quarta 20:00
Igreja Adventista do Sétimo Dia - Queluz,38.76362,-9.25883,amenity=place_of_worship,christian,seventh_day_adventist,"Av. General Humberto Delgado, 19 – Monte Abraão, 2745-280 Queluz",Queluz,Portugal,https://www.adventistas.org.pt/queluz,Igreja Adventista do Sétimo Dia em Queluz. Horários: Sábado 10:00
Igreja Adventista do Sétimo Dia - Reboleira,38.75563,-9.24341,amenity=place_of_worship,christian,seventh_day_adventist,"Rua Dona Filipa de Lencastre, 53 A, 2700-263 Amadora",Amadora,Portugal,https://www.adventistas.org.pt/reboleira,Igreja Adventista do Sétimo Dia em Amadora. Horários: Sábado 10:00 | Quarta 20:00 | Domingo 19:00
Igreja Adventista do Sétimo Dia - Ribeira de Nisa,39.32604,-7.41813,amenity=place_of_worship,christian,seventh_day_adventist,"Av. do Estacal, 34 – Monte Carvalho, 7300-430 Ribeira de Nisa",Ribeira de Nisa,Portugal,https://www.adventistas.org.pt/ribeiradenisa,Igreja Adventista do Sétimo Dia em Ribeira de Nisa. Horários: Sábado 10:00 | Quarta 20:00
Igreja Adventista do Sétimo Dia - Rio Maior,39.31676,-8.92057,amenity=place_of_worship,christian,seventh_day_adventist,"Zona Industrial, Lt 17, 2040-357 Rio Maior",Rio Maior,Portugal,https://www.adventistas.org.pt/riomaior,Igreja Adventista do Sétimo Dia em Rio Maior. Horários: Sábado 10:00 | Domingo 19:00
Igreja Adventista do Sétimo Dia - Sacavém,38.80004,-9.11786,amenity=place_of_worship,christian,seventh_day_adventist,"Urbanização Terraços da Ponte – Quinta do Mocho, Lt. 42, 2685-119 Sacavém",Sacavém,Portugal,https://www.adventistas.org.pt/sacavem,Igreja Adventista do Sétimo Dia em Sacavém. Horários: Sábado 09:30 | Quarta 20:00 | Domingo 8:00 | Sexta 20:00
Igreja Adventista do Sétimo Dia - Salvaterra de Magos,39.02971,-8.79524,amenity=place_of_worship,christian,seventh_day_adventist,"Av. José Luís Brito Seabra, 97-99, 2120-051 Salvaterra de Magos",Salvaterra de Magos,Portugal,https://www.adventistas.org.pt/salvaterrademagos,Igreja Adventista do Sétimo Dia em Salvaterra de Magos. Horários: Sábado 10:00 | Quarta 20:30
Igreja Adventista do Sétimo Dia - Sangalhos,40.49043,-8.47068,amenity=place_of_worship,christian,seventh_day_adventist,"Rua da Corredoura, 327, 3780-125 Sangalhos",Sangalhos,Portugal,https://www.adventistas.org.pt/sangalhos,Igreja Adventista do Sétimo Dia em Sangalhos. Horários: Sábado 09:45 | Quarta 20:00
Igreja Adventista do Sétimo Dia - Santa Maria da Feira,40.93195,-8.534,amenity=place_of_worship,christian,seventh_day_adventist,"Igreja Adventista do 7º Dia, Rua da Circunvalação, 4520-196 Santa Maria da Feira",Santa Maria da Feira,Portugal,https://www.adventistas.org.pt/santamariadafeira,Igreja Adventista do Sétimo Dia em Santa Maria da Feira. Horários: Sábado 10:00 | Terça 20:30
Igreja Adventista do Sétimo Dia - Santana,40.21778,-8.75431,amenity=place_of_worship,christian,seventh_day_adventist,"Casal Oliveiras, 3090-771 Santana FIG",Santana FIG,Portugal,https://www.adventistas.org.pt/santana,Igreja Adventista do Sétimo Dia em Santana FIG. Horários: Sábado 10:00 | Quinta 21:00 (verão) 20:30 (inverno)
Igreja Adventista do Sétimo Dia - Santarém,39.2457,-8.68601,amenity=place_of_worship,christian,seventh_day_adventist,"Bairro 1º de Julho – Vale de Estacas, 2005-496 Santarém",Santarém,Portugal,https://www.iasdsantarem.pt/,Igreja Adventista do Sétimo Dia em Santarém. Horários: Sábado 10:00 | Terça 20:00 (zoom)
Igreja Adventista do Sétimo Dia - Santo André,38.06346,-8.78137,amenity=place_of_worship,christian,seventh_day_adventist,"Bairro das Panteras Cor de Rosa, Bl. C - 3/2 R/C Dtº B, 7500-140 Vila Nova de Santo André",Vila Nova de Santo André,Portugal,https://www.adventistas.org.pt/santoandre,Igreja Adventista do Sétimo Dia em Vila Nova de Santo André. Horários: Sábado 10:00
Igreja Adventista do Sétimo Dia - São João da Ribeira,39.28163,-8.86288,amenity=place_of_worship,christian,seventh_day_adventist,"Cabeça Gorda (Rio Maior), 2040-452 São João da Ribeira",São João da Ribeira,Portugal,https://www.adventistas.org.pt/saojoaodaribeira,Igreja Adventista do Sétimo Dia em São João da Ribeira. Horários: Sábado 10:00 | Terça 20:00
Igreja Adventista do Sétimo Dia - São Jorge,39.6205,-8.85346,amenity=place_of_worship,christian,seventh_day_adventist,"Rua das Faínhas, 8 - Cabeceiras - S. Jorge, 2480-054 Calvaria de Cima",Calvaria de Cima,Portugal,https://www.adventistas.org.pt/saojorge,Igreja Adventista do Sétimo Dia em Calvaria de Cima. Horários: Sábado 10:00 | Quarta 20:30
Igreja Adventista do Sétimo Dia - São Mateus,41.38581,-8.40212,amenity=place_of_worship,christian,seventh_day_adventist,"Rua de Pocinhos, 151, 4765-703 Oliveira (São Mateus)",Oliveira (São Mateus),Portugal,https://www.adventistas.org.pt/saomateus,Igreja Adventista do Sétimo Dia em Oliveira (São Mateus). Horários: Sábado 10:00 | Quarta 20:30
Igreja Adventista do Sétimo Dia - São Roque do Pico,38.52985104,-28.32430317,amenity=place_of_worship,christian,seventh_day_adventist,"Rua do Poço, 34, 9940-361 São Roque do Pico Cais do Pico",Cais do Pico,Portugal,https://www.adventistas.org.pt/saoroquedopico,Igreja Adventista do Sétimo Dia em Cais do Pico. Horários: Sábado 10:00 | Quarta 19:00
Igreja Adventista do Sétimo Dia - Sernancelhe,40.89700356,-7.49569401,amenity=place_of_worship,christian,seventh_day_adventist,"Av. Tílias 34, 3640-240 Sernancelhe Sernancelhe",Sernancelhe,Portugal,https://www.adventistas.org.pt/sernancelhe,Igreja Adventista do Sétimo Dia em Sernancelhe. Horários: Contactar Pastor
Igreja Adventista do Sétimo Dia - Serpins,40.14031,-8.20214,amenity=place_of_worship,christian,seventh_day_adventist,"Cruzamento do Vale Figueira – Lousã, 3200-354 Serpins",Serpins,Portugal,https://www.adventistas.org.pt/serpins,Igreja Adventista do Sétimo Dia em Serpins. Horários: Sábado 09:45 | Quarta 20:30
Igreja Adventista do Sétimo Dia - Sertã,39.80907,-8.09691,amenity=place_of_worship,christian,seventh_day_adventist,"Rua dos Defensores da Pátria, nº 28, 6100-757 Sertã",Sertã,Portugal,https://www.adventistas.org.pt/serta,Igreja Adventista do Sétimo Dia em Sertã. Horários: Sábados 09:30 | Quarta 18:30
Igreja Adventista do Sétimo Dia - Setúbal,38.52661,-8.88801,amenity=place_of_worship,christian,seventh_day_adventist,"Rua Latino Coelho, 8, 2900-105 Setúbal",Setúbal,Portugal,https://www.adventistas.org.pt/setubal,Igreja Adventista do Sétimo Dia em Setúbal. Horários: Sábado 09:45 | Quarta 20:30
Igreja Adventista do Sétimo Dia - Sintra,38.80347,-9.37957,amenity=place_of_worship,christian,seventh_day_adventist,"Av. Gen. José Estevão de Morais Sarmento, 10, 2710-583 Sintra",Sintra,Portugal,https://www.adventistas.org.pt/sintra,Igreja Adventista do Sétimo Dia em Sintra. Horários: Sábado 10:00 | Terça 20:30
Igreja Adventista do Sétimo Dia - Tomar,39.59702,-8.40902,amenity=place_of_worship,christian,seventh_day_adventist,"Avenida Nuno Álvares Pereira, 93 C, 2300-532 Tomar",Tomar,Portugal,https://www.adventistas.org.pt/tomar,Igreja Adventista do Sétimo Dia em Tomar. Horários: Sábado 10:00 | Quarta 20:00 | Domingo 20:00
Igreja Adventista do Sétimo Dia - Torres Vedras,39.09423855,-9.25934664,amenity=place_of_worship,christian,seventh_day_adventist,"Rua Dias Neiva, n°12, Loja A, 2560-319 Torres Vedras",Torres Vedras,Portugal,https://www.adventistas.org.pt/torresvedras,Igreja Adventista do Sétimo Dia em Torres Vedras. Horários: Sábado 10:00 | Quarta 20:00
Igreja Adventista do Sétimo Dia - Touregas,40.186,-8.47077,amenity=place_of_worship,christian,seventh_day_adventist,"Travessa Nossa Senhora da Memória, Espírito Santo das Touregas – Antanhol, 3045-098 Coimbra",Coimbra,Portugal,https://www.adventistas.org.pt/touregas,Igreja Adventista do Sétimo Dia em Coimbra. Horários: Sábado 10:00 | Quinta 20:30
Igreja Adventista do Sétimo Dia - Vale Queimado,39.02354,-8.74746,amenity=place_of_worship,christian,seventh_day_adventist,"Rua Florbela Espanca, nº 1 – Vale Queimado, 2120-114 Salvaterra de Magos",Salvaterra de Magos,Portugal,https://www.adventistas.org.pt/valequeimado,Igreja Adventista do Sétimo Dia em Salvaterra de Magos. Horários: Sábado 10:00 | Quarta 17:00 (inverno) 18:00 (verão)
Igreja Adventista do Sétimo Dia - Valença,42.02308326,-8.64434985,amenity=place_of_worship,christian,seventh_day_adventist,"Av. Sá Carneiro, Loja 19, Edificio Europa, 4930-587 Valença",Valença,Portugal,https://www.adventistas.org.pt/valenca,Igreja Adventista do Sétimo Dia em Valença.
Igreja Adventista do Sétimo Dia - Viana do Castelo,41.70135,-8.82672,amenity=place_of_worship,christian,seventh_day_adventist,"Largo Manuel Couto Viana, 11, L 7, 4900-299 Viana do Castelo",Viana do Castelo,Portugal,https://www.adventistas.org.pt/vianadocastelo,Igreja Adventista do Sétimo Dia em Viana do Castelo. Horários: Sábado 10:00 | Quarta 19:30 (Hora de Inverno) 20h00 (Hora de Verão)
Igreja Adventista do Sétimo Dia - Vila do Conde,41.35313,-8.75135,amenity=place_of_worship,christian,seventh_day_adventist,"Rua da Independência da Guiné, 221, 4480-755 Vila do Conde",Vila do Conde,Portugal,https://www.adventistas.org.pt/viladoconde,Igreja Adventista do Sétimo Dia em Vila do Conde. Horários: Sábado 10:00 | Quarta 20:30 (inverno) 21:00 (verão)
Igreja Adventista do Sétimo Dia - Vila Franca de Xira,38.95666,-8.98827,amenity=place_of_worship,christian,seventh_day_adventist,"Rua Noel Perdigão, 23A, 2600-218 Vila Franca de Xira",Vila Franca de Xira,Portugal,https://www.adventistas.org.pt/vilafrancadexira,Igreja Adventista do Sétimo Dia em Vila Franca de Xira. Horários: Sábado 10:00 | 11h15 Culto de Adoração e Louvor | Terça 20:30
Igreja Adventista do Sétimo Dia - Vila Nova de Gaia,41.12029,-8.60956,amenity=place_of_worship,christian,seventh_day_adventist,"Rua Soares dos Reis, 287, 4400-316 Vila Nova de Gaia",Vila Nova de Gaia,Portugal,https://www.adventistas.org.pt/vilanovadegaia,Igreja Adventista do Sétimo Dia em Vila Nova de Gaia. Horários: Sábado 09:45 | Quarta 20:00 (Hora de Inverno) 20h30 (Hora de Verão)
Igreja Adventista do Sétimo Dia - Vila Nova de Monsarros,40.41446,-8.39766,amenity=place_of_worship,christian,seventh_day_adventist,"Rua Além Rio, 3780-566 Vila Nova de Monsarros",Vila Nova de Monsarros,Portugal,https://igrejaadventistavnm.net,Igreja Adventista do Sétimo Dia em Vila Nova de Monsarros. Horários: Sábado 09:45 | Terça 20:30
Igreja Adventista do Sétimo Dia - Vila Real,41.30943,-7.7245,amenity=place_of_worship,christian,seventh_day_adventist,"R. do Boque – Timpeira (junto ao Intermarché), 5000-717 Vila Real",Vila Real,Portugal,https://www.adventistas.org.pt/vilareal,Igreja Adventista do Sétimo Dia em Vila Real. Horários: Sábado 10:00 | Terça 19:00 (inverno) 20:30 (verão)
Igreja Adventista do Sétimo Dia - Vila Real de Santo António,37.19234232,-7.4199033199999995,amenity=place_of_worship,christian,seventh_day_adventist,"Rua dos Combatentes da Grande Guerra, Bl. 14, Porta 2, 8900-285 Vila Real de Santo António",Vila Real de Santo António,Portugal,https://www.adventistas.org.pt/vilarealdesantoantonio,Igreja Adventista do Sétimo Dia em Vila Real de Santo António. Horários: Sábado 10:00 | Terça 20:00
Igreja Adventista do Sétimo Dia - Vila Verde,41.65046293,-8.43700083,amenity=place_of_worship,christian,seventh_day_adventist,"Avenida Professor Machado Vilela, 70, 4730-180 Vila Verde",Vila Verde,Portugal,https://www.adventistas.org.pt/vilaverde,Igreja Adventista do Sétimo Dia em Vila Verde.
Igreja Adventista do Sétimo Dia - Viseu,40.66266,-7.91248,amenity=place_of_worship,christian,seventh_day_adventist,"Rua Ponte de Pau, nº 1, 3510-100 Viseu",Viseu,Portugal,https://www.adventistas.org.pt/viseu,Igreja Adventista do Sétimo Dia em Viseu. Horários: Sábado 10:00 | Quarta 20:00 (Inverno) 20:30 (verão)
